event_name,location_city,date,player_team,opponent,map,kd,plus_minus,rating,location_openaq,co,no,no2,nox,o3,pm10,pm25,so2,weather_code,temperature_2m_max,apparent_temperature_max,apparent_temperature_min,sunrise,sunset,daylight_duration,sunshine_duration,rain_sum,snowfall_sum,precipitation_sum,precipitation_hours,wind_speed_10m_max,wind_gusts_10m_max,wind_direction_10m_dominant,shortwave_radiation_sum,et0_fao_evapotranspiration,apparent_temperature_mean,cloud_cover_mean,cloud_cover_max,cloud_cover_min,dew_point_2m_min,dew_point_2m_max,dew_point_2m_mean,et0_fao_evapotranspiration_sum,relative_humidity_2m_mean,relative_humidity_2m_max,relative_humidity_2m_min,snowfall_water_equivalent_sum,pressure_msl_mean,pressure_msl_max,pressure_msl_min,surface_pressure_mean,surface_pressure_max,surface_pressure_min,wind_gusts_10m_mean,wind_speed_10m_mean,wind_gusts_10m_min,wind_speed_10m_min,wet_bulb_temperature_2m_mean,wet_bulb_temperature_2m_max,wet_bulb_temperature_2m_min,vapour_pressure_deficit_max,temperature_2m_min,temperature_2m_mean,elevation
BLAST Bounty 2025 Season 1 Finals,Copenhagen,2025-01-24,Vitality,Eternal Fire,anb,12 - 15,-3,0.8,"""Copenhagen/1259""",182.0,,7.38,,54.4,,,,51.0,6.7,1.7371898,-2.1993394,1970-01-01T00:00:00+00:00,1970-01-01T00:00:00+00:00,29486.82,0.0,1.6000001,0.0,1.6000001,6.0,35.662262,72.36,197.69153,1.3,0.5220661,-0.9173746,97.708336,100.0,61.0,1.1,5.2,2.8520834,0.5220661,88.16848,91.40266,84.76818,0.0,1001.21674,1003.7,997.7,999.49457,1001.96747,995.9903,53.55,26.932758,37.44,20.219378,3.4854622,5.602051,1.8742905,0.13274896,3.1,4.6437497,14.0
BLAST Bounty 2025 Season 1 Finals,Copenhagen,2025-01-24,Vitality,Eternal Fire,mrg,20 - 17,3,1.32,"""Copenhagen/1259""",182.0,,7.38,,54.4,,,,51.0,6.7,1.7371898,-2.1993394,1970-01-01T00:00:00+00:00,1970-01-01T00:00:00+00:00,29486.82,0.0,1.6000001,0.0,1.6000001,6.0,35.662262,72.36,197.69153,1.3,0.5220661,-0.9173746,97.708336,100.0,61.0,1.1,5.2,2.8520834,0.5220661,88.16848,91.40266,84.76818,0.0,1001.21674,1003.7,997.7,999.49457,1001.96747,995.9903,53.55,26.932758,37.44,20.219378,3.4854622,5.602051,1.8742905,0.13274896,3.1,4.6437497,14.0
BLAST Bounty 2025 Season 2 Finals,Valletta,2025-08-15,Vitality,Liquid,nuke,30 - 21,9,1.34,Zejtun Station,,,15.7,,52.6,34.9,23.8,0.089,0.0,32.8,38.66556,29.56971,1970-01-01T00:00:00+00:00,1970-01-01T00:00:00+00:00,48661.176,45134.465,0.0,0.0,0.0,0.0,8.350138,25.919998,327.90872,25.28,5.322654,33.164757,0.6666667,11.0,0.0,20.8,24.7,22.997917,5.322654,76.21485,96.48591,50.419464,0.0,1014.6958,1016.0,1013.6,1009.07465,1010.4329,1007.9955,16.965,5.5215983,7.92,2.968636,24.487291,24.916151,23.800987,2.463979,24.65,28.045832,49.0
BLAST Bounty 2025 Season 2 Finals,Valletta,2025-08-15,Vitality,Liquid,trn,25 - 17,8,1.13,Zejtun Station,,,15.7,,52.6,34.9,23.8,0.089,0.0,32.8,38.66556,29.56971,1970-01-01T00:00:00+00:00,1970-01-01T00:00:00+00:00,48661.176,45134.465,0.0,0.0,0.0,0.0,8.350138,25.919998,327.90872,25.28,5.322654,33.164757,0.6666667,11.0,0.0,20.8,24.7,22.997917,5.322654,76.21485,96.48591,50.419464,0.0,1014.6958,1016.0,1013.6,1009.07465,1010.4329,1007.9955,16.965,5.5215983,7.92,2.968636,24.487291,24.916151,23.800987,2.463979,24.65,28.045832,49.0
BLAST Bounty 2025 Season 2 Finals,Valletta,2025-08-16,Vitality,The MongolZ,inf,17 - 16,1,0.96,Zejtun Station,,,18.4,,91.4,36.8,25.4,0.0894,2.0,31.75,36.336773,28.297798,1970-01-01T00:00:00+00:00,1970-01-01T00:00:00+00:00,48543.48,44306.74,0.0,0.0,0.0,0.0,9.746631,30.960001,152.48811,24.35,5.2499943,31.78142,24.708334,79.0,0.0,18.85,24.3,21.358335,5.2499943,70.88305,95.616455,48.076763,0.0,1011.9333,1013.6,1010.4,1006.3201,1007.929,1004.81134,17.88,5.6020694,3.6,1.4399999,23.310965,24.504433,22.503101,2.3847778,23.45,27.65625,49.0
BLAST Bounty 2025 Season 2 Finals,Valletta,2025-08-16,Vitality,The MongolZ,mrg,15 - 13,2,1.13,Zejtun Station,,,18.4,,91.4,36.8,25.4,0.0894,2.0,31.75,36.336773,28.297798,1970-01-01T00:00:00+00:00,1970-01-01T00:00:00+00:00,48543.48,44306.74,0.0,0.0,0.0,0.0,9.746631,30.960001,152.48811,24.35,5.2499943,31.78142,24.708334,79.0,0.0,18.85,24.3,21.358335,5.2499943,70.88305,95.616455,48.076763,0.0,1011.9333,1013.6,1010.4,1006.3201,1007.929,1004.81134,17.88,5.6020694,3.6,1.4399999,23.310965,24.504433,22.503101,2.3847778,23.45,27.65625,49.0
BLAST Bounty 2026 Season 1 Finals,Valletta,2026-01-23,Vitality,GamerLegion,d2,20 - 13,7,1.35,Msida Station,266.0,,26.6,,,26.5,8.49,0.774,61.0,15.8,12.749741,9.131725,1970-01-01T00:00:00+00:00,1970-01-01T00:00:00+00:00,36661.58,30527.566,5.6,0.0,5.6,11.0,26.733482,57.96,283.92438,10.58,1.9614766,11.250408,55.0,100.0,5.0,9.35,11.7,10.291667,1.9614766,79.176094,90.330284,66.399124,0.0,1004.54584,1009.9,1000.4,998.7082,1004.03186,994.5465,40.574997,18.991005,26.28,12.346741,11.581551,12.156725,10.677805,0.60376716,11.95,13.916667,49.0
BLAST Bounty 2026 Season 1 Finals,Valletta,2026-01-23,Vitality,GamerLegion,inf,15 - 16,-1,1.28,Msida Station,266.0,,26.6,,,26.5,8.49,0.774,61.0,15.8,12.749741,9.131725,1970-01-01T00:00:00+00:00,1970-01-01T00:00:00+00:00,36661.58,30527.566,5.6,0.0,5.6,11.0,26.733482,57.96,283.92438,10.58,1.9614766,11.250408,55.0,100.0,5.0,9.35,11.7,10.291667,1.9614766,79.176094,90.330284,66.399124,0.0,1004.54584,1009.9,1000.4,998.7082,1004.03186,994.5465,40.574997,18.991005,26.28,12.346741,11.581551,12.156725,10.677805,0.60376716,11.95,13.916667,49.0
BLAST Bounty 2026 Season 1 Finals,Valletta,2026-01-24,Vitality,Falcons,anb,19 - 8,11,1.83,Msida Station,243.0,,27.9,,,138.0,31.1,0.841,3.0,18.35,16.364113,11.2759905,1970-01-01T00:00:00+00:00,1970-01-01T00:00:00+00:00,36755.707,35267.727,0.0,0.0,0.0,0.0,27.900581,53.28,191.39085,12.24,2.7799997,13.719829,47.166668,100.0,1.0,8.55,12.35,10.868749,2.7799997,70.4981,76.44087,65.453735,0.0,1008.39166,1010.2,1005.1,1002.57904,1004.4058,999.33185,40.454998,19.365578,27.72,11.919479,12.845982,14.345863,10.591492,0.71047854,13.85,16.260416,49.0
BLAST Bounty 2026 Season 1 Finals,Valletta,2026-01-24,Vitality,Falcons,inf,13 - 17,-4,0.54,Msida Station,243.0,,27.9,,,138.0,31.1,0.841,3.0,18.35,16.364113,11.2759905,1970-01-01T00:00:00+00:00,1970-01-01T00:00:00+00:00,36755.707,35267.727,0.0,0.0,0.0,0.0,27.900581,53.28,191.39085,12.24,2.7799997,13.719829,47.166668,100.0,1.0,8.55,12.35,10.868749,2.7799997,70.4981,76.44087,65.453735,0.0,1008.39166,1010.2,1005.1,1002.57904,1004.4058,999.33185,40.454998,19.365578,27.72,11.919479,12.845982,14.345863,10.591492,0.71047854,13.85,16.260416,49.0
BLAST Bounty 2026 Season 1 Finals,Valletta,2026-01-24,Vitality,Falcons,mrg,5 - 15,-10,0.56,Msida Station,243.0,,27.9,,,138.0,31.1,0.841,3.0,18.35,16.364113,11.2759905,1970-01-01T00:00:00+00:00,1970-01-01T00:00:00+00:00,36755.707,35267.727,0.0,0.0,0.0,0.0,27.900581,53.28,191.39085,12.24,2.7799997,13.719829,47.166668,100.0,1.0,8.55,12.35,10.868749,2.7799997,70.4981,76.44087,65.453735,0.0,1008.39166,1010.2,1005.1,1002.57904,1004.4058,999.33185,40.454998,19.365578,27.72,11.919479,12.845982,14.345863,10.591492,0.71047854,13.85,16.260416,49.0
BLAST Open Lisbon 2025,Copenhagen,2025-03-19,Vitality,Astralis,d2,17 - 8,9,1.57,"""Copenhagen/1259""",167.0,,4.86,,76.9,,,,2.0,8.1,5.4939404,-2.5846984,1970-01-01T00:00:00+00:00,1970-01-01T00:00:00+00:00,43668.695,41249.54,0.0,0.0,0.0,0.0,16.056362,38.16,249.03905,13.83,1.5220851,1.119727,8.708333,74.0,0.0,-1.0,4.25,1.5229164,1.5220851,80.617744,89.133446,68.49869,0.0,1026.0167,1027.1,1024.7,1024.2516,1025.3402,1022.9475,24.974998,11.262537,13.679999,6.4096174,2.800437,5.604599,0.4712224,0.34094858,1.6,4.6270833,14.0
BLAST Open Lisbon 2025,Copenhagen,2025-03-19,Vitality,Astralis,inf,13 - 6,7,1.47,"""Copenhagen/1259""",167.0,,4.86,,76.9,,,,2.0,8.1,5.4939404,-2.5846984,1970-01-01T00:00:00+00:00,1970-01-01T00:00:00+00:00,43668.695,41249.54,0.0,0.0,0.0,0.0,16.056362,38.16,249.03905,13.83,1.5220851,1.119727,8.708333,74.0,0.0,-1.0,4.25,1.5229164,1.5220851,80.617744,89.133446,68.49869,0.0,1026.0167,1027.1,1024.7,1024.2516,1025.3402,1022.9475,24.974998,11.262537,13.679999,6.4096174,2.800437,5.604599,0.4712224,0.34094858,1.6,4.6270833,14.0
BLAST Open Lisbon 2025,Copenhagen,2025-03-21,Vitality,Virtus.pro,anb,19 - 6,13,1.97,"""Copenhagen/1259""",165.0,,6.76,,79.3,,,,0.0,9.9,5.856039,-2.9435747,1970-01-01T00:00:00+00:00,1970-01-01T00:00:00+00:00,44227.727,42321.07,0.0,0.0,0.0,0.0,26.239285,48.6,78.96792,15.03,2.0413516,0.5603271,0.5833333,10.0,0.0,-2.7,2.15,-0.41041672,2.0413516,68.306206,80.95483,55.494152,0.0,1024.1875,1025.5,1022.1,1022.4284,1023.73456,1020.3367,32.564995,15.8276,19.8,10.233123,2.1659172,5.7198925,-0.3447032,0.5438482,1.85,5.0354166,14.0
BLAST Open Lisbon 2025,Copenhagen,2025-03-21,Vitality,Virtus.pro,inf,17 - 12,5,1.39,"""Copenhagen/1259""",165.0,,6.76,,79.3,,,,0.0,9.9,5.856039,-2.9435747,1970-01-01T00:00:00+00:00,1970-01-01T00:00:00+00:00,44227.727,42321.07,0.0,0.0,0.0,0.0,26.239285,48.6,78.96792,15.03,2.0413516,0.5603271,0.5833333,10.0,0.0,-2.7,2.15,-0.41041672,2.0413516,68.306206,80.95483,55.494152,0.0,1024.1875,1025.5,1022.1,1022.4284,1023.73456,1020.3367,32.564995,15.8276,19.8,10.233123,2.1659172,5.7198925,-0.3447032,0.5438482,1.85,5.0354166,14.0
BLAST Open Lisbon 2025,Copenhagen,2025-03-24,Vitality,MOUZ,d2,22 - 14,8,1.76,"""Copenhagen/1259""",74.5,,9.44,,38.0,,,,3.0,8.1,6.5001097,-0.02618885,1970-01-01T00:00:00+00:00,1970-01-01T00:00:00+00:00,45061.785,39670.06,0.0,0.0,0.0,0.0,18.584509,38.519997,136.59106,15.22,1.7008862,2.1697588,32.041668,97.0,0.0,1.45,5.3,2.885417,1.7008862,84.41891,90.93321,78.40315,0.0,1013.66656,1015.3,1011.8,1011.9274,1013.5506,1010.0547,23.91,10.53699,14.04,1.8792552,3.8108194,6.337737,2.3127737,0.22012603,3.65,5.3208337,14.0
BLAST Open Lisbon 2025,Copenhagen,2025-03-24,Vitality,MOUZ,mrg,20 - 14,6,1.36,"""Copenhagen/1259""",74.5,,9.44,,38.0,,,,3.0,8.1,6.5001097,-0.02618885,1970-01-01T00:00:00+00:00,1970-01-01T00:00:00+00:00,45061.785,39670.06,0.0,0.0,0.0,0.0,18.584509,38.519997,136.59106,15.22,1.7008862,2.1697588,32.041668,97.0,0.0,1.45,5.3,2.885417,1.7008862,84.41891,90.93321,78.40315,0.0,1013.66656,1015.3,1011.8,1011.9274,1013.5506,1010.0547,23.91,10.53699,14.04,1.8792552,3.8108194,6.337737,2.3127737,0.22012603,3.65,5.3208337,14.0
BLAST Open Lisbon 2025,Lisbon,2025-03-29,Vitality,Spirit,anb,15 - 11,4,1.54,Alfragide/Amadora,,,,,,,,3.3,0.0,22.5,23.199476,9.590897,1970-01-01T00:00:00+00:00,1970-01-01T00:00:00+00:00,45092.23,43374.305,0.0,0.0,0.0,0.0,14.037692,27.0,21.031248,22.8,4.0110536,15.04646,1.0416666,17.0,0.0,8.75,12.4,10.6625,4.0110536,72.28092,89.984314,51.27617,0.0,1020.71246,1022.9,1018.8,1019.86865,1022.0569,1017.9689,22.89,10.258419,10.440001,5.4744864,12.653623,16.1524,9.512579,1.3276417,10.65,16.016668,7.0
BLAST Open Lisbon 2025,Lisbon,2025-03-29,Vitality,Spirit,mrg,26 - 14,12,1.75,Alfragide/Amadora,,,,,,,,3.3,0.0,22.5,23.199476,9.590897,1970-01-01T00:00:00+00:00,1970-01-01T00:00:00+00:00,45092.23,43374.305,0.0,0.0,0.0,0.0,14.037692,27.0,21.031248,22.8,4.0110536,15.04646,1.0416666,17.0,0.0,8.75,12.4,10.6625,4.0110536,72.28092,89.984314,51.27617,0.0,1020.71246,1022.9,1018.8,1019.86865,1022.0569,1017.9689,22.89,10.258419,10.440001,5.4744864,12.653623,16.1524,9.512579,1.3276417,10.65,16.016668,7.0
BLAST Open Lisbon 2025,Lisbon,2025-03-29,Vitality,Spirit,nuke,12 - 16,-4,1.08,Alfragide/Amadora,,,,,,,,3.3,0.0,22.5,23.199476,9.590897,1970-01-01T00:00:00+00:00,1970-01-01T00:00:00+00:00,45092.23,43374.305,0.0,0.0,0.0,0.0,14.037692,27.0,21.031248,22.8,4.0110536,15.04646,1.0416666,17.0,0.0,8.75,12.4,10.6625,4.0110536,72.28092,89.984314,51.27617,0.0,1020.71246,1022.9,1018.8,1019.86865,1022.0569,1017.9689,22.89,10.258419,10.440001,5.4744864,12.653623,16.1524,9.512579,1.3276417,10.65,16.016668,7.0
BLAST Open Lisbon 2025,Lisbon,2025-03-30,Vitality,MOUZ,d2,19 - 12,7,1.4,Alfragide/Amadora,,,,,,,,3.3,0.0,23.6,22.133915,9.140017,1970-01-01T00:00:00+00:00,1970-01-01T00:00:00+00:00,45241.668,43680.79,0.0,0.0,0.0,0.0,16.674063,37.44,51.620945,23.02,4.5957775,14.89969,0.0,0.0,0.0,5.15,10.75,7.662499,4.5957775,55.682423,70.326675,30.568407,0.0,1018.44586,1020.0,1017.1,1017.6069,1019.1564,1016.2667,27.525,12.454342,10.08,5.414979,11.614521,14.910986,8.645438,2.0053327,12.4,17.008337,7.0
BLAST Open Lisbon 2025,Lisbon,2025-03-30,Vitality,MOUZ,inf,13 - 2,11,2.57,Alfragide/Amadora,,,,,,,,3.3,0.0,23.6,22.133915,9.140017,1970-01-01T00:00:00+00:00,1970-01-01T00:00:00+00:00,45241.668,43680.79,0.0,0.0,0.0,0.0,16.674063,37.44,51.620945,23.02,4.5957775,14.89969,0.0,0.0,0.0,5.15,10.75,7.662499,4.5957775,55.682423,70.326675,30.568407,0.0,1018.44586,1020.0,1017.1,1017.6069,1019.1564,1016.2667,27.525,12.454342,10.08,5.414979,11.614521,14.910986,8.645438,2.0053327,12.4,17.008337,7.0
BLAST Open Lisbon 2025,Lisbon,2025-03-30,Vitality,MOUZ,mrg,12 - 16,-4,0.86,Alfragide/Amadora,,,,,,,,3.3,0.0,23.6,22.133915,9.140017,1970-01-01T00:00:00+00:00,1970-01-01T00:00:00+00:00,45241.668,43680.79,0.0,0.0,0.0,0.0,16.674063,37.44,51.620945,23.02,4.5957775,14.89969,0.0,0.0,0.0,5.15,10.75,7.662499,4.5957775,55.682423,70.326675,30.568407,0.0,1018.44586,1020.0,1017.1,1017.6069,1019.1564,1016.2667,27.525,12.454342,10.08,5.414979,11.614521,14.910986,8.645438,2.0053327,12.4,17.008337,7.0
BLAST Open Lisbon 2025,Lisbon,2025-03-30,Vitality,MOUZ,nuke,21 - 13,8,1.65,Alfragide/Amadora,,,,,,,,3.3,0.0,23.6,22.133915,9.140017,1970-01-01T00:00:00+00:00,1970-01-01T00:00:00+00:00,45241.668,43680.79,0.0,0.0,0.0,0.0,16.674063,37.44,51.620945,23.02,4.5957775,14.89969,0.0,0.0,0.0,5.15,10.75,7.662499,4.5957775,55.682423,70.326675,30.568407,0.0,1018.44586,1020.0,1017.1,1017.6069,1019.1564,1016.2667,27.525,12.454342,10.08,5.414979,11.614521,14.910986,8.645438,2.0053327,12.4,17.008337,7.0
BLAST Open Lisbon 2025,Lisbon,2025-03-30,Vitality,MOUZ,trn,18 - 12,6,1.48,Alfragide/Amadora,,,,,,,,3.3,0.0,23.6,22.133915,9.140017,1970-01-01T00:00:00+00:00,1970-01-01T00:00:00+00:00,45241.668,43680.79,0.0,0.0,0.0,0.0,16.674063,37.44,51.620945,23.02,4.5957775,14.89969,0.0,0.0,0.0,5.15,10.75,7.662499,4.5957775,55.682423,70.326675,30.568407,0.0,1018.44586,1020.0,1017.1,1017.6069,1019.1564,1016.2667,27.525,12.454342,10.08,5.414979,11.614521,14.910986,8.645438,2.0053327,12.4,17.008337,7.0
BLAST Open London 2025 Finals,London,2025-09-06,Vitality,MOUZ,inf,19 - 12,7,1.56,Westminster - Marylebone Road,133.0,,36.0,,30.0,20.2,8.13,1.68,3.0,22.0,20.63632,13.070547,1970-01-01T00:00:00+00:00,1970-01-01T00:00:00+00:00,47647.36,40268.91,0.0,0.0,0.0,0.0,17.571909,42.48,133.90187,17.3,3.3367877,16.932386,82.75,100.0,2.0,10.7,14.4,12.316666,3.3367877,72.315315,90.33747,49.640694,0.0,1018.21674,1022.6,1012.8,1016.305,1020.65857,1010.90027,25.08,10.765826,7.92,4.323748,14.281138,15.834105,12.0781765,1.3238451,13.3,17.714584,16.0
BLAST Open London 2025 Finals,London,2025-09-06,Vitality,MOUZ,mrg,16 - 9,7,1.32,Westminster - Marylebone Road,133.0,,36.0,,30.0,20.2,8.13,1.68,3.0,22.0,20.63632,13.070547,1970-01-01T00:00:00+00:00,1970-01-01T00:00:00+00:00,47647.36,40268.91,0.0,0.0,0.0,0.0,17.571909,42.48,133.90187,17.3,3.3367877,16.932386,82.75,100.0,2.0,10.7,14.4,12.316666,3.3367877,72.315315,90.33747,49.640694,0.0,1018.21674,1022.6,1012.8,1016.305,1020.65857,1010.90027,25.08,10.765826,7.92,4.323748,14.281138,15.834105,12.0781765,1.3238451,13.3,17.714584,16.0
BLAST Open London 2025 Finals,London,2025-09-07,Vitality,G2,d2,9 - 13,-4,1.03,Westminster - Marylebone Road,71.4,,21.2,,35.4,17.1,6.55,1.56,3.0,24.45,25.01573,14.812847,1970-01-01T00:00:00+00:00,1970-01-01T00:00:00+00:00,47416.523,33823.977,0.0,0.0,0.0,0.0,17.965767,42.839996,165.79025,15.66,3.248927,19.026152,63.833332,100.0,3.0,12.05,17.15,14.531251,3.248927,74.20815,88.48572,59.880856,0.0,1009.4666,1012.6,1006.6,1007.58203,1010.6871,1004.7532,30.81,12.893196,18.0,8.019601,16.124573,19.096926,13.552887,1.2296883,15.65,19.3375,16.0
BLAST Open London 2025 Finals,London,2025-09-07,Vitality,G2,inf,17 - 22,-5,0.72,Westminster - Marylebone Road,71.4,,21.2,,35.4,17.1,6.55,1.56,3.0,24.45,25.01573,14.812847,1970-01-01T00:00:00+00:00,1970-01-01T00:00:00+00:00,47416.523,33823.977,0.0,0.0,0.0,0.0,17.965767,42.839996,165.79025,15.66,3.248927,19.026152,63.833332,100.0,3.0,12.05,17.15,14.531251,3.248927,74.20815,88.48572,59.880856,0.0,1009.4666,1012.6,1006.6,1007.58203,1010.6871,1004.7532,30.81,12.893196,18.0,8.019601,16.124573,19.096926,13.552887,1.2296883,15.65,19.3375,16.0
BLAST Open London 2025 Finals,London,2025-09-07,Vitality,G2,mrg,30 - 6,24,2.61,Westminster - Marylebone Road,71.4,,21.2,,35.4,17.1,6.55,1.56,3.0,24.45,25.01573,14.812847,1970-01-01T00:00:00+00:00,1970-01-01T00:00:00+00:00,47416.523,33823.977,0.0,0.0,0.0,0.0,17.965767,42.839996,165.79025,15.66,3.248927,19.026152,63.833332,100.0,3.0,12.05,17.15,14.531251,3.248927,74.20815,88.48572,59.880856,0.0,1009.4666,1012.6,1006.6,1007.58203,1010.6871,1004.7532,30.81,12.893196,18.0,8.019601,16.124573,19.096926,13.552887,1.2296883,15.65,19.3375,16.0
BLAST Open London 2025 Finals,London,2025-09-07,Vitality,G2,ovp,20 - 10,10,1.9,Westminster - Marylebone Road,71.4,,21.2,,35.4,17.1,6.55,1.56,3.0,24.45,25.01573,14.812847,1970-01-01T00:00:00+00:00,1970-01-01T00:00:00+00:00,47416.523,33823.977,0.0,0.0,0.0,0.0,17.965767,42.839996,165.79025,15.66,3.248927,19.026152,63.833332,100.0,3.0,12.05,17.15,14.531251,3.248927,74.20815,88.48572,59.880856,0.0,1009.4666,1012.6,1006.6,1007.58203,1010.6871,1004.7532,30.81,12.893196,18.0,8.019601,16.124573,19.096926,13.552887,1.2296883,15.65,19.3375,16.0
BLAST Open London 2025 Finals,London,2025-09-07,Vitality,G2,trn,11 - 16,-5,0.85,Westminster - Marylebone Road,71.4,,21.2,,35.4,17.1,6.55,1.56,3.0,24.45,25.01573,14.812847,1970-01-01T00:00:00+00:00,1970-01-01T00:00:00+00:00,47416.523,33823.977,0.0,0.0,0.0,0.0,17.965767,42.839996,165.79025,15.66,3.248927,19.026152,63.833332,100.0,3.0,12.05,17.15,14.531251,3.248927,74.20815,88.48572,59.880856,0.0,1009.4666,1012.6,1006.6,1007.58203,1010.6871,1004.7532,30.81,12.893196,18.0,8.019601,16.124573,19.096926,13.552887,1.2296883,15.65,19.3375,16.0
BLAST Open Porto 2026,Copenhagen,2026-08-27,Vitality,Inner Circle,anb,11 - 15,-4,0.93,"""Copenhagen/1259""",58.3,,5.01,,61.3,,,,3.0,20.7,18.75039,12.855381,1970-01-01T00:00:00+00:00,1970-01-01T00:00:00+00:00,51078.926,49732.273,0.0,0.0,0.0,0.0,24.798225,51.12,101.49542,20.21,3.9174042,15.58641,24.458334,84.0,0.0,10.85,13.6,12.235417,3.9174042,71.1562,84.425766,53.78608,0.0,1022.08746,1024.9,1018.0,1020.40875,1023.19946,1016.3278,43.875004,20.31425,30.960001,16.019999,14.244832,14.975512,12.9052105,1.1288298,14.75,17.75625,14.0
BLAST Open Porto 2026,Copenhagen,2026-08-27,Vitality,Inner Circle,cch,16 - 21,-5,0.69,"""Copenhagen/1259""",58.3,,5.01,,61.3,,,,3.0,20.7,18.75039,12.855381,1970-01-01T00:00:00+00:00,1970-01-01T00:00:00+00:00,51078.926,49732.273,0.0,0.0,0.0,0.0,24.798225,51.12,101.49542,20.21,3.9174042,15.58641,24.458334,84.0,0.0,10.85,13.6,12.235417,3.9174042,71.1562,84.425766,53.78608,0.0,1022.08746,1024.9,1018.0,1020.40875,1023.19946,1016.3278,43.875004,20.31425,30.960001,16.019999,14.244832,14.975512,12.9052105,1.1288298,14.75,17.75625,14.0
BLAST Open Rotterdam 2026,Copenhagen,2026-03-19,Vitality,9z,nuke,14 - 7,7,1.57,"""Copenhagen/1259""",246.0,,12.7,,60.3,,,,51.0,10.8,8.751877,0.18592358,1970-01-01T00:00:00+00:00,1970-01-01T00:00:00+00:00,43608.055,17402.3,0.3,0.0,0.3,2.0,12.738099,30.239998,284.8941,8.02,1.1360191,3.4000504,55.166668,100.0,0.0,0.7,6.75,3.6375005,1.1360191,83.29914,92.21056,76.0631,0.0,1025.6416,1029.9,1022.7,1023.8879,1028.1243,1020.9369,19.545,9.777962,15.119999,6.623413,4.6521344,8.3054,1.7929754,0.31057465,3.4,6.2916675,14.0
BLAST Open Rotterdam 2026,Copenhagen,2026-03-19,Vitality,9z,ovp,23 - 8,15,2.38,"""Copenhagen/1259""",246.0,,12.7,,60.3,,,,51.0,10.8,8.751877,0.18592358,1970-01-01T00:00:00+00:00,1970-01-01T00:00:00+00:00,43608.055,17402.3,0.3,0.0,0.3,2.0,12.738099,30.239998,284.8941,8.02,1.1360191,3.4000504,55.166668,100.0,0.0,0.7,6.75,3.6375005,1.1360191,83.29914,92.21056,76.0631,0.0,1025.6416,1029.9,1022.7,1023.8879,1028.1243,1020.9369,19.545,9.777962,15.119999,6.623413,4.6521344,8.3054,1.7929754,0.31057465,3.4,6.2916675,14.0
BLAST Open Rotterdam 2026,Copenhagen,2026-03-21,Vitality,The MongolZ,mrg,19 - 9,10,2.22,"""Copenhagen/1259""",148.0,,8.5,,69.1,,,,3.0,4.85,2.1568322,-1.9586585,1970-01-01T00:00:00+00:00,1970-01-01T00:00:00+00:00,44160.188,31131.217,0.0,0.0,0.0,0.0,14.57889,27.359999,162.15968,13.18,1.2552303,-0.023594797,42.791668,100.0,0.0,-1.2,2.15,0.9104166,1.2552303,87.920204,97.86447,77.39547,0.0,1023.3501,1024.0,1022.9,1021.5779,1022.22534,1021.11804,14.895,5.618149,4.32,2.19718,1.6212746,3.1116052,0.22471762,0.17531717,1.1,2.7666664,14.0
BLAST Open Rotterdam 2026,Copenhagen,2026-03-21,Vitality,The MongolZ,ovp,23 - 14,9,1.42,"""Copenhagen/1259""",148.0,,8.5,,69.1,,,,3.0,4.85,2.1568322,-1.9586585,1970-01-01T00:00:00+00:00,1970-01-01T00:00:00+00:00,44160.188,31131.217,0.0,0.0,0.0,0.0,14.57889,27.359999,162.15968,13.18,1.2552303,-0.023594797,42.791668,100.0,0.0,-1.2,2.15,0.9104166,1.2552303,87.920204,97.86447,77.39547,0.0,1023.3501,1024.0,1022.9,1021.5779,1022.22534,1021.11804,14.895,5.618149,4.32,2.19718,1.6212746,3.1116052,0.22471762,0.17531717,1.1,2.7666664,14.0
BLAST Open Rotterdam 2026,Copenhagen,2026-03-23,Vitality,PARIVISION,mrg,17 - 11,6,1.12,"""Copenhagen/1259""",215.0,,16.4,,62.5,,,,3.0,9.2,7.112726,-0.9130788,1970-01-01T00:00:00+00:00,1970-01-01T00:00:00+00:00,44707.45,33166.785,0.0,0.0,0.0,0.0,11.173057,27.359999,239.20088,11.37,1.3100605,2.3503513,70.833336,100.0,0.0,-0.05,5.65,2.2354167,1.3100605,81.96788,87.96277,72.88152,0.0,1017.73334,1018.7,1016.7,1015.9856,1016.9512,1014.9377,15.75,6.8207,6.4799995,3.1845248,3.361578,7.014929,0.91085434,0.30879563,2.35,5.0833335,14.0
BLAST Open Rotterdam 2026,Rotterdam,2026-03-23,Vitality,PARIVISION,inf,28 - 15,13,1.67,Rotterdam Noord-Statenweg,,,33.8,,34.7,37.0,,,3.0,13.6,11.583451,2.7780352,1970-01-01T00:00:00+00:00,1970-01-01T00:00:00+00:00,44545.137,42050.965,0.0,0.0,0.0,0.0,9.430695,21.599998,301.5077,14.18,1.9430201,6.7012634,87.875,100.0,0.0,3.25,6.9,4.914583,1.9430201,78.04153,92.92136,52.299088,0.0,1019.54175,1021.1,1016.9,1019.2945,1020.85266,1016.65155,15.285,6.0345373,9.0,1.8532133,6.5195622,8.892971,4.25591,0.71545994,5.0,8.810417,2.0
BLAST Open Rotterdam 2026,Rotterdam,2026-03-28,Vitality,Aurora,inf,10 - 8,2,1.03,Rotterdam Noord-Statenweg,,,13.1,,58.0,15.4,,,73.0,8.65,5.398491,1.1651287,1970-01-01T00:00:00+00:00,1970-01-01T00:00:00+00:00,45746.91,41475.03,3.0000002,0.21000001,3.3000002,13.0,18.694021,45.36,301.92337,16.3,2.000054,3.3482933,54.041668,100.0,11.0,-0.35,7.0,3.002083,2.000054,76.6459,97.30085,55.594734,0.3,1020.46246,1025.7,1016.2,1020.2137,1025.448,1015.9527,34.485,14.928796,18.72,10.04458,4.8253603,7.1478977,3.3840437,0.4855848,4.9,7.077083,2.0
BLAST Open Rotterdam 2026,Rotterdam,2026-03-28,Vitality,Aurora,nuke,18 - 10,8,1.83,Rotterdam Noord-Statenweg,,,13.1,,58.0,15.4,,,73.0,8.65,5.398491,1.1651287,1970-01-01T00:00:00+00:00,1970-01-01T00:00:00+00:00,45746.91,41475.03,3.0000002,0.21000001,3.3000002,13.0,18.694021,45.36,301.92337,16.3,2.000054,3.3482933,54.041668,100.0,11.0,-0.35,7.0,3.002083,2.000054,76.6459,97.30085,55.594734,0.3,1020.46246,1025.7,1016.2,1020.2137,1025.448,1015.9527,34.485,14.928796,18.72,10.04458,4.8253603,7.1478977,3.3840437,0.4855848,4.9,7.077083,2.0
BLAST Open Rotterdam 2026,Rotterdam,2026-03-29,Vitality,Natus Vincere,anb,15 - 12,3,1.04,Rotterdam Noord-Statenweg,,,24.3,,40.5,13.6,,,61.0,9.8,5.589323,0.72010756,1970-01-01T00:00:00+00:00,1970-01-01T00:00:00+00:00,45988.812,27403.002,4.7,0.0,4.7,8.0,28.556532,60.120003,246.21259,14.05,2.0335205,2.961933,66.625,100.0,5.0,0.45,6.2,2.5083334,2.0335205,74.34066,88.38595,53.316853,0.0,1025.2544,1029.5,1015.3,1025.0043,1029.2471,1015.0539,36.51,16.403217,12.599999,5.983477,4.52196,7.0049906,2.165183,0.5666472,3.5,7.008333,2.0
BLAST Open Rotterdam 2026,Rotterdam,2026-03-29,Vitality,Natus Vincere,d2,16 - 8,8,1.26,Rotterdam Noord-Statenweg,,,24.3,,40.5,13.6,,,61.0,9.8,5.589323,0.72010756,1970-01-01T00:00:00+00:00,1970-01-01T00:00:00+00:00,45988.812,27403.002,4.7,0.0,4.7,8.0,28.556532,60.120003,246.21259,14.05,2.0335205,2.961933,66.625,100.0,5.0,0.45,6.2,2.5083334,2.0335205,74.34066,88.38595,53.316853,0.0,1025.2544,1029.5,1015.3,1025.0043,1029.2471,1015.0539,36.51,16.403217,12.599999,5.983477,4.52196,7.0049906,2.165183,0.5666472,3.5,7.008333,2.0
BLAST Open Rotterdam 2026,Rotterdam,2026-03-29,Vitality,Natus Vincere,inf,16 - 12,4,1.42,Rotterdam Noord-Statenweg,,,24.3,,40.5,13.6,,,61.0,9.8,5.589323,0.72010756,1970-01-01T00:00:00+00:00,1970-01-01T00:00:00+00:00,45988.812,27403.002,4.7,0.0,4.7,8.0,28.556532,60.120003,246.21259,14.05,2.0335205,2.961933,66.625,100.0,5.0,0.45,6.2,2.5083334,2.0335205,74.34066,88.38595,53.316853,0.0,1025.2544,1029.5,1015.3,1025.0043,1029.2471,1015.0539,36.51,16.403217,12.599999,5.983477,4.52196,7.0049906,2.165183,0.5666472,3.5,7.008333,2.0
BLAST Premier Fall Final 2021,Copenhagen,2021-11-24,Vitality,Liquid,d2,24 - 10,14,1.64,"""Copenhagen/1259""",,,9.22,,61.1,,,,3.0,8.8,5.342018,3.017809,1970-01-01T00:00:00+00:00,1970-01-01T00:00:00+00:00,28049.74,15862.409,0.0,0.0,0.0,0.0,23.708124,41.399998,254.20183,2.6,0.51540136,4.131491,79.208336,100.0,14.0,5.4,6.95,6.131249,0.51540136,89.120155,92.453606,86.663315,0.0,1016.93744,1020.0,1012.2,1015.20807,1018.26294,1010.4782,33.449993,18.616688,28.44,15.315873,6.682798,7.472204,5.882022,0.15032798,6.9,7.8145833,14.0
BLAST Premier Fall Final 2021,Copenhagen,2021-11-24,Vitality,Liquid,mrg,25 - 15,10,1.54,"""Copenhagen/1259""",,,9.22,,61.1,,,,3.0,8.8,5.342018,3.017809,1970-01-01T00:00:00+00:00,1970-01-01T00:00:00+00:00,28049.74,15862.409,0.0,0.0,0.0,0.0,23.708124,41.399998,254.20183,2.6,0.51540136,4.131491,79.208336,100.0,14.0,5.4,6.95,6.131249,0.51540136,89.120155,92.453606,86.663315,0.0,1016.93744,1020.0,1012.2,1015.20807,1018.26294,1010.4782,33.449993,18.616688,28.44,15.315873,6.682798,7.472204,5.882022,0.15032798,6.9,7.8145833,14.0
BLAST Premier Fall Final 2021,Copenhagen,2021-11-25,Vitality,Astralis,d2,24 - 19,5,1.25,"""Copenhagen/1259""",,,10.8,,53.5,,,,53.0,7.35,2.7596188,-0.80015826,1970-01-01T00:00:00+00:00,1970-01-01T00:00:00+00:00,27870.635,0.0,2.6,0.0,2.6,11.0,27.72,49.32,241.4482,0.63,0.54012233,1.1362501,83.916664,100.0,10.0,2.0,5.5,4.1979175,0.54012233,87.37702,93.97089,83.815796,0.0,1002.73334,1011.2,997.1,1001.0179,1009.4776,995.3876,44.550003,24.891565,39.239998,20.63023,4.883867,6.0122843,2.9687042,0.14115709,4.4,6.1416664,14.0
BLAST Premier Fall Final 2021,Copenhagen,2021-11-25,Vitality,Astralis,inf,23 - 13,10,1.53,"""Copenhagen/1259""",,,10.8,,53.5,,,,53.0,7.35,2.7596188,-0.80015826,1970-01-01T00:00:00+00:00,1970-01-01T00:00:00+00:00,27870.635,0.0,2.6,0.0,2.6,11.0,27.72,49.32,241.4482,0.63,0.54012233,1.1362501,83.916664,100.0,10.0,2.0,5.5,4.1979175,0.54012233,87.37702,93.97089,83.815796,0.0,1002.73334,1011.2,997.1,1001.0179,1009.4776,995.3876,44.550003,24.891565,39.239998,20.63023,4.883867,6.0122843,2.9687042,0.14115709,4.4,6.1416664,14.0
BLAST Premier Fall Final 2021,Copenhagen,2021-11-25,Vitality,Astralis,nuke,37 - 21,16,1.45,"""Copenhagen/1259""",,,10.8,,53.5,,,,53.0,7.35,2.7596188,-0.80015826,1970-01-01T00:00:00+00:00,1970-01-01T00:00:00+00:00,27870.635,0.0,2.6,0.0,2.6,11.0,27.72,49.32,241.4482,0.63,0.54012233,1.1362501,83.916664,100.0,10.0,2.0,5.5,4.1979175,0.54012233,87.37702,93.97089,83.815796,0.0,1002.73334,1011.2,997.1,1001.0179,1009.4776,995.3876,44.550003,24.891565,39.239998,20.63023,4.883867,6.0122843,2.9687042,0.14115709,4.4,6.1416664,14.0
BLAST Premier Fall Final 2021,Copenhagen,2021-11-27,Vitality,Natus Vincere,inf,13 - 20,-7,0.84,"""Copenhagen/1259""",,,6.53,,49.6,,,,71.0,3.9,-0.33387542,-1.4826097,1970-01-01T00:00:00+00:00,1970-01-01T00:00:00+00:00,27524.113,7200.0,3.6999996,0.14,3.8999994,12.0,22.691425,41.039997,91.09077,1.7,0.39504135,-0.951884,99.166664,100.0,84.0,0.7,2.6,1.7624999,0.39504135,88.16562,93.83245,79.9134,0.2,993.9458,995.3,992.2,992.22955,993.5816,990.48676,33.449997,18.268133,27.72,15.856356,2.410527,2.911828,2.017086,0.1620884,3.1,3.5479162,14.0
BLAST Premier Fall Final 2021,Copenhagen,2021-11-27,Vitality,Natus Vincere,nuke,15 - 17,-2,1.0,"""Copenhagen/1259""",,,6.53,,49.6,,,,71.0,3.9,-0.33387542,-1.4826097,1970-01-01T00:00:00+00:00,1970-01-01T00:00:00+00:00,27524.113,7200.0,3.6999996,0.14,3.8999994,12.0,22.691425,41.039997,91.09077,1.7,0.39504135,-0.951884,99.166664,100.0,84.0,0.7,2.6,1.7624999,0.39504135,88.16562,93.83245,79.9134,0.2,993.9458,995.3,992.2,992.22955,993.5816,990.48676,33.449997,18.268133,27.72,15.856356,2.410527,2.911828,2.017086,0.1620884,3.1,3.5479162,14.0
BLAST Premier Fall Final 2023,Copenhagen,2023-11-22,Vitality,HEROIC,inf,15 - 10,5,1.25,"""Copenhagen/1259""",164.0,13.8,11.6,,46.0,,,,51.0,6.6,-0.58921194,-5.296513,1970-01-01T00:00:00+00:00,1970-01-01T00:00:00+00:00,28532.203,0.0,0.5,0.0,0.5,5.0,45.372852,75.24,222.76231,1.66,0.8007677,-3.1805732,86.541664,100.0,14.0,-3.25,4.6,-0.61041665,0.8007677,80.001434,92.22868,60.248375,0.0,1022.81665,1029.5,1007.6,1021.04443,1027.703,1005.879,41.309998,24.734724,5.04,3.671294,0.84469575,5.30017,-1.8959463,0.32099104,-1.15,2.6270833,14.0
BLAST Premier Fall Final 2023,Copenhagen,2023-11-22,Vitality,HEROIC,nuke,10 - 11,-1,0.96,"""Copenhagen/1259""",164.0,13.8,11.6,,46.0,,,,51.0,6.6,-0.58921194,-5.296513,1970-01-01T00:00:00+00:00,1970-01-01T00:00:00+00:00,28532.203,0.0,0.5,0.0,0.5,5.0,45.372852,75.24,222.76231,1.66,0.8007677,-3.1805732,86.541664,100.0,14.0,-3.25,4.6,-0.61041665,0.8007677,80.001434,92.22868,60.248375,0.0,1022.81665,1029.5,1007.6,1021.04443,1027.703,1005.879,41.309998,24.734724,5.04,3.671294,0.84469575,5.30017,-1.8959463,0.32099104,-1.15,2.6270833,14.0
BLAST Premier Fall Final 2023,Copenhagen,2023-11-23,Vitality,Complexity,anb,14 - 5,9,2.01,"""Copenhagen/1259""",138.0,4.52,4.09,,72.1,,,,61.0,10.45,4.7178326,-3.0072389,1970-01-01T00:00:00+00:00,1970-01-01T00:00:00+00:00,28334.732,3945.6606,5.9999995,0.0,5.9999995,14.0,43.810684,75.24,275.84903,0.75,0.9684204,1.6522789,72.958336,100.0,0.0,-2.15,8.7,5.602083,0.9684204,83.008934,91.90869,58.86159,0.0,997.5376,1006.2,992.2,995.8445,1004.4915,990.49945,67.770004,39.22098,56.16,32.402,6.71621,9.158398,1.6686211,0.36606848,5.25,8.385417,14.0
BLAST Premier Fall Final 2023,Copenhagen,2023-11-23,Vitality,Complexity,inf,24 - 10,14,2.44,"""Copenhagen/1259""",138.0,4.52,4.09,,72.1,,,,61.0,10.45,4.7178326,-3.0072389,1970-01-01T00:00:00+00:00,1970-01-01T00:00:00+00:00,28334.732,3945.6606,5.9999995,0.0,5.9999995,14.0,43.810684,75.24,275.84903,0.75,0.9684204,1.6522789,72.958336,100.0,0.0,-2.15,8.7,5.602083,0.9684204,83.008934,91.90869,58.86159,0.0,997.5376,1006.2,992.2,995.8445,1004.4915,990.49945,67.770004,39.22098,56.16,32.402,6.71621,9.158398,1.6686211,0.36606848,5.25,8.385417,14.0
BLAST Premier Fall Final 2023,Copenhagen,2023-11-23,Vitality,Complexity,nuke,24 - 21,3,1.12,"""Copenhagen/1259""",138.0,4.52,4.09,,72.1,,,,61.0,10.45,4.7178326,-3.0072389,1970-01-01T00:00:00+00:00,1970-01-01T00:00:00+00:00,28334.732,3945.6606,5.9999995,0.0,5.9999995,14.0,43.810684,75.24,275.84903,0.75,0.9684204,1.6522789,72.958336,100.0,0.0,-2.15,8.7,5.602083,0.9684204,83.008934,91.90869,58.86159,0.0,997.5376,1006.2,992.2,995.8445,1004.4915,990.49945,67.770004,39.22098,56.16,32.402,6.71621,9.158398,1.6686211,0.36606848,5.25,8.385417,14.0
BLAST Premier Fall Final 2023,Copenhagen,2023-11-25,Vitality,Cloud9,inf,21 - 15,6,1.11,"""Copenhagen/1259""",184.0,4.66,4.71,,61.6,,,,51.0,2.8,-1.4177203,-7.6216927,1970-01-01T00:00:00+00:00,1970-01-01T00:00:00+00:00,27952.729,15236.323,0.1,0.0,0.1,1.0,24.821732,42.48,359.45013,2.68,0.78033936,-4.531297,54.041668,100.0,0.0,-9.15,-0.45,-4.297917,0.78033936,70.667274,89.395004,56.260914,0.0,1004.375,1009.9,999.4,1002.62134,1008.1179,997.66766,29.445,16.33366,9.72,5.771239,-1.7684526,0.6348181,-4.821184,0.25431362,-2.4,0.5229168,14.0
BLAST Premier Fall Final 2023,Copenhagen,2023-11-25,Vitality,Cloud9,mrg,26 - 14,12,1.43,"""Copenhagen/1259""",184.0,4.66,4.71,,61.6,,,,51.0,2.8,-1.4177203,-7.6216927,1970-01-01T00:00:00+00:00,1970-01-01T00:00:00+00:00,27952.729,15236.323,0.1,0.0,0.1,1.0,24.821732,42.48,359.45013,2.68,0.78033936,-4.531297,54.041668,100.0,0.0,-9.15,-0.45,-4.297917,0.78033936,70.667274,89.395004,56.260914,0.0,1004.375,1009.9,999.4,1002.62134,1008.1179,997.66766,29.445,16.33366,9.72,5.771239,-1.7684526,0.6348181,-4.821184,0.25431362,-2.4,0.5229168,14.0
BLAST Premier Fall Final 2023,Copenhagen,2023-11-25,Vitality,Cloud9,nuke,15 - 13,2,1.16,"""Copenhagen/1259""",184.0,4.66,4.71,,61.6,,,,51.0,2.8,-1.4177203,-7.6216927,1970-01-01T00:00:00+00:00,1970-01-01T00:00:00+00:00,27952.729,15236.323,0.1,0.0,0.1,1.0,24.821732,42.48,359.45013,2.68,0.78033936,-4.531297,54.041668,100.0,0.0,-9.15,-0.45,-4.297917,0.78033936,70.667274,89.395004,56.260914,0.0,1004.375,1009.9,999.4,1002.62134,1008.1179,997.66766,29.445,16.33366,9.72,5.771239,-1.7684526,0.6348181,-4.821184,0.25431362,-2.4,0.5229168,14.0
BLAST Premier Fall Final 2023,Copenhagen,2023-11-26,Vitality,FaZe,nuke,21 - 13,8,1.28,"""Copenhagen/1259""",270.0,16.7,15.6,,48.4,,,,3.0,1.9,-2.6268415,-7.1200194,1970-01-01T00:00:00+00:00,1970-01-01T00:00:00+00:00,27768.871,26510.262,0.0,0.0,0.0,0.0,15.7908325,25.919998,331.6389,3.26,0.4802946,-4.505607,45.416668,100.0,1.0,-6.35,-2.3,-3.845833,0.4802946,77.30274,91.80088,65.13,0.0,1010.26666,1010.6,1009.8,1008.4976,1008.83344,1008.0196,18.824999,10.726243,9.36,5.2416787,-2.1439807,-0.89732623,-4.180873,0.24291548,-2.5,-0.29583338,14.0
BLAST Premier Fall Final 2023,Copenhagen,2023-11-26,Vitality,FaZe,vtg,10 - 8,2,1.12,"""Copenhagen/1259""",270.0,16.7,15.6,,48.4,,,,3.0,1.9,-2.6268415,-7.1200194,1970-01-01T00:00:00+00:00,1970-01-01T00:00:00+00:00,27768.871,26510.262,0.0,0.0,0.0,0.0,15.7908325,25.919998,331.6389,3.26,0.4802946,-4.505607,45.416668,100.0,1.0,-6.35,-2.3,-3.845833,0.4802946,77.30274,91.80088,65.13,0.0,1010.26666,1010.6,1009.8,1008.4976,1008.83344,1008.0196,18.824999,10.726243,9.36,5.2416787,-2.1439807,-0.89732623,-4.180873,0.24291548,-2.5,-0.29583338,14.0
BLAST Premier Fall Final 2024,Copenhagen,2024-09-25,Vitality,Astralis,d2,16 - 8,8,1.57,"""Copenhagen/1259""",,,5.06,,77.8,,,,51.0,15.7,12.191046,9.871363,1970-01-01T00:00:00+00:00,1970-01-01T00:00:00+00:00,43088.03,29133.318,1.2,0.0,1.2,6.0,36.06923,61.199997,228.41722,7.82,1.8177766,10.939311,74.833336,100.0,5.0,9.1,12.6,10.983335,1.8177766,80.60973,90.01405,65.24924,0.0,999.64166,1001.6,996.5,997.9803,999.9275,994.8469,44.58,25.488945,27.359999,13.888023,12.153966,13.304615,11.363876,0.61650825,12.8,14.343749,14.0
BLAST Premier Fall Final 2024,Copenhagen,2024-09-25,Vitality,Astralis,inf,15 - 3,12,2.27,"""Copenhagen/1259""",,,5.06,,77.8,,,,51.0,15.7,12.191046,9.871363,1970-01-01T00:00:00+00:00,1970-01-01T00:00:00+00:00,43088.03,29133.318,1.2,0.0,1.2,6.0,36.06923,61.199997,228.41722,7.82,1.8177766,10.939311,74.833336,100.0,5.0,9.1,12.6,10.983335,1.8177766,80.60973,90.01405,65.24924,0.0,999.64166,1001.6,996.5,997.9803,999.9275,994.8469,44.58,25.488945,27.359999,13.888023,12.153966,13.304615,11.363876,0.61650825,12.8,14.343749,14.0
BLAST Premier Fall Final 2024,Copenhagen,2024-09-26,Vitality,Liquid,anb,27 - 15,12,1.57,"""Copenhagen/1259""",,,6.44,,64.2,,,,63.0,16.45,13.607859,9.256135,1970-01-01T00:00:00+00:00,1970-01-01T00:00:00+00:00,42815.8,8137.76,14.800001,0.0,14.800001,10.0,43.58974,72.72,193.7322,2.35,1.2120017,11.363551,65.583336,100.0,2.0,9.15,13.6,11.877083,1.2120017,84.22982,90.14434,73.64334,0.0,991.4375,1001.0,985.6,989.79083,999.3276,983.9714,44.205,25.889946,11.159999,6.0347,12.746917,14.205578,9.623984,0.47507823,10.7,14.543751,14.0
BLAST Premier Fall Final 2024,Copenhagen,2024-09-26,Vitality,Liquid,nuke,22 - 11,11,1.72,"""Copenhagen/1259""",,,6.44,,64.2,,,,63.0,16.45,13.607859,9.256135,1970-01-01T00:00:00+00:00,1970-01-01T00:00:00+00:00,42815.8,8137.76,14.800001,0.0,14.800001,10.0,43.58974,72.72,193.7322,2.35,1.2120017,11.363551,65.583336,100.0,2.0,9.15,13.6,11.877083,1.2120017,84.22982,90.14434,73.64334,0.0,991.4375,1001.0,985.6,989.79083,999.3276,983.9714,44.205,25.889946,11.159999,6.0347,12.746917,14.205578,9.623984,0.47507823,10.7,14.543751,14.0
BLAST Premier Fall Final 2024,Copenhagen,2024-09-28,Vitality,G2,anb,19 - 15,4,1.22,"""Copenhagen/1259""",,,2.57,,68.3,,,,51.0,12.4,11.179985,4.5708685,1970-01-01T00:00:00+00:00,1970-01-01T00:00:00+00:00,42274.51,41532.99,0.1,0.0,0.1,1.0,34.03095,58.32,282.0351,12.05,2.4331846,6.28109,26.166666,100.0,7.0,2.2,9.05,5.035416,2.4331846,67.12481,84.63189,51.816383,0.0,1007.5625,1018.0,995.0,1005.8686,1016.2781,993.3351,42.48,24.684397,11.159999,6.6697226,7.6711125,10.235288,6.3564215,0.6724065,9.35,11.060417,14.0
BLAST Premier Fall Final 2024,Copenhagen,2024-09-28,Vitality,G2,d2,11 - 13,-2,0.9,"""Copenhagen/1259""",,,2.57,,68.3,,,,51.0,12.4,11.179985,4.5708685,1970-01-01T00:00:00+00:00,1970-01-01T00:00:00+00:00,42274.51,41532.99,0.1,0.0,0.1,1.0,34.03095,58.32,282.0351,12.05,2.4331846,6.28109,26.166666,100.0,7.0,2.2,9.05,5.035416,2.4331846,67.12481,84.63189,51.816383,0.0,1007.5625,1018.0,995.0,1005.8686,1016.2781,993.3351,42.48,24.684397,11.159999,6.6697226,7.6711125,10.235288,6.3564215,0.6724065,9.35,11.060417,14.0
BLAST Premier Fall Final 2024,Copenhagen,2024-09-28,Vitality,G2,mrg,27 - 22,5,1.37,"""Copenhagen/1259""",,,2.57,,68.3,,,,51.0,12.4,11.179985,4.5708685,1970-01-01T00:00:00+00:00,1970-01-01T00:00:00+00:00,42274.51,41532.99,0.1,0.0,0.1,1.0,34.03095,58.32,282.0351,12.05,2.4331846,6.28109,26.166666,100.0,7.0,2.2,9.05,5.035416,2.4331846,67.12481,84.63189,51.816383,0.0,1007.5625,1018.0,995.0,1005.8686,1016.2781,993.3351,42.48,24.684397,11.159999,6.6697226,7.6711125,10.235288,6.3564215,0.6724065,9.35,11.060417,14.0
BLAST Premier Fall Groups 2022,Copenhagen,2022-08-19,Vitality,Astralis,mrg,22 - 24,-2,1.08,"""Copenhagen/1259""",238.0,,10.8,,65.6,,,,53.0,22.85,26.763407,18.58312,1970-01-01T00:00:00+00:00,1970-01-01T00:00:00+00:00,53200.035,19595.4,1.8,0.0,1.8,5.0,14.982228,27.359999,342.7975,10.74,1.9387237,22.650442,82.666664,100.0,7.0,17.15,20.65,19.218748,1.9387237,92.867195,97.825035,85.53563,0.0,1011.2498,1012.1,1010.7,1009.60406,1010.465,1009.04236,17.895,8.767461,6.12,1.9386592,19.541365,21.240131,17.427755,0.3977146,18.2,20.433336,14.0
BLAST Premier Fall Groups 2022,Copenhagen,2022-08-19,Vitality,Ninjas in Pyjamas,inf,30 - 18,12,1.53,"""Copenhagen/1259""",238.0,,10.8,,65.6,,,,53.0,22.85,26.763407,18.58312,1970-01-01T00:00:00+00:00,1970-01-01T00:00:00+00:00,53200.035,19595.4,1.8,0.0,1.8,5.0,14.982228,27.359999,342.7975,10.74,1.9387237,22.650442,82.666664,100.0,7.0,17.15,20.65,19.218748,1.9387237,92.867195,97.825035,85.53563,0.0,1011.2498,1012.1,1010.7,1009.60406,1010.465,1009.04236,17.895,8.767461,6.12,1.9386592,19.541365,21.240131,17.427755,0.3977146,18.2,20.433336,14.0
BLAST Premier Fall Groups 2022,Copenhagen,2022-08-19,Vitality,OG,d2,27 - 13,14,1.68,"""Copenhagen/1259""",238.0,,10.8,,65.6,,,,53.0,22.85,26.763407,18.58312,1970-01-01T00:00:00+00:00,1970-01-01T00:00:00+00:00,53200.035,19595.4,1.8,0.0,1.8,5.0,14.982228,27.359999,342.7975,10.74,1.9387237,22.650442,82.666664,100.0,7.0,17.15,20.65,19.218748,1.9387237,92.867195,97.825035,85.53563,0.0,1011.2498,1012.1,1010.7,1009.60406,1010.465,1009.04236,17.895,8.767461,6.12,1.9386592,19.541365,21.240131,17.427755,0.3977146,18.2,20.433336,14.0
BLAST Premier Fall Groups 2022,Copenhagen,2022-08-26,Vitality,G2,inf,13 - 10,3,1.07,"""Copenhagen/1259""",146.0,,12.2,,77.1,,,,3.0,22.9,25.311943,18.734592,1970-01-01T00:00:00+00:00,1970-01-01T00:00:00+00:00,51352.15,34556.707,0.0,0.0,0.0,0.0,15.192682,29.519999,114.255394,15.56,2.893593,22.205725,97.333336,100.0,66.0,16.7,18.75,17.654167,2.893593,83.628746,96.61247,71.1291,0.0,1015.6792,1018.6,1013.4,1014.02716,1016.9319,1011.7408,18.96,8.224619,5.3999996,2.9024127,18.530806,19.749403,17.235535,0.79643595,18.6,20.597918,14.0
BLAST Premier Fall Groups 2022,Copenhagen,2022-08-26,Vitality,G2,nuke,17 - 16,1,0.98,"""Copenhagen/1259""",146.0,,12.2,,77.1,,,,3.0,22.9,25.311943,18.734592,1970-01-01T00:00:00+00:00,1970-01-01T00:00:00+00:00,51352.15,34556.707,0.0,0.0,0.0,0.0,15.192682,29.519999,114.255394,15.56,2.893593,22.205725,97.333336,100.0,66.0,16.7,18.75,17.654167,2.893593,83.628746,96.61247,71.1291,0.0,1015.6792,1018.6,1013.4,1014.02716,1016.9319,1011.7408,18.96,8.224619,5.3999996,2.9024127,18.530806,19.749403,17.235535,0.79643595,18.6,20.597918,14.0
BLAST Premier Fall Groups 2022,Copenhagen,2022-08-26,Vitality,G2,vtg,18 - 8,10,1.47,"""Copenhagen/1259""",146.0,,12.2,,77.1,,,,3.0,22.9,25.311943,18.734592,1970-01-01T00:00:00+00:00,1970-01-01T00:00:00+00:00,51352.15,34556.707,0.0,0.0,0.0,0.0,15.192682,29.519999,114.255394,15.56,2.893593,22.205725,97.333336,100.0,66.0,16.7,18.75,17.654167,2.893593,83.628746,96.61247,71.1291,0.0,1015.6792,1018.6,1013.4,1014.02716,1016.9319,1011.7408,18.96,8.224619,5.3999996,2.9024127,18.530806,19.749403,17.235535,0.79643595,18.6,20.597918,14.0
BLAST Premier Fall Groups 2022,Copenhagen,2022-08-27,Vitality,Natus Vincere,inf,10 - 16,-6,0.92,"""Copenhagen/1259""",147.0,,6.26,,66.1,,,,63.0,21.15,22.992971,18.528229,1970-01-01T00:00:00+00:00,1970-01-01T00:00:00+00:00,51087.062,3958.376,20.800003,0.0,20.800003,14.0,14.154915,29.16,347.81503,7.37,1.4476557,20.691675,97.458336,100.0,39.0,16.05,18.9,17.520834,1.4476557,89.87351,98.45279,78.30056,0.0,1013.03766,1013.5,1012.6,1011.38214,1011.84125,1010.9448,17.714998,8.850457,7.5599995,3.219938,18.026428,19.283556,16.917904,0.5153774,18.1,19.264585,14.0
BLAST Premier Fall Groups 2022,Copenhagen,2022-08-27,Vitality,Natus Vincere,mrg,20 - 14,6,1.19,"""Copenhagen/1259""",147.0,,6.26,,66.1,,,,63.0,21.15,22.992971,18.528229,1970-01-01T00:00:00+00:00,1970-01-01T00:00:00+00:00,51087.062,3958.376,20.800003,0.0,20.800003,14.0,14.154915,29.16,347.81503,7.37,1.4476557,20.691675,97.458336,100.0,39.0,16.05,18.9,17.520834,1.4476557,89.87351,98.45279,78.30056,0.0,1013.03766,1013.5,1012.6,1011.38214,1011.84125,1010.9448,17.714998,8.850457,7.5599995,3.219938,18.026428,19.283556,16.917904,0.5153774,18.1,19.264585,14.0
BLAST Premier Fall Groups 2022,Copenhagen,2022-08-28,Vitality,G2,d2,22 - 17,5,1.31,"""Copenhagen/1259""",114.0,,3.73,,69.3,,,,51.0,21.75,22.202398,15.879087,1970-01-01T00:00:00+00:00,1970-01-01T00:00:00+00:00,50822.203,39160.19,1.4000001,0.0,1.4000001,7.0,18.864824,36.0,295.05533,13.15,2.4321325,18.6308,67.291664,100.0,4.0,14.7,16.9,15.877083,2.4321325,84.30163,92.95448,70.05416,0.0,1013.4751,1014.1,1012.9,1011.8155,1012.44916,1011.23584,27.03,13.952955,18.359999,10.163227,16.721052,18.187113,15.027437,0.77980876,15.9,18.647917,14.0
BLAST Premier Fall Groups 2022,Copenhagen,2022-08-28,Vitality,G2,mrg,26 - 20,6,1.18,"""Copenhagen/1259""",114.0,,3.73,,69.3,,,,51.0,21.75,22.202398,15.879087,1970-01-01T00:00:00+00:00,1970-01-01T00:00:00+00:00,50822.203,39160.19,1.4000001,0.0,1.4000001,7.0,18.864824,36.0,295.05533,13.15,2.4321325,18.6308,67.291664,100.0,4.0,14.7,16.9,15.877083,2.4321325,84.30163,92.95448,70.05416,0.0,1013.4751,1014.1,1012.9,1011.8155,1012.44916,1011.23584,27.03,13.952955,18.359999,10.163227,16.721052,18.187113,15.027437,0.77980876,15.9,18.647917,14.0
BLAST Premier Fall Groups 2022,Copenhagen,2022-08-28,Vitality,G2,vtg,27 - 16,11,1.53,"""Copenhagen/1259""",114.0,,3.73,,69.3,,,,51.0,21.75,22.202398,15.879087,1970-01-01T00:00:00+00:00,1970-01-01T00:00:00+00:00,50822.203,39160.19,1.4000001,0.0,1.4000001,7.0,18.864824,36.0,295.05533,13.15,2.4321325,18.6308,67.291664,100.0,4.0,14.7,16.9,15.877083,2.4321325,84.30163,92.95448,70.05416,0.0,1013.4751,1014.1,1012.9,1011.8155,1012.44916,1011.23584,27.03,13.952955,18.359999,10.163227,16.721052,18.187113,15.027437,0.77980876,15.9,18.647917,14.0
BLAST Premier Fall Groups 2023,Copenhagen,2023-07-13,Vitality,Evil Geniuses,ovp,15 - 11,4,1.11,"""Copenhagen/1259""",127.0,3.85,3.87,,70.9,,,,61.0,19.95,18.838476,13.1104355,1970-01-01T00:00:00+00:00,1970-01-01T00:00:00+00:00,61351.49,54141.062,3.0,0.0,3.0,7.0,23.904108,47.16,245.31184,23.57,3.9361987,15.117236,39.875,100.0,2.0,11.05,13.7,12.608333,3.9361987,75.97898,88.65334,57.22823,0.0,1011.37933,1014.1,1010.1,1009.7136,1012.41705,1008.42645,35.520004,19.159344,24.84,13.779114,14.120895,15.377216,13.093552,0.98525524,14.4,16.979168,14.0
BLAST Premier Fall Groups 2023,Copenhagen,2023-07-13,Vitality,Evil Geniuses,vtg,14 - 4,10,1.66,"""Copenhagen/1259""",127.0,3.85,3.87,,70.9,,,,61.0,19.95,18.838476,13.1104355,1970-01-01T00:00:00+00:00,1970-01-01T00:00:00+00:00,61351.49,54141.062,3.0,0.0,3.0,7.0,23.904108,47.16,245.31184,23.57,3.9361987,15.117236,39.875,100.0,2.0,11.05,13.7,12.608333,3.9361987,75.97898,88.65334,57.22823,0.0,1011.37933,1014.1,1010.1,1009.7136,1012.41705,1008.42645,35.520004,19.159344,24.84,13.779114,14.120895,15.377216,13.093552,0.98525524,14.4,16.979168,14.0
BLAST Premier Fall Groups 2023,Copenhagen,2023-07-19,Vitality,Ninjas in Pyjamas,mrg,30 - 16,14,1.55,"""Copenhagen/1259""",128.0,2.95,2.75,,64.2,,,,51.0,18.45,16.320759,11.586382,1970-01-01T00:00:00+00:00,1970-01-01T00:00:00+00:00,60367.832,50491.15,0.1,0.0,0.1,1.0,17.654688,32.399998,279.99377,20.34,3.7450078,13.611686,62.125,100.0,7.0,7.65,11.2,9.635417,3.7450078,68.32545,86.54169,49.374798,0.0,1010.74164,1013.4,1009.0,1009.0699,1011.7123,1007.3176,26.670002,14.390816,19.44,11.570515,12.03979,12.405907,11.334902,1.0756538,13.35,15.735416,14.0
BLAST Premier Fall Groups 2023,Copenhagen,2023-07-19,Vitality,Ninjas in Pyjamas,ovp,20 - 17,3,1.05,"""Copenhagen/1259""",128.0,2.95,2.75,,64.2,,,,51.0,18.45,16.320759,11.586382,1970-01-01T00:00:00+00:00,1970-01-01T00:00:00+00:00,60367.832,50491.15,0.1,0.0,0.1,1.0,17.654688,32.399998,279.99377,20.34,3.7450078,13.611686,62.125,100.0,7.0,7.65,11.2,9.635417,3.7450078,68.32545,86.54169,49.374798,0.0,1010.74164,1013.4,1009.0,1009.0699,1011.7123,1007.3176,26.670002,14.390816,19.44,11.570515,12.03979,12.405907,11.334902,1.0756538,13.35,15.735416,14.0
BLAST Premier Fall Groups 2023,Copenhagen,2023-07-23,Vitality,BIG,anb,24 - 18,6,1.34,"""Copenhagen/1259""",159.0,4.49,4.17,,66.6,,,,63.0,17.25,16.24145,13.045511,1970-01-01T00:00:00+00:00,1970-01-01T00:00:00+00:00,59606.344,4991.5264,12.300001,0.0,12.300001,19.0,23.000591,39.96,209.56839,6.96,1.4705085,14.690907,95.125,100.0,53.0,11.9,15.15,13.581248,1.4705085,86.72051,93.043655,77.7939,0.0,1005.4084,1009.0,1002.3,1003.74585,1007.3217,1000.64954,27.599998,15.660264,5.7599998,2.9024127,14.263745,15.764219,12.351799,0.426507,13.15,15.808334,14.0
BLAST Premier Fall Groups 2023,Copenhagen,2023-07-23,Vitality,BIG,inf,21 - 15,6,1.34,"""Copenhagen/1259""",159.0,4.49,4.17,,66.6,,,,63.0,17.25,16.24145,13.045511,1970-01-01T00:00:00+00:00,1970-01-01T00:00:00+00:00,59606.344,4991.5264,12.300001,0.0,12.300001,19.0,23.000591,39.96,209.56839,6.96,1.4705085,14.690907,95.125,100.0,53.0,11.9,15.15,13.581248,1.4705085,86.72051,93.043655,77.7939,0.0,1005.4084,1009.0,1002.3,1003.74585,1007.3217,1000.64954,27.599998,15.660264,5.7599998,2.9024127,14.263745,15.764219,12.351799,0.426507,13.15,15.808334,14.0
BLAST Premier Fall Groups 2024,Copenhagen,2024-07-29,Vitality,GamerLegion,anb,22 - 18,4,1.14,"""Copenhagen/1259""",,,1.45,,64.0,,,,3.0,20.55,19.352032,11.880966,1970-01-01T00:00:00+00:00,1970-01-01T00:00:00+00:00,58177.793,55124.316,0.0,0.0,0.0,0.0,25.762016,44.639996,301.80765,24.7,4.15265,15.852062,45.25,100.0,0.0,11.4,13.4,12.410417,4.15265,73.42448,88.337456,57.33931,0.0,1021.8376,1022.7,1021.2,1020.1569,1021.03516,1019.50146,30.585,16.77822,7.92,5.3999996,14.167111,15.563229,12.542767,1.0104022,14.1,17.375002,14.0
BLAST Premier Fall Groups 2024,Copenhagen,2024-07-29,Vitality,GamerLegion,d2,25 - 6,19,2.14,"""Copenhagen/1259""",,,1.45,,64.0,,,,3.0,20.55,19.352032,11.880966,1970-01-01T00:00:00+00:00,1970-01-01T00:00:00+00:00,58177.793,55124.316,0.0,0.0,0.0,0.0,25.762016,44.639996,301.80765,24.7,4.15265,15.852062,45.25,100.0,0.0,11.4,13.4,12.410417,4.15265,73.42448,88.337456,57.33931,0.0,1021.8376,1022.7,1021.2,1020.1569,1021.03516,1019.50146,30.585,16.77822,7.92,5.3999996,14.167111,15.563229,12.542767,1.0104022,14.1,17.375002,14.0
BLAST Premier Fall Groups 2024,Copenhagen,2024-07-29,Vitality,GamerLegion,mrg,20 - 25,-5,0.96,"""Copenhagen/1259""",,,1.45,,64.0,,,,3.0,20.55,19.352032,11.880966,1970-01-01T00:00:00+00:00,1970-01-01T00:00:00+00:00,58177.793,55124.316,0.0,0.0,0.0,0.0,25.762016,44.639996,301.80765,24.7,4.15265,15.852062,45.25,100.0,0.0,11.4,13.4,12.410417,4.15265,73.42448,88.337456,57.33931,0.0,1021.8376,1022.7,1021.2,1020.1569,1021.03516,1019.50146,30.585,16.77822,7.92,5.3999996,14.167111,15.563229,12.542767,1.0104022,14.1,17.375002,14.0
BLAST Premier Fall Groups 2024,Copenhagen,2024-07-30,Vitality,Astralis,d2,13 - 16,-3,0.79,"""Copenhagen/1259""",,,8.82,,57.3,,,,51.0,21.35,22.596975,12.478336,1970-01-01T00:00:00+00:00,1970-01-01T00:00:00+00:00,57958.977,54215.914,0.5,0.0,0.5,2.0,9.6932955,19.8,259.8686,22.08,3.7155194,17.92055,34.916668,100.0,0.0,9.6,16.95,13.279168,3.7155194,76.58487,91.865425,55.0315,0.0,1018.3874,1020.9,1016.1,1016.71405,1019.2,1014.40967,13.1100025,6.0650125,6.4799995,2.5455842,14.798038,17.770952,11.42021,1.1430314,13.1,17.645834,14.0
BLAST Premier Fall Groups 2024,Copenhagen,2024-07-30,Vitality,Astralis,nuke,14 - 13,1,1.3,"""Copenhagen/1259""",,,8.82,,57.3,,,,51.0,21.35,22.596975,12.478336,1970-01-01T00:00:00+00:00,1970-01-01T00:00:00+00:00,57958.977,54215.914,0.5,0.0,0.5,2.0,9.6932955,19.8,259.8686,22.08,3.7155194,17.92055,34.916668,100.0,0.0,9.6,16.95,13.279168,3.7155194,76.58487,91.865425,55.0315,0.0,1018.3874,1020.9,1016.1,1016.71405,1019.2,1014.40967,13.1100025,6.0650125,6.4799995,2.5455842,14.798038,17.770952,11.42021,1.1430314,13.1,17.645834,14.0
BLAST Premier Fall Groups 2024,Copenhagen,2024-08-03,Vitality,Astralis,mrg,20 - 13,7,1.32,"""Copenhagen/1259""",,,7.09,,78.2,,,,51.0,21.85,21.848236,12.579332,1970-01-01T00:00:00+00:00,1970-01-01T00:00:00+00:00,57052.71,42982.098,0.5,0.0,0.5,4.0,13.584932,25.919998,291.0821,16.57,2.9677298,18.221977,72.666664,100.0,3.0,11.95,16.65,14.137501,2.9677298,78.80997,93.69138,57.555336,0.0,1009.6375,1010.2,1009.1,1007.98114,1008.5141,1007.45245,17.054996,8.699767,7.5599995,2.968636,15.489133,17.492294,12.285572,1.1122583,13.15,18.116667,14.0
BLAST Premier Fall Groups 2024,Copenhagen,2024-08-03,Vitality,Astralis,nuke,24 - 9,15,1.95,"""Copenhagen/1259""",,,7.09,,78.2,,,,51.0,21.85,21.848236,12.579332,1970-01-01T00:00:00+00:00,1970-01-01T00:00:00+00:00,57052.71,42982.098,0.5,0.0,0.5,4.0,13.584932,25.919998,291.0821,16.57,2.9677298,18.221977,72.666664,100.0,3.0,11.95,16.65,14.137501,2.9677298,78.80997,93.69138,57.555336,0.0,1009.6375,1010.2,1009.1,1007.98114,1008.5141,1007.45245,17.054996,8.699767,7.5599995,2.968636,15.489133,17.492294,12.285572,1.1122583,13.15,18.116667,14.0
BLAST Premier Fall Groups 2024,Copenhagen,2024-08-03,Vitality,Astralis,vtg,22 - 15,7,1.43,"""Copenhagen/1259""",,,7.09,,78.2,,,,51.0,21.85,21.848236,12.579332,1970-01-01T00:00:00+00:00,1970-01-01T00:00:00+00:00,57052.71,42982.098,0.5,0.0,0.5,4.0,13.584932,25.919998,291.0821,16.57,2.9677298,18.221977,72.666664,100.0,3.0,11.95,16.65,14.137501,2.9677298,78.80997,93.69138,57.555336,0.0,1009.6375,1010.2,1009.1,1007.98114,1008.5141,1007.45245,17.054996,8.699767,7.5599995,2.968636,15.489133,17.492294,12.285572,1.1122583,13.15,18.116667,14.0
BLAST Premier Spring Final 2022,Lisbon,2022-06-15,Vitality,G2,d2,27 - 12,15,1.64,Restelo,,,16.0,,40.3,,,,51.0,28.2,30.664486,17.791927,1970-01-01T00:00:00+00:00,1970-01-01T00:00:00+00:00,53491.777,41457.348,0.1,0.0,0.1,1.0,24.36591,49.68,252.07498,23.83,4.68403,22.178595,41.541668,100.0,0.0,14.4,17.15,16.045835,4.68403,73.634964,94.17146,48.141514,0.0,1014.4458,1016.4,1013.0,1013.6224,1015.5648,1012.1888,27.930004,11.006196,7.92,1.609969,17.819551,20.534832,15.570084,1.9825273,16.65,21.360418,7.0
BLAST Premier Spring Final 2022,Lisbon,2022-06-15,Vitality,G2,inf,12 - 16,-4,0.8,Restelo,,,16.0,,40.3,,,,51.0,28.2,30.664486,17.791927,1970-01-01T00:00:00+00:00,1970-01-01T00:00:00+00:00,53491.777,41457.348,0.1,0.0,0.1,1.0,24.36591,49.68,252.07498,23.83,4.68403,22.178595,41.541668,100.0,0.0,14.4,17.15,16.045835,4.68403,73.634964,94.17146,48.141514,0.0,1014.4458,1016.4,1013.0,1013.6224,1015.5648,1012.1888,27.930004,11.006196,7.92,1.609969,17.819551,20.534832,15.570084,1.9825273,16.65,21.360418,7.0
BLAST Premier Spring Final 2022,Lisbon,2022-06-15,Vitality,G2,mrg,19 - 19,0,1.05,Restelo,,,16.0,,40.3,,,,51.0,28.2,30.664486,17.791927,1970-01-01T00:00:00+00:00,1970-01-01T00:00:00+00:00,53491.777,41457.348,0.1,0.0,0.1,1.0,24.36591,49.68,252.07498,23.83,4.68403,22.178595,41.541668,100.0,0.0,14.4,17.15,16.045835,4.68403,73.634964,94.17146,48.141514,0.0,1014.4458,1016.4,1013.0,1013.6224,1015.5648,1012.1888,27.930004,11.006196,7.92,1.609969,17.819551,20.534832,15.570084,1.9825273,16.65,21.360418,7.0
BLAST Premier Spring Final 2022,Lisbon,2022-06-16,Vitality,paiN,d2,22 - 18,4,1.24,Restelo,,,11.8,,38.9,,,,51.0,24.55,25.223373,15.532024,1970-01-01T00:00:00+00:00,1970-01-01T00:00:00+00:00,53509.51,47411.863,0.1,0.0,0.1,1.0,17.238699,35.28,218.41801,22.51,4.146948,19.753744,54.958332,100.0,0.0,13.1,15.35,14.420833,4.146948,74.529076,94.70351,52.85554,0.0,1017.2791,1018.6,1016.3,1016.44775,1017.77057,1015.4604,20.445,8.457947,9.36,2.0991426,16.128986,18.044628,14.2319355,1.4538589,15.0,19.370832,7.0
BLAST Premier Spring Final 2022,Lisbon,2022-06-16,Vitality,paiN,nuke,20 - 7,13,1.81,Restelo,,,11.8,,38.9,,,,51.0,24.55,25.223373,15.532024,1970-01-01T00:00:00+00:00,1970-01-01T00:00:00+00:00,53509.51,47411.863,0.1,0.0,0.1,1.0,17.238699,35.28,218.41801,22.51,4.146948,19.753744,54.958332,100.0,0.0,13.1,15.35,14.420833,4.146948,74.529076,94.70351,52.85554,0.0,1017.2791,1018.6,1016.3,1016.44775,1017.77057,1015.4604,20.445,8.457947,9.36,2.0991426,16.128986,18.044628,14.2319355,1.4538589,15.0,19.370832,7.0
BLAST Premier Spring Final 2022,Lisbon,2022-06-16,Vitality,paiN,ovp,15 - 8,7,1.5,Restelo,,,11.8,,38.9,,,,51.0,24.55,25.223373,15.532024,1970-01-01T00:00:00+00:00,1970-01-01T00:00:00+00:00,53509.51,47411.863,0.1,0.0,0.1,1.0,17.238699,35.28,218.41801,22.51,4.146948,19.753744,54.958332,100.0,0.0,13.1,15.35,14.420833,4.146948,74.529076,94.70351,52.85554,0.0,1017.2791,1018.6,1016.3,1016.44775,1017.77057,1015.4604,20.445,8.457947,9.36,2.0991426,16.128986,18.044628,14.2319355,1.4538589,15.0,19.370832,7.0
BLAST Premier Spring Final 2022,Lisbon,2022-06-17,Vitality,ENCE,nuke,33 - 20,13,1.48,Restelo,,,11.1,,43.4,,,,3.0,24.45,26.586674,16.853653,1970-01-01T00:00:00+00:00,1970-01-01T00:00:00+00:00,53523.93,51035.31,0.0,0.0,0.0,0.0,16.595179,34.56,272.4998,28.15,5.117631,20.984703,44.041668,100.0,0.0,13.6,16.65,15.227081,5.117631,75.05154,96.53741,53.152866,0.0,1017.8167,1018.8,1016.8,1016.9871,1017.9781,1015.9724,22.02,9.438803,7.92,0.8049845,16.930286,18.242657,15.381418,1.4301915,15.8,20.172918,7.0
BLAST Premier Spring Final 2022,Lisbon,2022-06-17,Vitality,ENCE,ovp,21 - 13,8,1.31,Restelo,,,11.1,,43.4,,,,3.0,24.45,26.586674,16.853653,1970-01-01T00:00:00+00:00,1970-01-01T00:00:00+00:00,53523.93,51035.31,0.0,0.0,0.0,0.0,16.595179,34.56,272.4998,28.15,5.117631,20.984703,44.041668,100.0,0.0,13.6,16.65,15.227081,5.117631,75.05154,96.53741,53.152866,0.0,1017.8167,1018.8,1016.8,1016.9871,1017.9781,1015.9724,22.02,9.438803,7.92,0.8049845,16.930286,18.242657,15.381418,1.4301915,15.8,20.172918,7.0
BLAST Premier Spring Final 2022,Lisbon,2022-06-18,Vitality,G2,d2,23 - 16,7,1.4,Restelo,,,5.91,,45.8,,,,51.0,22.55,23.302572,17.562418,1970-01-01T00:00:00+00:00,1970-01-01T00:00:00+00:00,53535.016,47607.59,0.4,0.0,0.4,3.0,21.382906,40.68,244.33565,27.04,4.60786,19.651838,37.708332,100.0,6.0,13.75,16.8,15.310414,4.60786,78.58411,94.41867,58.290504,0.0,1015.5376,1017.7,1012.8,1014.7075,1016.8631,1011.9712,27.884998,12.880545,12.959999,5.634891,16.659763,17.289,15.834694,1.140448,16.5,19.356249,7.0
BLAST Premier Spring Final 2022,Lisbon,2022-06-18,Vitality,G2,inf,13 - 17,-4,0.85,Restelo,,,5.91,,45.8,,,,51.0,22.55,23.302572,17.562418,1970-01-01T00:00:00+00:00,1970-01-01T00:00:00+00:00,53535.016,47607.59,0.4,0.0,0.4,3.0,21.382906,40.68,244.33565,27.04,4.60786,19.651838,37.708332,100.0,6.0,13.75,16.8,15.310414,4.60786,78.58411,94.41867,58.290504,0.0,1015.5376,1017.7,1012.8,1014.7075,1016.8631,1011.9712,27.884998,12.880545,12.959999,5.634891,16.659763,17.289,15.834694,1.140448,16.5,19.356249,7.0
BLAST Premier Spring Final 2022,Lisbon,2022-06-18,Vitality,G2,nuke,23 - 15,8,1.35,Restelo,,,5.91,,45.8,,,,51.0,22.55,23.302572,17.562418,1970-01-01T00:00:00+00:00,1970-01-01T00:00:00+00:00,53535.016,47607.59,0.4,0.0,0.4,3.0,21.382906,40.68,244.33565,27.04,4.60786,19.651838,37.708332,100.0,6.0,13.75,16.8,15.310414,4.60786,78.58411,94.41867,58.290504,0.0,1015.5376,1017.7,1012.8,1014.7075,1016.8631,1011.9712,27.884998,12.880545,12.959999,5.634891,16.659763,17.289,15.834694,1.140448,16.5,19.356249,7.0
BLAST Premier Spring Final 2022,Lisbon,2022-06-19,Vitality,Natus Vincere,mrg,20 - 16,4,1.22,Restelo,,,4.5,,52.0,,,,51.0,23.45,24.8387,14.444511,1970-01-01T00:00:00+00:00,1970-01-01T00:00:00+00:00,53542.79,46768.887,1.7000002,0.0,1.7000002,11.0,20.87379,40.68,294.34656,24.81,4.7171865,19.326345,37.75,100.0,1.0,11.3,17.05,14.570834,4.7171865,74.16574,93.88681,55.471947,0.0,1012.9834,1015.0,1012.1,1012.15607,1014.16376,1011.26636,29.700003,14.003353,16.56,8.209263,16.289686,18.141447,13.238188,1.2830203,16.65,19.554167,7.0
BLAST Premier Spring Final 2022,Lisbon,2022-06-19,Vitality,Natus Vincere,ovp,12 - 16,-4,0.87,Restelo,,,4.5,,52.0,,,,51.0,23.45,24.8387,14.444511,1970-01-01T00:00:00+00:00,1970-01-01T00:00:00+00:00,53542.79,46768.887,1.7000002,0.0,1.7000002,11.0,20.87379,40.68,294.34656,24.81,4.7171865,19.326345,37.75,100.0,1.0,11.3,17.05,14.570834,4.7171865,74.16574,93.88681,55.471947,0.0,1012.9834,1015.0,1012.1,1012.15607,1014.16376,1011.26636,29.700003,14.003353,16.56,8.209263,16.289686,18.141447,13.238188,1.2830203,16.65,19.554167,7.0
BLAST Premier Spring Final 2024,London,2024-06-12,Vitality,Virtus.pro,anb,14 - 16,-2,0.99,Camden - Bloomsbury,,,21.1,,45.5,8.86,5.29,6.9,51.0,15.85,14.064354,5.5758123,1970-01-01T00:00:00+00:00,1970-01-01T00:00:00+00:00,59674.266,55464.133,1.0,0.0,1.0,7.0,12.074766,21.24,262.07578,20.4,3.243181,10.29796,54.583332,100.0,5.0,4.7,8.5,6.741667,3.243181,72.12443,98.65245,47.946285,0.0,1020.67914,1022.0,1019.0,1018.72534,1020.038,1017.03094,14.939999,6.9584875,5.04,2.0364676,9.000621,10.381027,7.0934887,0.9295245,7.5,12.09375,16.0
BLAST Premier Spring Final 2024,London,2024-06-12,Vitality,Virtus.pro,d2,25 - 16,9,1.32,Camden - Bloomsbury,,,21.1,,45.5,8.86,5.29,6.9,51.0,15.85,14.064354,5.5758123,1970-01-01T00:00:00+00:00,1970-01-01T00:00:00+00:00,59674.266,55464.133,1.0,0.0,1.0,7.0,12.074766,21.24,262.07578,20.4,3.243181,10.29796,54.583332,100.0,5.0,4.7,8.5,6.741667,3.243181,72.12443,98.65245,47.946285,0.0,1020.67914,1022.0,1019.0,1018.72534,1020.038,1017.03094,14.939999,6.9584875,5.04,2.0364676,9.000621,10.381027,7.0934887,0.9295245,7.5,12.09375,16.0
BLAST Premier Spring Final 2024,London,2024-06-12,Vitality,Virtus.pro,inf,19 - 8,11,1.69,Camden - Bloomsbury,,,21.1,,45.5,8.86,5.29,6.9,51.0,15.85,14.064354,5.5758123,1970-01-01T00:00:00+00:00,1970-01-01T00:00:00+00:00,59674.266,55464.133,1.0,0.0,1.0,7.0,12.074766,21.24,262.07578,20.4,3.243181,10.29796,54.583332,100.0,5.0,4.7,8.5,6.741667,3.243181,72.12443,98.65245,47.946285,0.0,1020.67914,1022.0,1019.0,1018.72534,1020.038,1017.03094,14.939999,6.9584875,5.04,2.0364676,9.000621,10.381027,7.0934887,0.9295245,7.5,12.09375,16.0
BLAST Premier Spring Final 2024,London,2024-06-13,Vitality,G2,anb,21 - 14,7,1.39,Camden - Bloomsbury,,,14.6,,60.4,11.2,6.0,4.87,53.0,15.85,12.574553,5.0294056,1970-01-01T00:00:00+00:00,1970-01-01T00:00:00+00:00,59722.348,20280.754,1.6000001,0.0,1.6000001,5.0,26.700743,45.36,198.32175,12.93,2.6134322,9.243225,88.625,100.0,1.0,5.55,10.2,7.7208323,2.6134322,74.389084,93.03573,55.484894,0.0,1012.8167,1018.8,1004.5,1010.8799,1016.8266,1002.57855,30.449999,17.550873,11.5199995,6.130579,9.54997,11.285144,6.3494053,0.8025148,7.1,12.383334,16.0
BLAST Premier Spring Final 2024,London,2024-06-13,Vitality,G2,inf,14 - 8,6,1.28,Camden - Bloomsbury,,,14.6,,60.4,11.2,6.0,4.87,53.0,15.85,12.574553,5.0294056,1970-01-01T00:00:00+00:00,1970-01-01T00:00:00+00:00,59722.348,20280.754,1.6000001,0.0,1.6000001,5.0,26.700743,45.36,198.32175,12.93,2.6134322,9.243225,88.625,100.0,1.0,5.55,10.2,7.7208323,2.6134322,74.389084,93.03573,55.484894,0.0,1012.8167,1018.8,1004.5,1010.8799,1016.8266,1002.57855,30.449999,17.550873,11.5199995,6.130579,9.54997,11.285144,6.3494053,0.8025148,7.1,12.383334,16.0
BLAST Premier Spring Final 2024,London,2024-06-13,Vitality,G2,mrg,15 - 9,6,1.41,Camden - Bloomsbury,,,14.6,,60.4,11.2,6.0,4.87,53.0,15.85,12.574553,5.0294056,1970-01-01T00:00:00+00:00,1970-01-01T00:00:00+00:00,59722.348,20280.754,1.6000001,0.0,1.6000001,5.0,26.700743,45.36,198.32175,12.93,2.6134322,9.243225,88.625,100.0,1.0,5.55,10.2,7.7208323,2.6134322,74.389084,93.03573,55.484894,0.0,1012.8167,1018.8,1004.5,1010.8799,1016.8266,1002.57855,30.449999,17.550873,11.5199995,6.130579,9.54997,11.285144,6.3494053,0.8025148,7.1,12.383334,16.0
BLAST Premier Spring Final 2024,London,2024-06-14,Vitality,FaZe,d2,14 - 15,-1,0.96,Camden - Bloomsbury,,,8.45,,60.7,8.55,4.05,3.81,55.0,18.05,14.929478,8.629829,1970-01-01T00:00:00+00:00,1970-01-01T00:00:00+00:00,59764.63,50400.0,2.4999998,0.0,2.4999998,10.0,28.732422,51.839996,211.93405,22.16,3.674912,11.709881,70.083336,100.0,10.0,8.6,12.0,10.135415,3.674912,74.41172,91.83185,58.510757,0.0,1001.0376,1003.5,998.6,999.13947,1001.5822,996.68445,40.8,22.409348,23.039999,13.276144,11.902013,13.4063015,9.930135,0.85158956,11.5,14.84375,16.0
BLAST Premier Spring Final 2024,London,2024-06-14,Vitality,FaZe,inf,15 - 13,2,1.16,Camden - Bloomsbury,,,8.45,,60.7,8.55,4.05,3.81,55.0,18.05,14.929478,8.629829,1970-01-01T00:00:00+00:00,1970-01-01T00:00:00+00:00,59764.63,50400.0,2.4999998,0.0,2.4999998,10.0,28.732422,51.839996,211.93405,22.16,3.674912,11.709881,70.083336,100.0,10.0,8.6,12.0,10.135415,3.674912,74.41172,91.83185,58.510757,0.0,1001.0376,1003.5,998.6,999.13947,1001.5822,996.68445,40.8,22.409348,23.039999,13.276144,11.902013,13.4063015,9.930135,0.85158956,11.5,14.84375,16.0
BLAST Premier Spring Final 2024,London,2024-06-14,Vitality,FaZe,mrg,19 - 12,7,1.72,Camden - Bloomsbury,,,8.45,,60.7,8.55,4.05,3.81,55.0,18.05,14.929478,8.629829,1970-01-01T00:00:00+00:00,1970-01-01T00:00:00+00:00,59764.63,50400.0,2.4999998,0.0,2.4999998,10.0,28.732422,51.839996,211.93405,22.16,3.674912,11.709881,70.083336,100.0,10.0,8.6,12.0,10.135415,3.674912,74.41172,91.83185,58.510757,0.0,1001.0376,1003.5,998.6,999.13947,1001.5822,996.68445,40.8,22.409348,23.039999,13.276144,11.902013,13.4063015,9.930135,0.85158956,11.5,14.84375,16.0
BLAST Premier Spring Final 2024,London,2024-06-15,Vitality,Spirit,anb,15 - 15,0,1.17,Camden - Bloomsbury,,,7.21,,60.4,7.64,3.95,4.15,53.0,17.3,12.699516,6.250615,1970-01-01T00:00:00+00:00,1970-01-01T00:00:00+00:00,59801.023,49589.625,2.5,0.0,2.5,7.0,34.77868,63.72,228.1061,19.41,3.31108,9.761608,48.833332,100.0,2.0,7.2,11.6,8.452084,3.31108,73.17089,91.30029,53.808056,0.0,999.32086,1001.4,997.2,997.4168,999.4826,995.30896,40.860004,22.920946,27.0,15.990646,10.416176,12.645748,8.654795,0.91301847,9.6,13.437501,16.0
BLAST Premier Spring Final 2024,London,2024-06-15,Vitality,Spirit,d2,16 - 15,1,1.0,Camden - Bloomsbury,,,7.21,,60.4,7.64,3.95,4.15,53.0,17.3,12.699516,6.250615,1970-01-01T00:00:00+00:00,1970-01-01T00:00:00+00:00,59801.023,49589.625,2.5,0.0,2.5,7.0,34.77868,63.72,228.1061,19.41,3.31108,9.761608,48.833332,100.0,2.0,7.2,11.6,8.452084,3.31108,73.17089,91.30029,53.808056,0.0,999.32086,1001.4,997.2,997.4168,999.4826,995.30896,40.860004,22.920946,27.0,15.990646,10.416176,12.645748,8.654795,0.91301847,9.6,13.437501,16.0
BLAST Premier Spring Final 2024,London,2024-06-15,Vitality,Spirit,mrg,23 - 15,8,1.34,Camden - Bloomsbury,,,7.21,,60.4,7.64,3.95,4.15,53.0,17.3,12.699516,6.250615,1970-01-01T00:00:00+00:00,1970-01-01T00:00:00+00:00,59801.023,49589.625,2.5,0.0,2.5,7.0,34.77868,63.72,228.1061,19.41,3.31108,9.761608,48.833332,100.0,2.0,7.2,11.6,8.452084,3.31108,73.17089,91.30029,53.808056,0.0,999.32086,1001.4,997.2,997.4168,999.4826,995.30896,40.860004,22.920946,27.0,15.990646,10.416176,12.645748,8.654795,0.91301847,9.6,13.437501,16.0
BLAST Premier Spring Groups 2023,Copenhagen,2023-01-19,Vitality,Astralis,ovp,18 - 15,3,1.05,"""Copenhagen/1259""",182.0,,14.4,,40.1,,,,71.0,3.35,-1.111198,-4.7858033,1970-01-01T00:00:00+00:00,1970-01-01T00:00:00+00:00,28330.49,198.15823,1.5000001,0.07,1.6000001,9.0,36.57855,70.2,199.1819,1.21,0.5819421,-3.3011417,85.291664,100.0,0.0,-0.55,1.25,0.23750001,0.5819421,84.28264,88.16141,78.08318,0.1,999.26245,1004.6,997.4,997.53125,1002.8584,995.67114,48.224995,26.373476,17.64,10.30883,1.1946706,1.9921141,0.5433922,0.16774535,1.75,2.6312501,14.0
BLAST Premier Spring Groups 2023,Copenhagen,2023-01-19,Vitality,Astralis,vtg,30 - 19,11,1.31,"""Copenhagen/1259""",182.0,,14.4,,40.1,,,,71.0,3.35,-1.111198,-4.7858033,1970-01-01T00:00:00+00:00,1970-01-01T00:00:00+00:00,28330.49,198.15823,1.5000001,0.07,1.6000001,9.0,36.57855,70.2,199.1819,1.21,0.5819421,-3.3011417,85.291664,100.0,0.0,-0.55,1.25,0.23750001,0.5819421,84.28264,88.16141,78.08318,0.1,999.26245,1004.6,997.4,997.53125,1002.8584,995.67114,48.224995,26.373476,17.64,10.30883,1.1946706,1.9921141,0.5433922,0.16774535,1.75,2.6312501,14.0
BLAST Premier Spring Groups 2023,Copenhagen,2023-01-21,Vitality,Evil Geniuses,inf,22 - 7,15,2.35,"""Copenhagen/1259""",194.0,,6.35,,41.3,,,,3.0,2.65,-1.8129187,-6.775725,1970-01-01T00:00:00+00:00,1970-01-01T00:00:00+00:00,28725.523,22871.701,0.0,0.0,0.0,0.0,26.807312,46.44,41.287457,3.67,0.42424166,-3.8794587,32.416668,100.0,0.0,-3.15,0.45,-1.0187501,0.42424166,87.10583,97.153625,78.5832,0.0,1032.8165,1035.6,1026.6,1031.016,1033.7816,1024.8159,30.75,17.186548,14.04,8.049845,-0.2720004,0.969923,-2.3882034,0.15877336,-1.25,0.8979166,14.0
BLAST Premier Spring Groups 2023,Copenhagen,2023-01-21,Vitality,Evil Geniuses,ovp,25 - 13,12,1.59,"""Copenhagen/1259""",194.0,,6.35,,41.3,,,,3.0,2.65,-1.8129187,-6.775725,1970-01-01T00:00:00+00:00,1970-01-01T00:00:00+00:00,28725.523,22871.701,0.0,0.0,0.0,0.0,26.807312,46.44,41.287457,3.67,0.42424166,-3.8794587,32.416668,100.0,0.0,-3.15,0.45,-1.0187501,0.42424166,87.10583,97.153625,78.5832,0.0,1032.8165,1035.6,1026.6,1031.016,1033.7816,1024.8159,30.75,17.186548,14.04,8.049845,-0.2720004,0.969923,-2.3882034,0.15877336,-1.25,0.8979166,14.0
BLAST Premier Spring Groups 2023,Copenhagen,2023-01-25,Vitality,HEROIC,mrg,24 - 11,13,1.49,"""Copenhagen/1259""",188.0,,9.7,,41.7,,,,3.0,1.3,-3.6787992,-5.5988874,1970-01-01T00:00:00+00:00,1970-01-01T00:00:00+00:00,29576.875,9016.724,0.0,0.0,0.0,0.0,23.132626,43.199997,238.89957,2.29,0.42923957,-4.6038117,67.791664,100.0,4.0,-2.3,-0.65,-1.6250001,0.42923957,86.027596,90.93221,78.94442,0.0,1029.1666,1036.6,1022.0,1027.3695,1034.7872,1020.21924,33.67499,18.47108,24.48,14.021525,-0.79167694,-0.021296024,-1.5015512,0.14124238,-0.5,0.45208332,14.0
BLAST Premier Spring Groups 2023,Copenhagen,2023-01-25,Vitality,HEROIC,nuke,20 - 17,3,1.26,"""Copenhagen/1259""",188.0,,9.7,,41.7,,,,3.0,1.3,-3.6787992,-5.5988874,1970-01-01T00:00:00+00:00,1970-01-01T00:00:00+00:00,29576.875,9016.724,0.0,0.0,0.0,0.0,23.132626,43.199997,238.89957,2.29,0.42923957,-4.6038117,67.791664,100.0,4.0,-2.3,-0.65,-1.6250001,0.42923957,86.027596,90.93221,78.94442,0.0,1029.1666,1036.6,1022.0,1027.3695,1034.7872,1020.21924,33.67499,18.47108,24.48,14.021525,-0.79167694,-0.021296024,-1.5015512,0.14124238,-0.5,0.45208332,14.0
BLAST Premier Spring Groups 2023,Copenhagen,2023-01-25,Vitality,HEROIC,vtg,19 - 11,8,1.34,"""Copenhagen/1259""",188.0,,9.7,,41.7,,,,3.0,1.3,-3.6787992,-5.5988874,1970-01-01T00:00:00+00:00,1970-01-01T00:00:00+00:00,29576.875,9016.724,0.0,0.0,0.0,0.0,23.132626,43.199997,238.89957,2.29,0.42923957,-4.6038117,67.791664,100.0,4.0,-2.3,-0.65,-1.6250001,0.42923957,86.027596,90.93221,78.94442,0.0,1029.1666,1036.6,1022.0,1027.3695,1034.7872,1020.21924,33.67499,18.47108,24.48,14.021525,-0.79167694,-0.021296024,-1.5015512,0.14124238,-0.5,0.45208332,14.0
BLAST Premier Spring Groups 2024,Copenhagen,2024-01-22,Vitality,OG,inf,16 - 12,4,1.1,"""Copenhagen/1259""",203.0,4.2,4.12,,68.0,,,,61.0,7.55,1.4196353,-4.744388,1970-01-01T00:00:00+00:00,1970-01-01T00:00:00+00:00,28895.512,14400.0,6.8999996,0.0,6.8999996,11.0,47.612637,87.84,221.39148,2.37,0.7090664,-1.924398,70.75,100.0,10.0,1.55,6.05,3.2770836,0.7090664,86.810814,92.08579,82.332695,0.0,997.85834,1006.9,993.6,996.14606,1005.16315,991.9016,64.27498,38.92732,51.48,31.087412,4.014005,6.4390774,2.4325948,0.15063125,3.6,5.3020835,14.0
BLAST Premier Spring Groups 2024,Copenhagen,2024-01-22,Vitality,OG,mrg,17 - 4,13,2.21,"""Copenhagen/1259""",203.0,4.2,4.12,,68.0,,,,61.0,7.55,1.4196353,-4.744388,1970-01-01T00:00:00+00:00,1970-01-01T00:00:00+00:00,28895.512,14400.0,6.8999996,0.0,6.8999996,11.0,47.612637,87.84,221.39148,2.37,0.7090664,-1.924398,70.75,100.0,10.0,1.55,6.05,3.2770836,0.7090664,86.810814,92.08579,82.332695,0.0,997.85834,1006.9,993.6,996.14606,1005.16315,991.9016,64.27498,38.92732,51.48,31.087412,4.014005,6.4390774,2.4325948,0.15063125,3.6,5.3020835,14.0
BLAST Premier Spring Groups 2024,Copenhagen,2024-01-23,Vitality,Astralis,mrg,17 - 13,4,1.08,"""Copenhagen/1259""",166.0,4.95,4.84,,73.4,,,,55.0,6.65,-0.028383732,-3.3892555,1970-01-01T00:00:00+00:00,1970-01-01T00:00:00+00:00,29106.76,21604.184,1.6,0.0,1.6,3.0,37.137627,63.36,249.75928,3.48,0.74063843,-1.8043903,56.583332,100.0,1.0,1.1,3.75,2.3374999,0.74063843,85.235504,92.207535,79.39768,0.0,1007.36237,1014.1,1001.1,1005.6296,1012.3511,999.37476,53.415,32.14432,41.399998,25.7041,3.2001488,4.867777,1.9906225,0.19512773,3.4,4.616667,14.0
BLAST Premier Spring Groups 2024,Copenhagen,2024-01-23,Vitality,Astralis,ovp,17 - 13,4,1.78,"""Copenhagen/1259""",166.0,4.95,4.84,,73.4,,,,55.0,6.65,-0.028383732,-3.3892555,1970-01-01T00:00:00+00:00,1970-01-01T00:00:00+00:00,29106.76,21604.184,1.6,0.0,1.6,3.0,37.137627,63.36,249.75928,3.48,0.74063843,-1.8043903,56.583332,100.0,1.0,1.1,3.75,2.3374999,0.74063843,85.235504,92.207535,79.39768,0.0,1007.36237,1014.1,1001.1,1005.6296,1012.3511,999.37476,53.415,32.14432,41.399998,25.7041,3.2001488,4.867777,1.9906225,0.19512773,3.4,4.616667,14.0
BLAST Premier Spring Groups 2024,Copenhagen,2024-01-23,Vitality,Astralis,vtg,23 - 8,15,2.18,"""Copenhagen/1259""",166.0,4.95,4.84,,73.4,,,,55.0,6.65,-0.028383732,-3.3892555,1970-01-01T00:00:00+00:00,1970-01-01T00:00:00+00:00,29106.76,21604.184,1.6,0.0,1.6,3.0,37.137627,63.36,249.75928,3.48,0.74063843,-1.8043903,56.583332,100.0,1.0,1.1,3.75,2.3374999,0.74063843,85.235504,92.207535,79.39768,0.0,1007.36237,1014.1,1001.1,1005.6296,1012.3511,999.37476,53.415,32.14432,41.399998,25.7041,3.2001488,4.867777,1.9906225,0.19512773,3.4,4.616667,14.0
BLAST Premier Spring Groups 2024,Copenhagen,2024-01-26,Vitality,Falcons,anb,19 - 12,7,1.27,"""Copenhagen/1259""",170.0,7.09,6.53,,64.7,,,,63.0,7.5,2.1780019,-4.1673284,1970-01-01T00:00:00+00:00,1970-01-01T00:00:00+00:00,29761.242,0.0,7.5000005,0.0,7.5000005,6.0,47.820415,78.12,243.56635,0.55,0.6584032,-2.1990876,82.416664,100.0,2.0,-1.85,6.75,2.1645837,0.6584032,87.61453,100.0,60.17801,0.0,1013.37085,1022.1,1005.3,1011.6252,1020.32477,1003.58856,52.874996,32.132305,15.119999,9.449572,3.0437195,6.9345694,1.4895511,0.36113495,1.85,4.225,14.0
BLAST Premier Spring Groups 2024,Copenhagen,2024-01-26,Vitality,Falcons,nuke,31 - 25,6,1.25,"""Copenhagen/1259""",170.0,7.09,6.53,,64.7,,,,63.0,7.5,2.1780019,-4.1673284,1970-01-01T00:00:00+00:00,1970-01-01T00:00:00+00:00,29761.242,0.0,7.5000005,0.0,7.5000005,6.0,47.820415,78.12,243.56635,0.55,0.6584032,-2.1990876,82.416664,100.0,2.0,-1.85,6.75,2.1645837,0.6584032,87.61453,100.0,60.17801,0.0,1013.37085,1022.1,1005.3,1011.6252,1020.32477,1003.58856,52.874996,32.132305,15.119999,9.449572,3.0437195,6.9345694,1.4895511,0.36113495,1.85,4.225,14.0
BLAST Premier Spring Groups 2024,Copenhagen,2024-01-26,Vitality,Falcons,vtg,24 - 11,13,2.07,"""Copenhagen/1259""",170.0,7.09,6.53,,64.7,,,,63.0,7.5,2.1780019,-4.1673284,1970-01-01T00:00:00+00:00,1970-01-01T00:00:00+00:00,29761.242,0.0,7.5000005,0.0,7.5000005,6.0,47.820415,78.12,243.56635,0.55,0.6584032,-2.1990876,82.416664,100.0,2.0,-1.85,6.75,2.1645837,0.6584032,87.61453,100.0,60.17801,0.0,1013.37085,1022.1,1005.3,1011.6252,1020.32477,1003.58856,52.874996,32.132305,15.119999,9.449572,3.0437195,6.9345694,1.4895511,0.36113495,1.85,4.225,14.0
BLAST Premier Spring Groups 2024,Copenhagen,2024-01-27,Vitality,Astralis,inf,13 - 14,-1,0.98,"""Copenhagen/1259""",159.0,3.81,3.72,,66.5,,,,3.0,6.75,1.4550185,-4.0232377,1970-01-01T00:00:00+00:00,1970-01-01T00:00:00+00:00,29985.27,27048.416,0.0,0.0,0.0,0.0,46.438602,77.4,284.36188,3.86,0.77920437,-0.7433799,48.708332,100.0,0.0,-1.5,4.1,2.51875,0.77920437,84.575905,93.5279,62.39413,0.0,1025.9459,1030.8,1015.7,1024.1832,1029.0265,1013.95593,47.099995,27.531193,30.960001,17.917007,3.493763,5.0957813,1.8025074,0.3311668,3.5,4.960417,14.0
BLAST Premier Spring Groups 2024,Copenhagen,2024-01-27,Vitality,Astralis,mrg,30 - 18,12,1.71,"""Copenhagen/1259""",159.0,3.81,3.72,,66.5,,,,3.0,6.75,1.4550185,-4.0232377,1970-01-01T00:00:00+00:00,1970-01-01T00:00:00+00:00,29985.27,27048.416,0.0,0.0,0.0,0.0,46.438602,77.4,284.36188,3.86,0.77920437,-0.7433799,48.708332,100.0,0.0,-1.5,4.1,2.51875,0.77920437,84.575905,93.5279,62.39413,0.0,1025.9459,1030.8,1015.7,1024.1832,1029.0265,1013.95593,47.099995,27.531193,30.960001,17.917007,3.493763,5.0957813,1.8025074,0.3311668,3.5,4.960417,14.0
BLAST Premier Spring Groups 2024,Copenhagen,2024-01-27,Vitality,Astralis,nuke,22 - 7,15,2.02,"""Copenhagen/1259""",159.0,3.81,3.72,,66.5,,,,3.0,6.75,1.4550185,-4.0232377,1970-01-01T00:00:00+00:00,1970-01-01T00:00:00+00:00,29985.27,27048.416,0.0,0.0,0.0,0.0,46.438602,77.4,284.36188,3.86,0.77920437,-0.7433799,48.708332,100.0,0.0,-1.5,4.1,2.51875,0.77920437,84.575905,93.5279,62.39413,0.0,1025.9459,1030.8,1015.7,1024.1832,1029.0265,1013.95593,47.099995,27.531193,30.960001,17.917007,3.493763,5.0957813,1.8025074,0.3311668,3.5,4.960417,14.0
BLAST Premier Spring Series 2020,London,2020-02-08,Vitality,Complexity,inf,17 - 16,1,1.13,Camden - Bloomsbury,,,25.2,,47.9,22.0,18.1,4.43,53.0,10.45,6.938715,1.939498,1970-01-01T00:00:00+00:00,1970-01-01T00:00:00+00:00,34399.902,15246.069,1.0,0.0,1.0,3.0,30.926493,50.76,211.81131,4.72,1.0898737,4.7995496,82.125,100.0,5.0,2.2,8.7,5.5291667,1.0898737,81.09207,93.38045,58.366985,0.0,1014.5376,1016.9,1011.6,1012.5723,1014.92487,1009.63513,33.63,19.450018,14.04,7.928177,6.8040757,9.134901,5.0835457,0.51215726,6.85,8.708334,16.0
BLAST Premier Spring Series 2020,London,2020-02-08,Vitality,Complexity,mrg,16 - 18,-2,0.98,Camden - Bloomsbury,,,25.2,,47.9,22.0,18.1,4.43,53.0,10.45,6.938715,1.939498,1970-01-01T00:00:00+00:00,1970-01-01T00:00:00+00:00,34399.902,15246.069,1.0,0.0,1.0,3.0,30.926493,50.76,211.81131,4.72,1.0898737,4.7995496,82.125,100.0,5.0,2.2,8.7,5.5291667,1.0898737,81.09207,93.38045,58.366985,0.0,1014.5376,1016.9,1011.6,1012.5723,1014.92487,1009.63513,33.63,19.450018,14.04,7.928177,6.8040757,9.134901,5.0835457,0.51215726,6.85,8.708334,16.0
BLAST Premier Spring Series 2020,London,2020-02-09,Vitality,Natus Vincere,d2,17 - 17,0,1.18,Camden - Bloomsbury,,,12.8,,66.8,11.2,9.57,4.61,63.0,12.55,5.8435087,0.7109666,1970-01-01T00:00:00+00:00,1970-01-01T00:00:00+00:00,34616.25,0.0,18.800001,0.0,18.800001,20.0,52.957943,113.03999,221.42001,1.18,1.239734,2.936678,91.25,100.0,41.0,3.85,10.3,7.245833,1.239734,82.127785,89.039635,73.36633,0.0,994.3,1010.3,984.9,992.3837,1008.3371,983.00854,84.88499,45.041756,55.079998,32.862694,8.325052,11.025217,5.4841385,0.30021894,7.85,10.172915,16.0
BLAST Premier Spring Series 2020,London,2020-02-09,Vitality,Natus Vincere,inf,14 - 16,-2,0.91,Camden - Bloomsbury,,,12.8,,66.8,11.2,9.57,4.61,63.0,12.55,5.8435087,0.7109666,1970-01-01T00:00:00+00:00,1970-01-01T00:00:00+00:00,34616.25,0.0,18.800001,0.0,18.800001,20.0,52.957943,113.03999,221.42001,1.18,1.239734,2.936678,91.25,100.0,41.0,3.85,10.3,7.245833,1.239734,82.127785,89.039635,73.36633,0.0,994.3,1010.3,984.9,992.3837,1008.3371,983.00854,84.88499,45.041756,55.079998,32.862694,8.325052,11.025217,5.4841385,0.30021894,7.85,10.172915,16.0
BLAST Premier World Final 2021,Copenhagen,2021-12-15,Vitality,Astralis,mrg,29 - 8,21,2.25,"""Copenhagen/1259""",171.0,,9.33,,53.0,,,,53.0,8.7,4.600151,1.2076125,1970-01-01T00:00:00+00:00,1970-01-01T00:00:00+00:00,25451.953,0.0,1.3000001,0.0,1.3000001,3.0,25.338476,43.56,251.45529,0.88,0.24872729,3.364602,99.25,100.0,82.0,4.75,7.55,6.6895833,0.24872729,94.60624,97.94196,91.5203,0.0,1022.33344,1024.1,1021.2,1020.5927,1022.364,1019.4564,39.09,22.64552,32.039997,18.472595,6.89822,7.88274,4.9541492,0.09302759,5.55,7.504167,14.0
BLAST Premier World Final 2021,Copenhagen,2021-12-15,Vitality,Astralis,nuke,23 - 5,18,1.92,"""Copenhagen/1259""",171.0,,9.33,,53.0,,,,53.0,8.7,4.600151,1.2076125,1970-01-01T00:00:00+00:00,1970-01-01T00:00:00+00:00,25451.953,0.0,1.3000001,0.0,1.3000001,3.0,25.338476,43.56,251.45529,0.88,0.24872729,3.364602,99.25,100.0,82.0,4.75,7.55,6.6895833,0.24872729,94.60624,97.94196,91.5203,0.0,1022.33344,1024.1,1021.2,1020.5927,1022.364,1019.4564,39.09,22.64552,32.039997,18.472595,6.89822,7.88274,4.9541492,0.09302759,5.55,7.504167,14.0
BLAST Premier World Final 2021,Copenhagen,2021-12-16,Vitality,G2,mrg,21 - 17,4,1.18,"""Copenhagen/1259""",180.0,,8.73,,56.9,,,,3.0,8.15,3.8857107,0.4547186,1970-01-01T00:00:00+00:00,1970-01-01T00:00:00+00:00,25408.293,21946.303,0.0,0.0,0.0,0.0,30.85307,52.56,298.23206,2.38,0.49384722,1.7845316,36.458332,100.0,0.0,3.55,7.25,4.76875,0.49384722,88.5308,94.684906,78.71791,0.0,1029.6957,1033.5,1024.9,1027.9369,1031.7257,1023.1591,41.699997,24.001457,31.68,18.947083,5.382065,7.4899845,4.096142,0.21663916,5.1,6.5416656,14.0
BLAST Premier World Final 2021,Copenhagen,2021-12-16,Vitality,G2,nuke,21 - 13,8,1.39,"""Copenhagen/1259""",180.0,,8.73,,56.9,,,,3.0,8.15,3.8857107,0.4547186,1970-01-01T00:00:00+00:00,1970-01-01T00:00:00+00:00,25408.293,21946.303,0.0,0.0,0.0,0.0,30.85307,52.56,298.23206,2.38,0.49384722,1.7845316,36.458332,100.0,0.0,3.55,7.25,4.76875,0.49384722,88.5308,94.684906,78.71791,0.0,1029.6957,1033.5,1024.9,1027.9369,1031.7257,1023.1591,41.699997,24.001457,31.68,18.947083,5.382065,7.4899845,4.096142,0.21663916,5.1,6.5416656,14.0
BLAST Premier World Final 2021,Copenhagen,2021-12-18,Vitality,Gambit,d2,30 - 25,5,1.24,"""Copenhagen/1259""",174.0,,5.58,,57.9,,,,3.0,6.2,2.6623354,-0.19782162,1970-01-01T00:00:00+00:00,1970-01-01T00:00:00+00:00,25344.59,0.0,0.0,0.0,0.0,0.0,33.851486,57.96,291.40625,0.67,0.17520301,1.215135,73.958336,100.0,0.0,3.8,5.95,4.73125,0.17520301,96.714134,99.65464,89.437904,0.0,1029.5875,1035.5,1021.0,1027.8204,1033.7178,1019.25287,33.285,18.750082,18.359999,11.874544,4.821506,5.9495487,4.2172527,0.095969975,4.35,5.220834,14.0
BLAST Premier World Final 2021,Copenhagen,2021-12-18,Vitality,Gambit,vtg,28 - 18,10,1.55,"""Copenhagen/1259""",174.0,,5.58,,57.9,,,,3.0,6.2,2.6623354,-0.19782162,1970-01-01T00:00:00+00:00,1970-01-01T00:00:00+00:00,25344.59,0.0,0.0,0.0,0.0,0.0,33.851486,57.96,291.40625,0.67,0.17520301,1.215135,73.958336,100.0,0.0,3.8,5.95,4.73125,0.17520301,96.714134,99.65464,89.437904,0.0,1029.5875,1035.5,1021.0,1027.8204,1033.7178,1019.25287,33.285,18.750082,18.359999,11.874544,4.821506,5.9495487,4.2172527,0.095969975,4.35,5.220834,14.0
BLAST Premier World Final 2021,Copenhagen,2021-12-19,Vitality,Natus Vincere,d2,9 - 16,-7,0.6,"""Copenhagen/1259""",145.0,,3.88,,65.0,,,,3.0,6.8,1.9598742,-2.8173625,1970-01-01T00:00:00+00:00,1970-01-01T00:00:00+00:00,25324.562,15438.431,0.0,0.0,0.0,0.0,29.01743,58.679996,326.21097,1.73,0.91924644,-0.7741268,31.416666,100.0,0.0,-3.3,4.6,0.73124975,0.91924644,75.75832,90.67672,59.43292,0.0,1019.93335,1021.9,1017.7,1018.1802,1020.13605,1015.9605,44.655,25.05825,38.88,18.947083,2.6857872,5.386879,0.33475304,0.34380978,3.6,4.835417,14.0
BLAST Premier World Final 2021,Copenhagen,2021-12-19,Vitality,Natus Vincere,nuke,19 - 20,-1,1.03,"""Copenhagen/1259""",145.0,,3.88,,65.0,,,,3.0,6.8,1.9598742,-2.8173625,1970-01-01T00:00:00+00:00,1970-01-01T00:00:00+00:00,25324.562,15438.431,0.0,0.0,0.0,0.0,29.01743,58.679996,326.21097,1.73,0.91924644,-0.7741268,31.416666,100.0,0.0,-3.3,4.6,0.73124975,0.91924644,75.75832,90.67672,59.43292,0.0,1019.93335,1021.9,1017.7,1018.1802,1020.13605,1015.9605,44.655,25.05825,38.88,18.947083,2.6857872,5.386879,0.33475304,0.34380978,3.6,4.835417,14.0
BLAST Rivals 2025 Season 1,Copenhagen,2025-04-30,Vitality,Wildcard,d2,14 - 11,3,1.12,"""Copenhagen/1259""",138.0,,3.46,,81.2,,,,3.0,18.4,16.020233,7.397023,1970-01-01T00:00:00+00:00,1970-01-01T00:00:00+00:00,55032.77,50400.0,0.0,0.0,0.0,0.0,19.400795,43.92,300.65558,22.65,3.7747388,12.122753,69.916664,100.0,10.0,6.2,9.85,8.45,3.7747388,69.40886,91.6356,44.983665,0.0,1021.93335,1023.2,1020.6,1020.23517,1021.4787,1018.92474,32.64,14.301008,11.879999,5.7964473,10.88053,12.274553,8.801106,1.1617143,10.1,14.437497,14.0
BLAST Rivals 2025 Season 1,Copenhagen,2025-04-30,Vitality,Wildcard,inf,13 - 12,1,1.08,"""Copenhagen/1259""",138.0,,3.46,,81.2,,,,3.0,18.4,16.020233,7.397023,1970-01-01T00:00:00+00:00,1970-01-01T00:00:00+00:00,55032.77,50400.0,0.0,0.0,0.0,0.0,19.400795,43.92,300.65558,22.65,3.7747388,12.122753,69.916664,100.0,10.0,6.2,9.85,8.45,3.7747388,69.40886,91.6356,44.983665,0.0,1021.93335,1023.2,1020.6,1020.23517,1021.4787,1018.92474,32.64,14.301008,11.879999,5.7964473,10.88053,12.274553,8.801106,1.1617143,10.1,14.437497,14.0
BLAST Rivals 2025 Season 1,Copenhagen,2025-05-01,Vitality,MOUZ,inf,13 - 14,-1,0.96,"""Copenhagen/1259""",158.0,,6.44,,81.6,,,,3.0,15.55,13.763529,6.799114,1970-01-01T00:00:00+00:00,1970-01-01T00:00:00+00:00,55286.54,51408.27,0.0,0.0,0.0,0.0,18.900856,36.719997,168.4373,22.85,3.2454166,10.239881,60.875,100.0,0.0,6.05,9.35,7.9708333,3.2454166,75.18563,92.453606,60.196625,0.0,1019.69574,1022.2,1014.3,1017.98944,1020.4714,1012.6059,26.309996,12.222115,6.12,1.8792552,9.681346,11.290229,7.284934,0.6643301,8.1,12.397918,14.0
BLAST Rivals 2025 Season 1,Copenhagen,2025-05-01,Vitality,MOUZ,mrg,18 - 17,1,1.05,"""Copenhagen/1259""",158.0,,6.44,,81.6,,,,3.0,15.55,13.763529,6.799114,1970-01-01T00:00:00+00:00,1970-01-01T00:00:00+00:00,55286.54,51408.27,0.0,0.0,0.0,0.0,18.900856,36.719997,168.4373,22.85,3.2454166,10.239881,60.875,100.0,0.0,6.05,9.35,7.9708333,3.2454166,75.18563,92.453606,60.196625,0.0,1019.69574,1022.2,1014.3,1017.98944,1020.4714,1012.6059,26.309996,12.222115,6.12,1.8792552,9.681346,11.290229,7.284934,0.6643301,8.1,12.397918,14.0
BLAST Rivals 2025 Season 1,Copenhagen,2025-05-01,Vitality,MOUZ,trn,20 - 15,5,1.54,"""Copenhagen/1259""",158.0,,6.44,,81.6,,,,3.0,15.55,13.763529,6.799114,1970-01-01T00:00:00+00:00,1970-01-01T00:00:00+00:00,55286.54,51408.27,0.0,0.0,0.0,0.0,18.900856,36.719997,168.4373,22.85,3.2454166,10.239881,60.875,100.0,0.0,6.05,9.35,7.9708333,3.2454166,75.18563,92.453606,60.196625,0.0,1019.69574,1022.2,1014.3,1017.98944,1020.4714,1012.6059,26.309996,12.222115,6.12,1.8792552,9.681346,11.290229,7.284934,0.6643301,8.1,12.397918,14.0
BLAST Rivals 2025 Season 1,Copenhagen,2025-05-04,Vitality,Falcons,d2,17 - 10,7,1.72,"""Copenhagen/1259""",133.0,,1.42,,73.6,,,,61.0,11.35,7.298113,2.7229896,1970-01-01T00:00:00+00:00,1970-01-01T00:00:00+00:00,56032.906,46800.0,4.2,0.0,4.2,13.0,25.20257,58.32,338.5778,21.13,2.761152,4.8555017,62.333332,100.0,22.0,0.45,6.25,3.5166664,2.761152,71.59003,91.784164,49.460182,0.0,1007.06244,1016.5,1000.8,1005.355,1014.76385,999.09625,38.774998,16.49905,5.7599998,2.9522195,5.820646,7.0100374,4.300844,0.6471204,6.3,8.664584,14.0
BLAST Rivals 2025 Season 1,Copenhagen,2025-05-04,Vitality,Falcons,inf,18 - 15,3,1.26,"""Copenhagen/1259""",133.0,,1.42,,73.6,,,,61.0,11.35,7.298113,2.7229896,1970-01-01T00:00:00+00:00,1970-01-01T00:00:00+00:00,56032.906,46800.0,4.2,0.0,4.2,13.0,25.20257,58.32,338.5778,21.13,2.761152,4.8555017,62.333332,100.0,22.0,0.45,6.25,3.5166664,2.761152,71.59003,91.784164,49.460182,0.0,1007.06244,1016.5,1000.8,1005.355,1014.76385,999.09625,38.774998,16.49905,5.7599998,2.9522195,5.820646,7.0100374,4.300844,0.6471204,6.3,8.664584,14.0
BLAST Rivals 2025 Season 1,Copenhagen,2025-05-04,Vitality,Falcons,mrg,25 - 21,4,1.47,"""Copenhagen/1259""",133.0,,1.42,,73.6,,,,61.0,11.35,7.298113,2.7229896,1970-01-01T00:00:00+00:00,1970-01-01T00:00:00+00:00,56032.906,46800.0,4.2,0.0,4.2,13.0,25.20257,58.32,338.5778,21.13,2.761152,4.8555017,62.333332,100.0,22.0,0.45,6.25,3.5166664,2.761152,71.59003,91.784164,49.460182,0.0,1007.06244,1016.5,1000.8,1005.355,1014.76385,999.09625,38.774998,16.49905,5.7599998,2.9522195,5.820646,7.0100374,4.300844,0.6471204,6.3,8.664584,14.0
BLAST Rivals 2025 Season 1,Copenhagen,2025-05-04,Vitality,Falcons,nuke,20 - 11,9,1.79,"""Copenhagen/1259""",133.0,,1.42,,73.6,,,,61.0,11.35,7.298113,2.7229896,1970-01-01T00:00:00+00:00,1970-01-01T00:00:00+00:00,56032.906,46800.0,4.2,0.0,4.2,13.0,25.20257,58.32,338.5778,21.13,2.761152,4.8555017,62.333332,100.0,22.0,0.45,6.25,3.5166664,2.761152,71.59003,91.784164,49.460182,0.0,1007.06244,1016.5,1000.8,1005.355,1014.76385,999.09625,38.774998,16.49905,5.7599998,2.9522195,5.820646,7.0100374,4.300844,0.6471204,6.3,8.664584,14.0
BLAST Rivals 2025 Season 1,Copenhagen,2025-05-04,Vitality,Falcons,trn,10 - 9,1,0.98,"""Copenhagen/1259""",133.0,,1.42,,73.6,,,,61.0,11.35,7.298113,2.7229896,1970-01-01T00:00:00+00:00,1970-01-01T00:00:00+00:00,56032.906,46800.0,4.2,0.0,4.2,13.0,25.20257,58.32,338.5778,21.13,2.761152,4.8555017,62.333332,100.0,22.0,0.45,6.25,3.5166664,2.761152,71.59003,91.784164,49.460182,0.0,1007.06244,1016.5,1000.8,1005.355,1014.76385,999.09625,38.774998,16.49905,5.7599998,2.9522195,5.820646,7.0100374,4.300844,0.6471204,6.3,8.664584,14.0
BLAST Rivals 2025 Season 2,Chek Lap Kok,2025-11-12,Vitality,TYLOO,inf,19 - 16,3,1.38,Tung Chung,800.0,,22.8,,54.2,22.8,14.7,1.78,3.0,25.8,25.731905,17.334524,1970-01-01T00:00:00+00:00,1970-01-01T00:00:00+00:00,40015.36,35039.4,0.0,0.0,0.0,0.0,22.546032,35.28,359.74478,16.26,4.2070646,20.222685,73.708336,100.0,5.0,14.4,16.9,14.872917,4.2070646,66.34952,74.2057,57.952637,0.0,1013.4333,1016.1,1010.2,1008.97925,1011.59814,1005.8247,30.600002,20.417631,24.84,16.285772,17.136612,19.914257,15.957594,1.3964192,19.1,21.468748,38.0
BLAST Rivals 2025 Season 2,Chek Lap Kok,2025-11-12,Vitality,TYLOO,nuke,9 - 15,-6,0.86,Tung Chung,800.0,,22.8,,54.2,22.8,14.7,1.78,3.0,25.8,25.731905,17.334524,1970-01-01T00:00:00+00:00,1970-01-01T00:00:00+00:00,40015.36,35039.4,0.0,0.0,0.0,0.0,22.546032,35.28,359.74478,16.26,4.2070646,20.222685,73.708336,100.0,5.0,14.4,16.9,14.872917,4.2070646,66.34952,74.2057,57.952637,0.0,1013.4333,1016.1,1010.2,1008.97925,1011.59814,1005.8247,30.600002,20.417631,24.84,16.285772,17.136612,19.914257,15.957594,1.3964192,19.1,21.468748,38.0
BLAST Rivals 2025 Season 2,Chek Lap Kok,2025-11-12,Vitality,TYLOO,ovp,14 - 7,7,1.69,Tung Chung,800.0,,22.8,,54.2,22.8,14.7,1.78,3.0,25.8,25.731905,17.334524,1970-01-01T00:00:00+00:00,1970-01-01T00:00:00+00:00,40015.36,35039.4,0.0,0.0,0.0,0.0,22.546032,35.28,359.74478,16.26,4.2070646,20.222685,73.708336,100.0,5.0,14.4,16.9,14.872917,4.2070646,66.34952,74.2057,57.952637,0.0,1013.4333,1016.1,1010.2,1008.97925,1011.59814,1005.8247,30.600002,20.417631,24.84,16.285772,17.136612,19.914257,15.957594,1.3964192,19.1,21.468748,38.0
BLAST Rivals 2025 Season 2,Chek Lap Kok,2025-11-13,Vitality,FURIA,inf,7 - 13,-6,0.96,Tung Chung,715.0,,22.5,,46.4,16.9,10.8,1.25,53.0,22.8,22.389532,17.671806,1970-01-01T00:00:00+00:00,1970-01-01T00:00:00+00:00,39957.08,21130.766,1.2,0.0,1.2,4.0,19.866161,33.839996,9.904871,12.09,2.9560764,19.44414,87.416664,100.0,21.0,14.85,16.25,15.481248,2.9560764,75.23781,86.21007,64.166855,0.0,1016.20416,1017.6,1014.0,1011.71704,1013.09033,1009.5481,26.924997,17.572054,23.4,15.073858,16.981861,18.14039,16.169773,0.9861773,18.4,20.08125,38.0
BLAST Rivals 2025 Season 2,Chek Lap Kok,2025-11-13,Vitality,FURIA,nuke,20 - 16,4,1.19,Tung Chung,715.0,,22.5,,46.4,16.9,10.8,1.25,53.0,22.8,22.389532,17.671806,1970-01-01T00:00:00+00:00,1970-01-01T00:00:00+00:00,39957.08,21130.766,1.2,0.0,1.2,4.0,19.866161,33.839996,9.904871,12.09,2.9560764,19.44414,87.416664,100.0,21.0,14.85,16.25,15.481248,2.9560764,75.23781,86.21007,64.166855,0.0,1016.20416,1017.6,1014.0,1011.71704,1013.09033,1009.5481,26.924997,17.572054,23.4,15.073858,16.981861,18.14039,16.169773,0.9861773,18.4,20.08125,38.0
BLAST Rivals 2025 Season 2,Chek Lap Kok,2025-11-13,Vitality,FURIA,ovp,20 - 17,3,1.03,Tung Chung,715.0,,22.5,,46.4,16.9,10.8,1.25,53.0,22.8,22.389532,17.671806,1970-01-01T00:00:00+00:00,1970-01-01T00:00:00+00:00,39957.08,21130.766,1.2,0.0,1.2,4.0,19.866161,33.839996,9.904871,12.09,2.9560764,19.44414,87.416664,100.0,21.0,14.85,16.25,15.481248,2.9560764,75.23781,86.21007,64.166855,0.0,1016.20416,1017.6,1014.0,1011.71704,1013.09033,1009.5481,26.924997,17.572054,23.4,15.073858,16.981861,18.14039,16.169773,0.9861773,18.4,20.08125,38.0
BLAST Rivals 2025 Season 2,Chek Lap Kok,2025-11-14,Vitality,Spirit,d2,13 - 15,-2,0.78,Tung Chung,688.0,,27.3,,44.4,20.3,19.8,1.31,3.0,25.5,27.385996,18.694977,1970-01-01T00:00:00+00:00,1970-01-01T00:00:00+00:00,39899.76,26549.01,0.0,0.0,0.0,0.0,14.861722,25.919998,30.867432,13.58,2.8875632,24.036158,65.166664,100.0,2.0,15.7,19.1,17.729166,2.8875632,75.25713,85.17329,57.234585,0.0,1017.82916,1019.7,1015.2,1013.3703,1015.2169,1010.78906,14.639999,8.865798,7.5599995,4.942631,19.191246,20.442612,16.709927,1.3625944,18.9,22.418749,38.0
BLAST Rivals 2025 Season 2,Chek Lap Kok,2025-11-14,Vitality,Spirit,mrg,24 - 13,11,1.62,Tung Chung,688.0,,27.3,,44.4,20.3,19.8,1.31,3.0,25.5,27.385996,18.694977,1970-01-01T00:00:00+00:00,1970-01-01T00:00:00+00:00,39899.76,26549.01,0.0,0.0,0.0,0.0,14.861722,25.919998,30.867432,13.58,2.8875632,24.036158,65.166664,100.0,2.0,15.7,19.1,17.729166,2.8875632,75.25713,85.17329,57.234585,0.0,1017.82916,1019.7,1015.2,1013.3703,1015.2169,1010.78906,14.639999,8.865798,7.5599995,4.942631,19.191246,20.442612,16.709927,1.3625944,18.9,22.418749,38.0
BLAST Rivals 2025 Season 2,Chek Lap Kok,2025-11-14,Vitality,Spirit,nuke,33 - 25,8,1.41,Tung Chung,688.0,,27.3,,44.4,20.3,19.8,1.31,3.0,25.5,27.385996,18.694977,1970-01-01T00:00:00+00:00,1970-01-01T00:00:00+00:00,39899.76,26549.01,0.0,0.0,0.0,0.0,14.861722,25.919998,30.867432,13.58,2.8875632,24.036158,65.166664,100.0,2.0,15.7,19.1,17.729166,2.8875632,75.25713,85.17329,57.234585,0.0,1017.82916,1019.7,1015.2,1013.3703,1015.2169,1010.78906,14.639999,8.865798,7.5599995,4.942631,19.191246,20.442612,16.709927,1.3625944,18.9,22.418749,38.0
BLAST Rivals 2025 Season 2,Chek Lap Kok,2025-11-15,Vitality,Falcons,inf,19 - 16,3,1.14,Tung Chung,668.0,,27.2,,75.1,32.1,18.3,1.34,3.0,26.05,27.911282,22.919743,1970-01-01T00:00:00+00:00,1970-01-01T00:00:00+00:00,39843.492,23243.072,0.0,0.0,0.0,0.0,12.882267,18.72,77.39634,13.76,2.9700172,25.071432,37.458332,100.0,0.0,13.55,19.9,18.077084,2.9700172,74.05395,86.56189,46.04753,0.0,1019.7126,1020.9,1017.6,1015.25635,1016.4334,1013.18304,12.764999,7.881015,3.2399998,0.9,19.691023,20.541359,18.260725,1.8188721,21.25,23.139582,38.0
BLAST Rivals 2025 Season 2,Chek Lap Kok,2025-11-15,Vitality,Falcons,nuke,18 - 12,6,1.68,Tung Chung,668.0,,27.2,,75.1,32.1,18.3,1.34,3.0,26.05,27.911282,22.919743,1970-01-01T00:00:00+00:00,1970-01-01T00:00:00+00:00,39843.492,23243.072,0.0,0.0,0.0,0.0,12.882267,18.72,77.39634,13.76,2.9700172,25.071432,37.458332,100.0,0.0,13.55,19.9,18.077084,2.9700172,74.05395,86.56189,46.04753,0.0,1019.7126,1020.9,1017.6,1015.25635,1016.4334,1013.18304,12.764999,7.881015,3.2399998,0.9,19.691023,20.541359,18.260725,1.8188721,21.25,23.139582,38.0
BLAST Rivals 2026 Season 1,Fort Worth,2026-04-29,Vitality,FUT,d2,30 - 11,19,1.78,Haws Athletic Center,,,,,,,4.92,,65.0,27.3,30.18708,14.182079,1970-01-01T00:00:00+00:00,1970-01-01T00:00:00+00:00,48312.395,7200.0,24.800001,0.0,24.800001,12.0,16.198,38.519997,21.5101,6.41,1.5612994,19.68098,80.708336,100.0,2.0,12.45,21.9,16.110418,1.5612994,83.09376,92.36487,69.36509,0.0,1013.0832,1016.4,1007.9,990.2956,993.28925,985.7132,27.284998,11.289121,7.92,3.6,17.016733,22.986395,13.402687,1.1108513,15.4,19.083334,195.0
BLAST Rivals 2026 Season 1,Fort Worth,2026-04-29,Vitality,FUT,mrg,16 - 14,2,0.92,Haws Athletic Center,,,,,,,4.92,,65.0,27.3,30.18708,14.182079,1970-01-01T00:00:00+00:00,1970-01-01T00:00:00+00:00,48312.395,7200.0,24.800001,0.0,24.800001,12.0,16.198,38.519997,21.5101,6.41,1.5612994,19.68098,80.708336,100.0,2.0,12.45,21.9,16.110418,1.5612994,83.09376,92.36487,69.36509,0.0,1013.0832,1016.4,1007.9,990.2956,993.28925,985.7132,27.284998,11.289121,7.92,3.6,17.016733,22.986395,13.402687,1.1108513,15.4,19.083334,195.0
BLAST Rivals 2026 Season 1,Fort Worth,2026-04-29,Vitality,FUT,nuke,23 - 12,11,1.36,Haws Athletic Center,,,,,,,4.92,,65.0,27.3,30.18708,14.182079,1970-01-01T00:00:00+00:00,1970-01-01T00:00:00+00:00,48312.395,7200.0,24.800001,0.0,24.800001,12.0,16.198,38.519997,21.5101,6.41,1.5612994,19.68098,80.708336,100.0,2.0,12.45,21.9,16.110418,1.5612994,83.09376,92.36487,69.36509,0.0,1013.0832,1016.4,1007.9,990.2956,993.28925,985.7132,27.284998,11.289121,7.92,3.6,17.016733,22.986395,13.402687,1.1108513,15.4,19.083334,195.0
BLAST Rivals 2026 Season 1,Fort Worth,2026-04-30,Vitality,G2,d2,18 - 9,9,1.96,Haws Athletic Center,,,,,,,6.91,,61.0,17.2,17.4607,14.485975,1970-01-01T00:00:00+00:00,1970-01-01T00:00:00+00:00,48415.45,6178.0166,3.2999997,0.0,3.2999997,6.0,15.885956,35.28,47.254078,5.37,1.2104192,16.246,98.875,100.0,80.0,13.1,15.15,13.985416,1.2104192,85.836975,93.729324,79.05998,0.0,1014.08344,1015.7,1012.8,991.0667,992.7111,989.84155,24.089998,9.833052,16.56,6.5223618,14.720741,15.61784,13.61422,0.3996458,14.55,16.38125,195.0
BLAST Rivals 2026 Season 1,Fort Worth,2026-04-30,Vitality,G2,mrg,20 - 18,2,1.22,Haws Athletic Center,,,,,,,6.91,,61.0,17.2,17.4607,14.485975,1970-01-01T00:00:00+00:00,1970-01-01T00:00:00+00:00,48415.45,6178.0166,3.2999997,0.0,3.2999997,6.0,15.885956,35.28,47.254078,5.37,1.2104192,16.246,98.875,100.0,80.0,13.1,15.15,13.985416,1.2104192,85.836975,93.729324,79.05998,0.0,1014.08344,1015.7,1012.8,991.0667,992.7111,989.84155,24.089998,9.833052,16.56,6.5223618,14.720741,15.61784,13.61422,0.3996458,14.55,16.38125,195.0
BLAST Rivals 2026 Season 1,Fort Worth,2026-04-30,Vitality,G2,ovp,18 - 15,3,1.16,Haws Athletic Center,,,,,,,6.91,,61.0,17.2,17.4607,14.485975,1970-01-01T00:00:00+00:00,1970-01-01T00:00:00+00:00,48415.45,6178.0166,3.2999997,0.0,3.2999997,6.0,15.885956,35.28,47.254078,5.37,1.2104192,16.246,98.875,100.0,80.0,13.1,15.15,13.985416,1.2104192,85.836975,93.729324,79.05998,0.0,1014.08344,1015.7,1012.8,991.0667,992.7111,989.84155,24.089998,9.833052,16.56,6.5223618,14.720741,15.61784,13.61422,0.3996458,14.55,16.38125,195.0
BLAST Rivals 2026 Season 1,Fort Worth,2026-05-02,Vitality,GamerLegion,mrg,21 - 3,18,2.12,Haws Athletic Center,,,,,,,8.58,,51.0,22.85,24.09717,9.953779,1970-01-01T00:00:00+00:00,1970-01-01T00:00:00+00:00,48617.016,39600.0,0.3,0.0,0.3,1.0,7.388775,16.199999,316.62112,26.68,4.673454,16.055565,21.875,100.0,0.0,5.8,11.65,9.28125,4.673454,66.69344,86.600296,35.562943,0.0,1019.90015,1022.5,1016.0,996.73834,999.4707,992.9571,12.194999,4.202525,5.04,1.9469976,12.115159,14.42812,9.605389,1.7173879,11.05,16.275,195.0
BLAST Rivals 2026 Season 1,Fort Worth,2026-05-02,Vitality,GamerLegion,ovp,21 - 18,3,1.09,Haws Athletic Center,,,,,,,8.58,,51.0,22.85,24.09717,9.953779,1970-01-01T00:00:00+00:00,1970-01-01T00:00:00+00:00,48617.016,39600.0,0.3,0.0,0.3,1.0,7.388775,16.199999,316.62112,26.68,4.673454,16.055565,21.875,100.0,0.0,5.8,11.65,9.28125,4.673454,66.69344,86.600296,35.562943,0.0,1019.90015,1022.5,1016.0,996.73834,999.4707,992.9571,12.194999,4.202525,5.04,1.9469976,12.115159,14.42812,9.605389,1.7173879,11.05,16.275,195.0
BLAST Rivals 2026 Season 1,Fort Worth,2026-05-03,Vitality,Natus Vincere,anb,17 - 19,-2,0.98,Haws Athletic Center,,,,,,,5.57,,3.0,26.5,26.686317,11.806997,1970-01-01T00:00:00+00:00,1970-01-01T00:00:00+00:00,48716.336,46800.0,0.0,0.0,0.0,0.0,13.433838,32.399998,212.65862,27.76,5.577537,18.404991,10.708333,100.0,0.0,8.05,12.85,9.520833,5.577537,55.924072,72.54245,31.10654,0.0,1019.2998,1021.5,1015.0,996.38654,998.5397,992.64935,20.67,8.891772,7.92,3.3092597,13.485889,16.508715,10.558336,2.3856554,13.6,19.302086,195.0
BLAST Rivals 2026 Season 1,Fort Worth,2026-05-03,Vitality,Natus Vincere,d2,19 - 9,10,2.18,Haws Athletic Center,,,,,,,5.57,,3.0,26.5,26.686317,11.806997,1970-01-01T00:00:00+00:00,1970-01-01T00:00:00+00:00,48716.336,46800.0,0.0,0.0,0.0,0.0,13.433838,32.399998,212.65862,27.76,5.577537,18.404991,10.708333,100.0,0.0,8.05,12.85,9.520833,5.577537,55.924072,72.54245,31.10654,0.0,1019.2998,1021.5,1015.0,996.38654,998.5397,992.64935,20.67,8.891772,7.92,3.3092597,13.485889,16.508715,10.558336,2.3856554,13.6,19.302086,195.0
BLAST Rivals 2026 Season 1,Fort Worth,2026-05-03,Vitality,Natus Vincere,nuke,18 - 17,1,1.2,Haws Athletic Center,,,,,,,5.57,,3.0,26.5,26.686317,11.806997,1970-01-01T00:00:00+00:00,1970-01-01T00:00:00+00:00,48716.336,46800.0,0.0,0.0,0.0,0.0,13.433838,32.399998,212.65862,27.76,5.577537,18.404991,10.708333,100.0,0.0,8.05,12.85,9.520833,5.577537,55.924072,72.54245,31.10654,0.0,1019.2998,1021.5,1015.0,996.38654,998.5397,992.64935,20.67,8.891772,7.92,3.3092597,13.485889,16.508715,10.558336,2.3856554,13.6,19.302086,195.0
BLAST.tv Austin Major 2025,Austin,2025-06-12,Vitality,Legacy,inf,11 - 10,1,0.89,Austin North Hills D,,,,,0.0268,,5.48,,65.0,29.0,33.990242,23.621435,1970-01-01T00:00:00+00:00,1970-01-01T00:00:00+00:00,50667.32,37717.805,36.399998,0.0,36.399998,14.0,11.966953,27.359999,172.58223,20.38,4.074775,27.507223,82.25,100.0,24.0,20.3,22.3,21.18125,4.074775,85.778725,97.57409,63.493286,0.0,1012.45013,1014.5,1009.1,993.2251,995.07794,990.2464,21.36,7.581559,10.799999,1.3104197,21.96715,24.199902,20.509325,1.4196103,20.8,23.933332,167.0
BLAST.tv Austin Major 2025,Austin,2025-06-13,Vitality,3DMAX,nuke,15 - 4,11,1.98,Austin North Hills D,,,,,0.0271,,9.22,,63.0,30.2,35.226162,24.005943,1970-01-01T00:00:00+00:00,1970-01-01T00:00:00+00:00,50686.965,36452.13,4.4,0.0,4.4,5.0,15.506141,43.92,176.14597,21.05,4.2817316,28.643888,51.5,100.0,0.0,20.0,23.75,21.729166,4.2817316,84.19036,96.08128,66.38048,0.0,1012.1584,1013.6,1008.9,992.9912,994.2986,990.04083,19.365002,7.547584,4.32,0.54,22.559786,25.345667,20.222567,1.4311626,20.75,24.758331,167.0
BLAST.tv Austin Major 2025,Austin,2025-06-13,Vitality,Nemiga,d2,22 - 11,11,1.46,Austin North Hills D,,,,,0.0271,,9.22,,63.0,30.2,35.226162,24.005943,1970-01-01T00:00:00+00:00,1970-01-01T00:00:00+00:00,50686.965,36452.13,4.4,0.0,4.4,5.0,15.506141,43.92,176.14597,21.05,4.2817316,28.643888,51.5,100.0,0.0,20.0,23.75,21.729166,4.2817316,84.19036,96.08128,66.38048,0.0,1012.1584,1013.6,1008.9,992.9912,994.2986,990.04083,19.365002,7.547584,4.32,0.54,22.559786,25.345667,20.222567,1.4311626,20.75,24.758331,167.0
BLAST.tv Austin Major 2025,Austin,2025-06-14,Vitality,Virtus.pro,d2,22 - 6,16,1.81,Austin North Hills D,,,,,0.022,,14.2,,63.0,29.55,33.933216,24.271137,1970-01-01T00:00:00+00:00,1970-01-01T00:00:00+00:00,50704.117,39091.934,7.9,0.0,7.9,6.0,17.14919,52.199997,175.53293,19.1,3.8064296,29.623505,63.125,100.0,2.0,20.75,24.05,23.022917,3.8064296,87.106544,97.91761,70.42219,0.0,1013.9875,1017.7,1011.4,994.8308,998.4044,992.35675,24.105,9.780558,9.0,4.6938257,23.676443,25.241806,21.257627,1.2217453,22.4,25.441666,167.0
BLAST.tv Austin Major 2025,Austin,2025-06-14,Vitality,Virtus.pro,trn,16 - 9,7,1.51,Austin North Hills D,,,,,0.022,,14.2,,63.0,29.55,33.933216,24.271137,1970-01-01T00:00:00+00:00,1970-01-01T00:00:00+00:00,50704.117,39091.934,7.9,0.0,7.9,6.0,17.14919,52.199997,175.53293,19.1,3.8064296,29.623505,63.125,100.0,2.0,20.75,24.05,23.022917,3.8064296,87.106544,97.91761,70.42219,0.0,1013.9875,1017.7,1011.4,994.8308,998.4044,992.35675,24.105,9.780558,9.0,4.6938257,23.676443,25.241806,21.257627,1.2217453,22.4,25.441666,167.0
BLAST.tv Austin Major 2025,Austin,2025-06-20,Vitality,Natus Vincere,mrg,17 - 11,6,1.4,Austin North Hills D,,,,,0.0215,,9.75,,51.0,33.95,37.574917,29.345139,1970-01-01T00:00:00+00:00,1970-01-01T00:00:00+00:00,50754.418,46800.0,0.8,0.0,0.8,4.0,17.046865,41.399998,167.86171,25.96,6.223657,32.76486,17.25,78.0,1.0,20.5,24.4,22.77083,6.223657,71.90284,96.75078,45.558437,0.0,1016.39166,1018.3,1013.2,997.40656,999.1733,994.5506,29.399998,12.920021,11.159999,5.4656014,24.601065,25.168394,23.841543,2.8853831,24.3,28.91667,167.0
BLAST.tv Austin Major 2025,Austin,2025-06-20,Vitality,Natus Vincere,nuke,24 - 16,8,1.49,Austin North Hills D,,,,,0.0215,,9.75,,51.0,33.95,37.574917,29.345139,1970-01-01T00:00:00+00:00,1970-01-01T00:00:00+00:00,50754.418,46800.0,0.8,0.0,0.8,4.0,17.046865,41.399998,167.86171,25.96,6.223657,32.76486,17.25,78.0,1.0,20.5,24.4,22.77083,6.223657,71.90284,96.75078,45.558437,0.0,1016.39166,1018.3,1013.2,997.40656,999.1733,994.5506,29.399998,12.920021,11.159999,5.4656014,24.601065,25.168394,23.841543,2.8853831,24.3,28.91667,167.0
BLAST.tv Austin Major 2025,Austin,2025-06-21,Vitality,MOUZ,inf,18 - 15,3,1.51,Austin North Hills D,,,,,0.0208,,11.7,,51.0,35.25,36.359043,28.102253,1970-01-01T00:00:00+00:00,1970-01-01T00:00:00+00:00,50754.29,45786.703,0.8,0.0,0.8,6.0,24.039942,56.519997,171.97441,26.28,6.9853873,31.578882,16.333334,53.0,1.0,18.5,23.15,21.464584,6.9853873,65.642715,91.08561,37.314297,0.0,1015.2874,1016.9,1012.4,996.3392,997.86615,993.8759,38.58,17.715544,23.4,11.705537,23.841791,24.736696,23.204622,3.5710642,24.4,29.18125,167.0
BLAST.tv Austin Major 2025,Austin,2025-06-21,Vitality,MOUZ,mrg,14 - 7,7,1.15,Austin North Hills D,,,,,0.0208,,11.7,,51.0,35.25,36.359043,28.102253,1970-01-01T00:00:00+00:00,1970-01-01T00:00:00+00:00,50754.29,45786.703,0.8,0.0,0.8,6.0,24.039942,56.519997,171.97441,26.28,6.9853873,31.578882,16.333334,53.0,1.0,18.5,23.15,21.464584,6.9853873,65.642715,91.08561,37.314297,0.0,1015.2874,1016.9,1012.4,996.3392,997.86615,993.8759,38.58,17.715544,23.4,11.705537,23.841791,24.736696,23.204622,3.5710642,24.4,29.18125,167.0
BLAST.tv Austin Major 2025,Austin,2025-06-21,Vitality,MOUZ,trn,21 - 10,11,1.77,Austin North Hills D,,,,,0.0208,,11.7,,51.0,35.25,36.359043,28.102253,1970-01-01T00:00:00+00:00,1970-01-01T00:00:00+00:00,50754.29,45786.703,0.8,0.0,0.8,6.0,24.039942,56.519997,171.97441,26.28,6.9853873,31.578882,16.333334,53.0,1.0,18.5,23.15,21.464584,6.9853873,65.642715,91.08561,37.314297,0.0,1015.2874,1016.9,1012.4,996.3392,997.86615,993.8759,38.58,17.715544,23.4,11.705537,23.841791,24.736696,23.204622,3.5710642,24.4,29.18125,167.0
BLAST.tv Austin Major 2025,Austin,2025-06-22,Vitality,The MongolZ,d2,18 - 8,10,1.97,Austin North Hills D,,,,,0.0206,,12.7,,53.0,35.05,36.919846,28.575653,1970-01-01T00:00:00+00:00,1970-01-01T00:00:00+00:00,50751.766,46800.0,1.1,0.0,1.1,3.0,23.4,50.399998,158.07306,25.3,6.6329517,31.759308,26.416666,100.0,0.0,17.75,23.55,21.579168,6.6329517,67.224915,93.32397,36.221066,0.0,1015.93756,1018.1,1012.7,996.96576,999.042,993.9872,35.415,15.659067,22.319998,11.272657,23.88502,25.33013,23.336163,3.5936356,24.55,28.997917,167.0
BLAST.tv Austin Major 2025,Austin,2025-06-22,Vitality,The MongolZ,inf,10 - 10,0,0.97,Austin North Hills D,,,,,0.0206,,12.7,,53.0,35.05,36.919846,28.575653,1970-01-01T00:00:00+00:00,1970-01-01T00:00:00+00:00,50751.766,46800.0,1.1,0.0,1.1,3.0,23.4,50.399998,158.07306,25.3,6.6329517,31.759308,26.416666,100.0,0.0,17.75,23.55,21.579168,6.6329517,67.224915,93.32397,36.221066,0.0,1015.93756,1018.1,1012.7,996.96576,999.042,993.9872,35.415,15.659067,22.319998,11.272657,23.88502,25.33013,23.336163,3.5936356,24.55,28.997917,167.0
BLAST.tv Austin Major 2025,Austin,2025-06-22,Vitality,The MongolZ,mrg,9 - 16,-7,0.69,Austin North Hills D,,,,,0.0206,,12.7,,53.0,35.05,36.919846,28.575653,1970-01-01T00:00:00+00:00,1970-01-01T00:00:00+00:00,50751.766,46800.0,1.1,0.0,1.1,3.0,23.4,50.399998,158.07306,25.3,6.6329517,31.759308,26.416666,100.0,0.0,17.75,23.55,21.579168,6.6329517,67.224915,93.32397,36.221066,0.0,1015.93756,1018.1,1012.7,996.96576,999.042,993.9872,35.415,15.659067,22.319998,11.272657,23.88502,25.33013,23.336163,3.5936356,24.55,28.997917,167.0
BLAST.tv Paris Major 2023,Paris,2023-05-13,Vitality,ENCE,vtg,28 - 16,12,1.33,PARIS 18eme,,3.04,22.1,,62.5,25.9,18.6,,63.0,20.0,20.050194,9.035521,1970-01-01T00:00:00+00:00,1970-01-01T00:00:00+00:00,54624.05,48269.44,12.199999,0.0,12.199999,7.0,21.2522,44.28,359.4306,24.78,3.6733758,13.358699,29.291666,98.0,0.0,9.8,13.05,11.3125,3.6733758,82.10016,95.75534,59.278576,0.0,1020.1834,1021.0,1019.4,1014.98883,1015.8091,1014.15454,27.344997,12.773255,12.959999,5.3517847,12.411652,15.163376,10.151708,0.9207243,10.65,14.520833,43.0
BLAST.tv Paris Major 2023,Paris,2023-05-13,Vitality,G2,nuke,30 - 16,14,1.6,PARIS 18eme,,3.04,22.1,,62.5,25.9,18.6,,63.0,20.0,20.050194,9.035521,1970-01-01T00:00:00+00:00,1970-01-01T00:00:00+00:00,54624.05,48269.44,12.199999,0.0,12.199999,7.0,21.2522,44.28,359.4306,24.78,3.6733758,13.358699,29.291666,98.0,0.0,9.8,13.05,11.3125,3.6733758,82.10016,95.75534,59.278576,0.0,1020.1834,1021.0,1019.4,1014.98883,1015.8091,1014.15454,27.344997,12.773255,12.959999,5.3517847,12.411652,15.163376,10.151708,0.9207243,10.65,14.520833,43.0
BLAST.tv Paris Major 2023,Paris,2023-05-14,Vitality,Monte,anb,20 - 12,8,1.33,PARIS 18eme,,1.91,16.5,,75.7,27.2,20.4,,3.0,18.6,17.74076,6.1482687,1970-01-01T00:00:00+00:00,1970-01-01T00:00:00+00:00,54788.004,51438.383,0.0,0.0,0.0,0.0,14.372974,30.599998,336.29077,24.29,3.5832853,11.819247,52.083332,100.0,1.0,7.8,11.85,9.722917,3.5832853,80.10042,96.98823,56.34821,0.0,1019.27924,1020.6,1017.5,1014.06854,1015.329,1012.363,23.984999,11.874553,17.28,9.220499,11.056229,13.928467,7.877943,0.9303194,8.25,13.375,43.0
BLAST.tv Paris Major 2023,Paris,2023-05-14,Vitality,Monte,nuke,24 - 20,4,1.26,PARIS 18eme,,1.91,16.5,,75.7,27.2,20.4,,3.0,18.6,17.74076,6.1482687,1970-01-01T00:00:00+00:00,1970-01-01T00:00:00+00:00,54788.004,51438.383,0.0,0.0,0.0,0.0,14.372974,30.599998,336.29077,24.29,3.5832853,11.819247,52.083332,100.0,1.0,7.8,11.85,9.722917,3.5832853,80.10042,96.98823,56.34821,0.0,1019.27924,1020.6,1017.5,1014.06854,1015.329,1012.363,23.984999,11.874553,17.28,9.220499,11.056229,13.928467,7.877943,0.9303194,8.25,13.375,43.0
BLAST.tv Paris Major 2023,Paris,2023-05-18,Vitality,Into the Breach,anb,26 - 12,14,1.7,PARIS 18eme,,2.12,18.9,,72.4,21.4,11.6,,3.0,16.85,14.03294,3.511839,1970-01-01T00:00:00+00:00,1970-01-01T00:00:00+00:00,55408.87,49983.54,0.0,0.0,0.0,0.0,19.171478,37.079998,18.493479,23.08,3.7586277,8.764459,67.708336,100.0,1.0,4.6,6.6,5.383333,3.7586277,66.53965,87.66002,45.15697,0.0,1025.5375,1026.6,1024.0,1020.2662,1021.30817,1018.79443,27.81,14.247102,20.519999,10.948973,8.153932,10.463116,5.2572126,1.047035,6.5,11.812499,43.0
BLAST.tv Paris Major 2023,Paris,2023-05-18,Vitality,Into the Breach,vtg,20 - 14,6,1.2,PARIS 18eme,,2.12,18.9,,72.4,21.4,11.6,,3.0,16.85,14.03294,3.511839,1970-01-01T00:00:00+00:00,1970-01-01T00:00:00+00:00,55408.87,49983.54,0.0,0.0,0.0,0.0,19.171478,37.079998,18.493479,23.08,3.7586277,8.764459,67.708336,100.0,1.0,4.6,6.6,5.383333,3.7586277,66.53965,87.66002,45.15697,0.0,1025.5375,1026.6,1024.0,1020.2662,1021.30817,1018.79443,27.81,14.247102,20.519999,10.948973,8.153932,10.463116,5.2572126,1.047035,6.5,11.812499,43.0
BLAST.tv Paris Major 2023,Paris,2023-05-20,Vitality,Apeks,mrg,27 - 20,7,1.29,PARIS 18eme,,2.13,18.3,,76.3,24.6,15.1,,51.0,19.7,17.499916,8.721865,1970-01-01T00:00:00+00:00,1970-01-01T00:00:00+00:00,55700.777,43207.19,0.2,0.0,0.2,1.0,20.65848,40.68,18.099937,19.82,3.982179,13.199618,83.5,100.0,10.0,6.35,10.95,8.947916,3.982179,64.66633,77.65362,50.2193,0.0,1018.7083,1021.7,1016.6,1013.5433,1016.4701,1011.5078,31.68,16.46334,24.84,12.864649,11.633819,13.801634,8.519565,1.1432645,11.7,15.737502,43.0
BLAST.tv Paris Major 2023,Paris,2023-05-20,Vitality,Apeks,vtg,23 - 16,7,1.22,PARIS 18eme,,2.13,18.3,,76.3,24.6,15.1,,51.0,19.7,17.499916,8.721865,1970-01-01T00:00:00+00:00,1970-01-01T00:00:00+00:00,55700.777,43207.19,0.2,0.0,0.2,1.0,20.65848,40.68,18.099937,19.82,3.982179,13.199618,83.5,100.0,10.0,6.35,10.95,8.947916,3.982179,64.66633,77.65362,50.2193,0.0,1018.7083,1021.7,1016.6,1013.5433,1016.4701,1011.5078,31.68,16.46334,24.84,12.864649,11.633819,13.801634,8.519565,1.1432645,11.7,15.737502,43.0
BLAST.tv Paris Major 2023,Paris,2023-05-21,Vitality,GamerLegion,nuke,29 - 15,14,1.6,PARIS 18eme,,1.93,16.1,,69.8,24.4,16.5,,3.0,20.95,19.41941,10.398688,1970-01-01T00:00:00+00:00,1970-01-01T00:00:00+00:00,55842.945,46965.05,0.0,0.0,0.0,0.0,20.393293,40.68,8.145839,24.18,4.2161007,14.883512,79.375,100.0,0.0,9.8,13.3,11.256251,4.2161007,72.09686,85.27381,54.208237,0.0,1016.4084,1017.1,1015.5,1011.269,1011.9181,1010.4143,30.284998,15.523611,21.599998,12.074766,13.188038,15.16452,10.589812,1.1358093,12.2,16.535416,43.0
BLAST.tv Paris Major 2023,Paris,2023-05-21,Vitality,GamerLegion,ovp,19 - 13,6,1.47,PARIS 18eme,,1.93,16.1,,69.8,24.4,16.5,,3.0,20.95,19.41941,10.398688,1970-01-01T00:00:00+00:00,1970-01-01T00:00:00+00:00,55842.945,46965.05,0.0,0.0,0.0,0.0,20.393293,40.68,8.145839,24.18,4.2161007,14.883512,79.375,100.0,0.0,9.8,13.3,11.256251,4.2161007,72.09686,85.27381,54.208237,0.0,1016.4084,1017.1,1015.5,1011.269,1011.9181,1010.4143,30.284998,15.523611,21.599998,12.074766,13.188038,15.16452,10.589812,1.1358093,12.2,16.535416,43.0
BLAST.tv Paris Major 2023 Europe RMR B,Copenhagen,2023-04-11,Vitality,Astralis,vtg,21 - 17,4,1.22,"""Copenhagen/1259""",222.0,11.9,10.4,,72.6,,,,61.0,9.2,6.964136,0.89416265,1970-01-01T00:00:00+00:00,1970-01-01T00:00:00+00:00,49857.53,12551.696,6.5999994,0.0,6.5999994,14.0,36.367126,63.0,194.99294,8.42,1.3395927,3.9632492,75.0,100.0,0.0,2.4,8.35,5.5124993,1.3395927,87.160774,97.001175,71.03606,0.0,1006.39575,1009.2,1003.9,1004.6827,1007.464,1002.1879,33.614998,17.244846,18.0,7.5942082,6.2583575,8.429628,2.9502397,0.32101333,4.0,7.5666676,14.0
BLAST.tv Paris Major 2023 Europe RMR B,Copenhagen,2023-04-11,Vitality,Ninjas in Pyjamas,vtg,23 - 15,8,1.27,"""Copenhagen/1259""",222.0,11.9,10.4,,72.6,,,,61.0,9.2,6.964136,0.89416265,1970-01-01T00:00:00+00:00,1970-01-01T00:00:00+00:00,49857.53,12551.696,6.5999994,0.0,6.5999994,14.0,36.367126,63.0,194.99294,8.42,1.3395927,3.9632492,75.0,100.0,0.0,2.4,8.35,5.5124993,1.3395927,87.160774,97.001175,71.03606,0.0,1006.39575,1009.2,1003.9,1004.6827,1007.464,1002.1879,33.614998,17.244846,18.0,7.5942082,6.2583575,8.429628,2.9502397,0.32101333,4.0,7.5666676,14.0
BLAST.tv Paris Major 2023 Europe RMR B,Copenhagen,2023-04-12,Vitality,9INE,anb,18 - 21,-3,0.94,"""Copenhagen/1259""",200.0,12.6,11.3,,71.7,,,,53.0,8.95,4.399905,-2.1759276,1970-01-01T00:00:00+00:00,1970-01-01T00:00:00+00:00,50129.176,37288.516,1.4,0.0,1.4,5.0,31.154043,53.639996,132.0141,18.36,1.8757771,1.6803108,47.916668,100.0,0.0,0.45,4.65,3.664584,1.8757771,84.484795,95.42418,72.13819,0.0,1005.44586,1009.9,1000.4,1003.7258,1008.15796,998.69385,38.204998,21.153955,9.36,5.4477882,4.607471,6.1834393,0.5930681,0.31940782,1.1,6.1541667,14.0
BLAST.tv Paris Major 2023 Europe RMR B,Copenhagen,2023-04-12,Vitality,9INE,vtg,27 - 22,5,1.37,"""Copenhagen/1259""",200.0,12.6,11.3,,71.7,,,,53.0,8.95,4.399905,-2.1759276,1970-01-01T00:00:00+00:00,1970-01-01T00:00:00+00:00,50129.176,37288.516,1.4,0.0,1.4,5.0,31.154043,53.639996,132.0141,18.36,1.8757771,1.6803108,47.916668,100.0,0.0,0.45,4.65,3.664584,1.8757771,84.484795,95.42418,72.13819,0.0,1005.44586,1009.9,1000.4,1003.7258,1008.15796,998.69385,38.204998,21.153955,9.36,5.4477882,4.607471,6.1834393,0.5930681,0.31940782,1.1,6.1541667,14.0
BLAST.tv Paris Major 2023 Europe RMR B,Copenhagen,2023-04-13,Vitality,BIG,mrg,20 - 15,5,1.23,"""Copenhagen/1259""",164.0,12.3,11.1,,77.7,,,,61.0,9.7,5.8036776,1.0805125,1970-01-01T00:00:00+00:00,1970-01-01T00:00:00+00:00,50401.055,43757.76,3.8000002,0.0,3.8000002,5.0,31.487143,54.719997,141.66908,18.02,1.8396044,3.5286677,61.125,100.0,0.0,4.3,6.8,5.583334,1.8396044,87.74536,93.987274,79.06998,0.0,1003.72925,1010.3,998.5,1002.0203,1008.56964,996.79364,38.415,20.133278,21.96,10.182337,6.240694,7.766839,4.8192205,0.24981803,5.8,7.502083,14.0
BLAST.tv Paris Major 2023 Europe RMR B,Copenhagen,2023-04-13,Vitality,BIG,nuke,22 - 10,12,1.49,"""Copenhagen/1259""",164.0,12.3,11.1,,77.7,,,,61.0,9.7,5.8036776,1.0805125,1970-01-01T00:00:00+00:00,1970-01-01T00:00:00+00:00,50401.055,43757.76,3.8000002,0.0,3.8000002,5.0,31.487143,54.719997,141.66908,18.02,1.8396044,3.5286677,61.125,100.0,0.0,4.3,6.8,5.583334,1.8396044,87.74536,93.987274,79.06998,0.0,1003.72925,1010.3,998.5,1002.0203,1008.56964,996.79364,38.415,20.133278,21.96,10.182337,6.240694,7.766839,4.8192205,0.24981803,5.8,7.502083,14.0
BLAST.tv Paris Major 2023 Europe RMR B,Copenhagen,2023-04-13,Vitality,BIG,ovp,20 - 10,10,1.42,"""Copenhagen/1259""",164.0,12.3,11.1,,77.7,,,,61.0,9.7,5.8036776,1.0805125,1970-01-01T00:00:00+00:00,1970-01-01T00:00:00+00:00,50401.055,43757.76,3.8000002,0.0,3.8000002,5.0,31.487143,54.719997,141.66908,18.02,1.8396044,3.5286677,61.125,100.0,0.0,4.3,6.8,5.583334,1.8396044,87.74536,93.987274,79.06998,0.0,1003.72925,1010.3,998.5,1002.0203,1008.56964,996.79364,38.415,20.133278,21.96,10.182337,6.240694,7.766839,4.8192205,0.24981803,5.8,7.502083,14.0
BLAST.tv Paris Major 2023 Europe RMR B,Copenhagen,2023-04-14,Vitality,G2,anb,20 - 9,11,1.48,"""Copenhagen/1259""",177.0,11.7,12.4,,49.7,,,,53.0,8.6,6.7927723,1.226635,1970-01-01T00:00:00+00:00,1970-01-01T00:00:00+00:00,50672.99,9824.212,4.3999996,0.0,4.3999996,12.0,21.077686,36.719997,53.756283,5.95,0.8025135,4.1454177,99.958336,100.0,99.0,2.85,8.05,5.737499,0.8025135,92.38443,96.33994,85.752815,0.0,1011.75006,1012.5,1010.5,1010.0237,1010.7719,1008.7658,21.795,11.697679,7.5599995,5.2416787,6.082948,8.163742,3.0556011,0.15843463,3.65,6.893749,14.0
BLAST.tv Paris Major 2023 Europe RMR B,Copenhagen,2023-04-14,Vitality,G2,mrg,26 - 15,11,1.59,"""Copenhagen/1259""",177.0,11.7,12.4,,49.7,,,,53.0,8.6,6.7927723,1.226635,1970-01-01T00:00:00+00:00,1970-01-01T00:00:00+00:00,50672.99,9824.212,4.3999996,0.0,4.3999996,12.0,21.077686,36.719997,53.756283,5.95,0.8025135,4.1454177,99.958336,100.0,99.0,2.85,8.05,5.737499,0.8025135,92.38443,96.33994,85.752815,0.0,1011.75006,1012.5,1010.5,1010.0237,1010.7719,1008.7658,21.795,11.697679,7.5599995,5.2416787,6.082948,8.163742,3.0556011,0.15843463,3.65,6.893749,14.0
BLAST.tv Paris Major 2023 Europe RMR B,Copenhagen,2023-04-15,Vitality,Monte,mrg,20 - 8,12,1.56,"""Copenhagen/1259""",117.0,7.52,5.63,,75.0,,,,51.0,11.7,7.6243734,2.309022,1970-01-01T00:00:00+00:00,1970-01-01T00:00:00+00:00,50944.824,40289.582,0.1,0.0,0.1,1.0,26.6327,50.76,71.28583,17.39,2.273373,4.6016507,93.875,100.0,44.0,4.3,6.65,5.5125003,2.273373,78.88435,89.26388,71.15108,0.0,1015.1499,1019.9,1011.2,1013.43115,1018.1683,1009.4776,41.819996,23.072855,30.960001,17.595861,6.877356,8.665589,5.723033,0.39702457,7.0,9.033334,14.0
BLAST.tv Paris Major 2023 Europe RMR B,Copenhagen,2023-04-15,Vitality,Monte,nuke,19 - 17,2,1.12,"""Copenhagen/1259""",117.0,7.52,5.63,,75.0,,,,51.0,11.7,7.6243734,2.309022,1970-01-01T00:00:00+00:00,1970-01-01T00:00:00+00:00,50944.824,40289.582,0.1,0.0,0.1,1.0,26.6327,50.76,71.28583,17.39,2.273373,4.6016507,93.875,100.0,44.0,4.3,6.65,5.5125003,2.273373,78.88435,89.26388,71.15108,0.0,1015.1499,1019.9,1011.2,1013.43115,1018.1683,1009.4776,41.819996,23.072855,30.960001,17.595861,6.877356,8.665589,5.723033,0.39702457,7.0,9.033334,14.0
Charleroi Esports,Charleroi,2019-04-12,Vitality,FrostFire,cch,20 - 13,7,1.46,45R512 - MARCHIENNE,0.277,,19.7,,,26.2,17.2,0.167,3.0,6.9,1.7429953,-2.780615,1970-01-01T00:00:00+00:00,1970-01-01T00:00:00+00:00,48951.59,27528.43,0.0,0.0,0.0,0.0,19.35314,38.519997,46.073753,12.72,2.0043175,-0.06666538,67.041664,100.0,13.0,-4.75,-0.85,-2.84375,2.0043175,60.894855,83.08155,44.752865,0.0,1024.5166,1025.7,1023.8,1007.9041,1008.8669,1007.1006,25.755001,13.120325,15.119999,7.386582,0.9830504,2.2349606,-0.48190832,0.55089843,1.0,4.3645835,133.0
Charleroi Esports,Charleroi,2019-04-12,Vitality,Sprout,mrg,13 - 13,0,1.09,45R512 - MARCHIENNE,0.277,,19.7,,,26.2,17.2,0.167,3.0,6.9,1.7429953,-2.780615,1970-01-01T00:00:00+00:00,1970-01-01T00:00:00+00:00,48951.59,27528.43,0.0,0.0,0.0,0.0,19.35314,38.519997,46.073753,12.72,2.0043175,-0.06666538,67.041664,100.0,13.0,-4.75,-0.85,-2.84375,2.0043175,60.894855,83.08155,44.752865,0.0,1024.5166,1025.7,1023.8,1007.9041,1008.8669,1007.1006,25.755001,13.120325,15.119999,7.386582,0.9830504,2.2349606,-0.48190832,0.55089843,1.0,4.3645835,133.0
Charleroi Esports,Charleroi,2019-04-14,Vitality,G2,cch,20 - 9,11,1.66,45R512 - MARCHIENNE,0.302,,22.0,,,15.7,9.83,0.0,51.0,7.8,4.528407,-6.4012976,1970-01-01T00:00:00+00:00,1970-01-01T00:00:00+00:00,49395.453,23327.385,0.3,0.0,0.3,1.0,17.418196,36.36,57.391296,11.22,1.3909674,-0.9126947,60.25,100.0,0.0,-3.45,3.3,-0.4604168,1.3909674,79.405846,97.43314,65.355934,0.0,1024.5374,1026.7,1023.6,1007.837,1009.94116,1006.6577,24.525,11.385413,8.28,3.6179552,1.0276552,4.545825,-3.3780131,0.36512768,-2.95,2.925,133.0
Charleroi Esports,Charleroi,2019-04-14,Vitality,G2,nuke,20 - 15,5,1.08,45R512 - MARCHIENNE,0.302,,22.0,,,15.7,9.83,0.0,51.0,7.8,4.528407,-6.4012976,1970-01-01T00:00:00+00:00,1970-01-01T00:00:00+00:00,49395.453,23327.385,0.3,0.0,0.3,1.0,17.418196,36.36,57.391296,11.22,1.3909674,-0.9126947,60.25,100.0,0.0,-3.45,3.3,-0.4604168,1.3909674,79.405846,97.43314,65.355934,0.0,1024.5374,1026.7,1023.6,1007.837,1009.94116,1006.6577,24.525,11.385413,8.28,3.6179552,1.0276552,4.545825,-3.3780131,0.36512768,-2.95,2.925,133.0
Charleroi Esports,Charleroi,2019-04-14,Vitality,G2,ovp,27 - 22,5,1.19,45R512 - MARCHIENNE,0.302,,22.0,,,15.7,9.83,0.0,51.0,7.8,4.528407,-6.4012976,1970-01-01T00:00:00+00:00,1970-01-01T00:00:00+00:00,49395.453,23327.385,0.3,0.0,0.3,1.0,17.418196,36.36,57.391296,11.22,1.3909674,-0.9126947,60.25,100.0,0.0,-3.45,3.3,-0.4604168,1.3909674,79.405846,97.43314,65.355934,0.0,1024.5374,1026.7,1023.6,1007.837,1009.94116,1006.6577,24.525,11.385413,8.28,3.6179552,1.0276552,4.545825,-3.3780131,0.36512768,-2.95,2.925,133.0
Charleroi Esports,Charleroi,2019-04-14,Vitality,Sprout,cch,16 - 9,7,1.21,45R512 - MARCHIENNE,0.302,,22.0,,,15.7,9.83,0.0,51.0,7.8,4.528407,-6.4012976,1970-01-01T00:00:00+00:00,1970-01-01T00:00:00+00:00,49395.453,23327.385,0.3,0.0,0.3,1.0,17.418196,36.36,57.391296,11.22,1.3909674,-0.9126947,60.25,100.0,0.0,-3.45,3.3,-0.4604168,1.3909674,79.405846,97.43314,65.355934,0.0,1024.5374,1026.7,1023.6,1007.837,1009.94116,1006.6577,24.525,11.385413,8.28,3.6179552,1.0276552,4.545825,-3.3780131,0.36512768,-2.95,2.925,133.0
Charleroi Esports,Charleroi,2019-04-14,Vitality,Sprout,inf,29 - 13,16,1.73,45R512 - MARCHIENNE,0.302,,22.0,,,15.7,9.83,0.0,51.0,7.8,4.528407,-6.4012976,1970-01-01T00:00:00+00:00,1970-01-01T00:00:00+00:00,49395.453,23327.385,0.3,0.0,0.3,1.0,17.418196,36.36,57.391296,11.22,1.3909674,-0.9126947,60.25,100.0,0.0,-3.45,3.3,-0.4604168,1.3909674,79.405846,97.43314,65.355934,0.0,1024.5374,1026.7,1023.6,1007.837,1009.94116,1006.6577,24.525,11.385413,8.28,3.6179552,1.0276552,4.545825,-3.3780131,0.36512768,-2.95,2.925,133.0
DreamHack Masters Dallas 2019,Dallas,2019-05-28,Vitality,North,ovp,21 - 19,2,1.18,Dallas Hinton St. C4,,,,,0.0261,,,,51.0,29.65,30.71243,22.579887,1970-01-01T00:00:00+00:00,1970-01-01T00:00:00+00:00,50768.258,37774.01,0.9,0.0,0.9,6.0,33.40055,56.519997,175.58195,17.02,4.8704953,26.499466,48.208332,100.0,0.0,19.35,21.2,20.31875,4.8704953,71.50161,88.48157,58.319664,0.0,1007.4333,1009.1,1004.4,992.26855,993.8578,989.46234,42.735004,24.402645,29.88,15.84,22.017113,23.65384,20.346235,1.7320712,22.4,26.002085,133.0
DreamHack Masters Dallas 2019,Dallas,2019-05-29,Vitality,Lucid Dream,d2,20 - 7,13,1.66,Dallas Hinton St. C4,,,,,0.0189,,,,65.0,28.9,31.663372,23.273088,1970-01-01T00:00:00+00:00,1970-01-01T00:00:00+00:00,50828.133,19669.035,78.2,0.0,78.2,14.0,24.490587,56.16,164.56158,9.81,2.372392,26.46763,66.375,100.0,4.0,20.2,22.75,21.554169,2.372392,86.88382,97.30777,69.455986,0.0,1006.7666,1008.2,1004.3,991.5078,992.885,989.3271,37.2,14.730855,17.64,1.2979984,22.19906,24.487686,20.475197,1.2153511,21.25,23.931252,133.0
DreamHack Masters Dallas 2019,Dallas,2019-05-29,Vitality,Lucid Dream,nuke,21 - 3,18,2.13,Dallas Hinton St. C4,,,,,0.0189,,,,65.0,28.9,31.663372,23.273088,1970-01-01T00:00:00+00:00,1970-01-01T00:00:00+00:00,50828.133,19669.035,78.2,0.0,78.2,14.0,24.490587,56.16,164.56158,9.81,2.372392,26.46763,66.375,100.0,4.0,20.2,22.75,21.554169,2.372392,86.88382,97.30777,69.455986,0.0,1006.7666,1008.2,1004.3,991.5078,992.885,989.3271,37.2,14.730855,17.64,1.2979984,22.19906,24.487686,20.475197,1.2153511,21.25,23.931252,133.0
DreamHack Masters Dallas 2019,Dallas,2019-05-29,Vitality,Ninjas in Pyjamas,d2,21 - 17,4,1.14,Dallas Hinton St. C4,,,,,0.0189,,,,65.0,28.9,31.663372,23.273088,1970-01-01T00:00:00+00:00,1970-01-01T00:00:00+00:00,50828.133,19669.035,78.2,0.0,78.2,14.0,24.490587,56.16,164.56158,9.81,2.372392,26.46763,66.375,100.0,4.0,20.2,22.75,21.554169,2.372392,86.88382,97.30777,69.455986,0.0,1006.7666,1008.2,1004.3,991.5078,992.885,989.3271,37.2,14.730855,17.64,1.2979984,22.19906,24.487686,20.475197,1.2153511,21.25,23.931252,133.0
DreamHack Masters Dallas 2019,Dallas,2019-05-29,Vitality,Ninjas in Pyjamas,ovp,16 - 12,4,1.28,Dallas Hinton St. C4,,,,,0.0189,,,,65.0,28.9,31.663372,23.273088,1970-01-01T00:00:00+00:00,1970-01-01T00:00:00+00:00,50828.133,19669.035,78.2,0.0,78.2,14.0,24.490587,56.16,164.56158,9.81,2.372392,26.46763,66.375,100.0,4.0,20.2,22.75,21.554169,2.372392,86.88382,97.30777,69.455986,0.0,1006.7666,1008.2,1004.3,991.5078,992.885,989.3271,37.2,14.730855,17.64,1.2979984,22.19906,24.487686,20.475197,1.2153511,21.25,23.931252,133.0
DreamHack Masters Dallas 2019,Dallas,2019-05-30,Vitality,North,mrg,19 - 14,5,1.1,Dallas Hinton St. C4,,,,,0.0365,,,,65.0,28.15,32.331985,17.622787,1970-01-01T00:00:00+00:00,1970-01-01T00:00:00+00:00,50885.867,37570.39,17.7,0.0,17.7,3.0,15.30741,31.319998,355.96786,26.7,5.1556063,24.656084,32.708332,100.0,0.0,15.8,21.6,18.616667,5.1556063,80.93983,95.97894,55.435253,0.0,1012.0874,1015.4,1007.1,996.6663,1000.0402,991.75806,21.765,9.961088,12.959999,2.7416782,19.773218,22.01555,16.216766,1.6832924,17.3,22.377083,133.0
DreamHack Masters Dallas 2019,Dallas,2019-05-30,Vitality,North,nuke,21 - 13,8,1.36,Dallas Hinton St. C4,,,,,0.0365,,,,65.0,28.15,32.331985,17.622787,1970-01-01T00:00:00+00:00,1970-01-01T00:00:00+00:00,50885.867,37570.39,17.7,0.0,17.7,3.0,15.30741,31.319998,355.96786,26.7,5.1556063,24.656084,32.708332,100.0,0.0,15.8,21.6,18.616667,5.1556063,80.93983,95.97894,55.435253,0.0,1012.0874,1015.4,1007.1,996.6663,1000.0402,991.75806,21.765,9.961088,12.959999,2.7416782,19.773218,22.01555,16.216766,1.6832924,17.3,22.377083,133.0
DreamHack Masters Dallas 2019,Dallas,2019-05-31,Vitality,FURIA,inf,25 - 16,9,1.69,Dallas Hinton St. C4,,,,,0.0267,,,,55.0,28.15,32.61754,20.542212,1970-01-01T00:00:00+00:00,1970-01-01T00:00:00+00:00,50941.383,25350.96,2.0,0.0,2.0,3.0,12.758432,23.4,109.440186,19.25,3.913437,25.294733,40.75,100.0,1.0,17.45,20.3,18.525,3.913437,78.391655,95.46371,54.437332,0.0,1015.33344,1018.5,1012.9,999.88544,1002.9949,997.6914,13.589999,6.571058,2.8799999,0.71999997,19.859251,21.499428,17.814438,1.7315092,18.8,22.808336,133.0
DreamHack Masters Dallas 2019,Dallas,2019-05-31,Vitality,FURIA,nuke,15 - 22,-7,0.91,Dallas Hinton St. C4,,,,,0.0267,,,,55.0,28.15,32.61754,20.542212,1970-01-01T00:00:00+00:00,1970-01-01T00:00:00+00:00,50941.383,25350.96,2.0,0.0,2.0,3.0,12.758432,23.4,109.440186,19.25,3.913437,25.294733,40.75,100.0,1.0,17.45,20.3,18.525,3.913437,78.391655,95.46371,54.437332,0.0,1015.33344,1018.5,1012.9,999.88544,1002.9949,997.6914,13.589999,6.571058,2.8799999,0.71999997,19.859251,21.499428,17.814438,1.7315092,18.8,22.808336,133.0
DreamHack Open Atlanta 2018,Atlanta,2018-11-16,Vitality,Ghost,cch,20 - 21,-1,1.09,United Ave,,,,,,,9.76,,3.0,12.05,8.59138,-6.6820116,1970-01-01T00:00:00+00:00,1970-01-01T00:00:00+00:00,37403.316,35036.816,0.0,0.0,0.0,0.0,21.096123,37.079998,299.92993,13.39,1.885073,-1.4387614,64.333336,100.0,0.0,-4.7,4.25,-1.9291668,1.885073,70.025154,81.228226,52.41275,0.0,1022.0915,1024.4,1019.7,981.977,984.0949,980.6574,29.835005,15.665846,12.959999,7.386582,0.5103033,7.19773,-3.037763,0.67067283,-1.45,3.1854165,325.0
DreamHack Open Atlanta 2018,Atlanta,2018-11-17,Vitality,Fragsters,cch,18 - 15,3,1.3,United Ave,,,,,,,15.5,,3.0,15.85,14.400301,-0.28824377,1970-01-01T00:00:00+00:00,1970-01-01T00:00:00+00:00,37314.406,35039.004,0.0,0.0,0.0,0.0,10.383987,19.44,321.2192,14.06,1.9903337,5.490534,21.5,100.0,0.0,1.65,6.2,3.4958336,1.9903337,75.502716,91.81138,51.438168,0.0,1023.13324,1025.5,1021.3,983.64325,986.2237,981.6719,14.159999,6.9123764,2.16,1.609969,5.360016,10.298187,2.029398,0.87549585,2.85,7.9520836,325.0
DreamHack Open Atlanta 2018,Atlanta,2018-11-17,Vitality,Fragsters,d2,21 - 10,11,1.57,United Ave,,,,,,,15.5,,3.0,15.85,14.400301,-0.28824377,1970-01-01T00:00:00+00:00,1970-01-01T00:00:00+00:00,37314.406,35039.004,0.0,0.0,0.0,0.0,10.383987,19.44,321.2192,14.06,1.9903337,5.490534,21.5,100.0,0.0,1.65,6.2,3.4958336,1.9903337,75.502716,91.81138,51.438168,0.0,1023.13324,1025.5,1021.3,983.64325,986.2237,981.6719,14.159999,6.9123764,2.16,1.609969,5.360016,10.298187,2.029398,0.87549585,2.85,7.9520836,325.0
DreamHack Open Atlanta 2018,Atlanta,2018-11-18,Vitality,Complexity,d2,19 - 19,0,0.98,United Ave,,,,,,,24.3,,3.0,15.65,15.06497,0.68595934,1970-01-01T00:00:00+00:00,1970-01-01T00:00:00+00:00,37227.82,35140.79,0.0,0.0,0.0,0.0,9.0,16.199999,92.59557,13.45,1.8975464,7.1367545,40.208332,100.0,0.0,2.9,9.7,5.9895835,1.8975464,82.963394,97.55525,61.200497,0.0,1023.9001,1026.3,1021.7,984.5192,987.1616,982.9532,11.474999,5.9776316,6.8399997,1.0182338,7.085857,11.2377825,2.924327,0.6905643,3.25,8.95,325.0
DreamHack Open Atlanta 2018,Atlanta,2018-11-18,Vitality,Complexity,nuke,31 - 11,20,2.07,United Ave,,,,,,,24.3,,3.0,15.65,15.06497,0.68595934,1970-01-01T00:00:00+00:00,1970-01-01T00:00:00+00:00,37227.82,35140.79,0.0,0.0,0.0,0.0,9.0,16.199999,92.59557,13.45,1.8975464,7.1367545,40.208332,100.0,0.0,2.9,9.7,5.9895835,1.8975464,82.963394,97.55525,61.200497,0.0,1023.9001,1026.3,1021.7,984.5192,987.1616,982.9532,11.474999,5.9776316,6.8399997,1.0182338,7.085857,11.2377825,2.924327,0.6905643,3.25,8.95,325.0
DreamHack Open Atlanta 2018,Atlanta,2018-11-18,Vitality,Complexity,trn,31 - 10,21,2.16,United Ave,,,,,,,24.3,,3.0,15.65,15.06497,0.68595934,1970-01-01T00:00:00+00:00,1970-01-01T00:00:00+00:00,37227.82,35140.79,0.0,0.0,0.0,0.0,9.0,16.199999,92.59557,13.45,1.8975464,7.1367545,40.208332,100.0,0.0,2.9,9.7,5.9895835,1.8975464,82.963394,97.55525,61.200497,0.0,1023.9001,1026.3,1021.7,984.5192,987.1616,982.9532,11.474999,5.9776316,6.8399997,1.0182338,7.085857,11.2377825,2.924327,0.6905643,3.25,8.95,325.0
DreamHack Open Atlanta 2018,Atlanta,2018-11-18,Vitality,Rogue,nuke,17 - 11,6,1.38,United Ave,,,,,,,24.3,,3.0,15.65,15.06497,0.68595934,1970-01-01T00:00:00+00:00,1970-01-01T00:00:00+00:00,37227.82,35140.79,0.0,0.0,0.0,0.0,9.0,16.199999,92.59557,13.45,1.8975464,7.1367545,40.208332,100.0,0.0,2.9,9.7,5.9895835,1.8975464,82.963394,97.55525,61.200497,0.0,1023.9001,1026.3,1021.7,984.5192,987.1616,982.9532,11.474999,5.9776316,6.8399997,1.0182338,7.085857,11.2377825,2.924327,0.6905643,3.25,8.95,325.0
DreamHack Open Atlanta 2018,Atlanta,2018-11-18,Vitality,Rogue,ovp,27 - 17,10,1.76,United Ave,,,,,,,24.3,,3.0,15.65,15.06497,0.68595934,1970-01-01T00:00:00+00:00,1970-01-01T00:00:00+00:00,37227.82,35140.79,0.0,0.0,0.0,0.0,9.0,16.199999,92.59557,13.45,1.8975464,7.1367545,40.208332,100.0,0.0,2.9,9.7,5.9895835,1.8975464,82.963394,97.55525,61.200497,0.0,1023.9001,1026.3,1021.7,984.5192,987.1616,982.9532,11.474999,5.9776316,6.8399997,1.0182338,7.085857,11.2377825,2.924327,0.6905643,3.25,8.95,325.0
DreamHack Open Atlanta 2018,Atlanta,2018-11-19,Vitality,Luminosity,mrg,18 - 6,12,1.58,United Ave,,,,,,,22.4,,3.0,17.65,16.190489,2.2905078,1970-01-01T00:00:00+00:00,1970-01-01T00:00:00+00:00,37143.7,27998.41,0.0,0.0,0.0,0.0,11.113451,21.24,149.86543,11.87,1.7620572,8.364871,58.666668,100.0,0.0,4.25,10.5,7.3624997,1.7620572,85.68757,100.0,59.24009,0.0,1021.2083,1022.8,1018.0,982.0591,983.5534,979.618,11.955,6.173171,2.16,0.71999997,8.263366,12.818754,4.1485424,0.8235692,4.25,9.897917,325.0
DreamHack Open Atlanta 2018,Atlanta,2018-11-19,Vitality,Luminosity,ovp,19 - 11,8,1.41,United Ave,,,,,,,22.4,,3.0,17.65,16.190489,2.2905078,1970-01-01T00:00:00+00:00,1970-01-01T00:00:00+00:00,37143.7,27998.41,0.0,0.0,0.0,0.0,11.113451,21.24,149.86543,11.87,1.7620572,8.364871,58.666668,100.0,0.0,4.25,10.5,7.3624997,1.7620572,85.68757,100.0,59.24009,0.0,1021.2083,1022.8,1018.0,982.0591,983.5534,979.618,11.955,6.173171,2.16,0.71999997,8.263366,12.818754,4.1485424,0.8235692,4.25,9.897917,325.0
ECS Season 7 Finals,London,2019-06-06,Vitality,Complexity,d2,21 - 10,11,1.33,Camden - Bloomsbury,,,13.3,,56.3,11.0,5.3,1.96,51.0,17.2,13.530947,6.649744,1970-01-01T00:00:00+00:00,1970-01-01T00:00:00+00:00,59210.14,54786.727,0.1,0.0,0.1,1.0,23.03156,42.839996,211.59003,25.27,4.2680373,10.558614,44.75,100.0,0.0,3.8,7.85,6.03125,4.2680373,63.13682,92.80416,41.923306,0.0,1010.1458,1011.8,1007.6,1008.222,1009.8708,1005.6678,27.269995,14.5992,10.440001,6.9247384,9.351089,10.516711,7.913804,1.1372231,8.7,13.533333,16.0
ECS Season 7 Finals,London,2019-06-06,Vitality,North,d2,12 - 18,-6,0.82,Camden - Bloomsbury,,,13.3,,56.3,11.0,5.3,1.96,51.0,17.2,13.530947,6.649744,1970-01-01T00:00:00+00:00,1970-01-01T00:00:00+00:00,59210.14,54786.727,0.1,0.0,0.1,1.0,23.03156,42.839996,211.59003,25.27,4.2680373,10.558614,44.75,100.0,0.0,3.8,7.85,6.03125,4.2680373,63.13682,92.80416,41.923306,0.0,1010.1458,1011.8,1007.6,1008.222,1009.8708,1005.6678,27.269995,14.5992,10.440001,6.9247384,9.351089,10.516711,7.913804,1.1372231,8.7,13.533333,16.0
ECS Season 7 Finals,London,2019-06-06,Vitality,North,inf,15 - 15,0,1.0,Camden - Bloomsbury,,,13.3,,56.3,11.0,5.3,1.96,51.0,17.2,13.530947,6.649744,1970-01-01T00:00:00+00:00,1970-01-01T00:00:00+00:00,59210.14,54786.727,0.1,0.0,0.1,1.0,23.03156,42.839996,211.59003,25.27,4.2680373,10.558614,44.75,100.0,0.0,3.8,7.85,6.03125,4.2680373,63.13682,92.80416,41.923306,0.0,1010.1458,1011.8,1007.6,1008.222,1009.8708,1005.6678,27.269995,14.5992,10.440001,6.9247384,9.351089,10.516711,7.913804,1.1372231,8.7,13.533333,16.0
ECS Season 7 Finals,London,2019-06-06,Vitality,North,nuke,21 - 17,4,1.29,Camden - Bloomsbury,,,13.3,,56.3,11.0,5.3,1.96,51.0,17.2,13.530947,6.649744,1970-01-01T00:00:00+00:00,1970-01-01T00:00:00+00:00,59210.14,54786.727,0.1,0.0,0.1,1.0,23.03156,42.839996,211.59003,25.27,4.2680373,10.558614,44.75,100.0,0.0,3.8,7.85,6.03125,4.2680373,63.13682,92.80416,41.923306,0.0,1010.1458,1011.8,1007.6,1008.222,1009.8708,1005.6678,27.269995,14.5992,10.440001,6.9247384,9.351089,10.516711,7.913804,1.1372231,8.7,13.533333,16.0
ECS Season 7 Finals,London,2019-06-07,Vitality,Complexity,d2,24 - 18,6,1.38,Camden - Bloomsbury,,,34.2,,35.8,12.9,7.0,2.45,61.0,17.2,14.402615,8.648416,1970-01-01T00:00:00+00:00,1970-01-01T00:00:00+00:00,59294.504,22164.918,7.099999,0.0,7.099999,17.0,25.77962,44.28,102.66371,10.61,2.0579216,11.051654,87.0,100.0,24.0,6.75,12.7,9.96875,2.0579216,79.55035,92.3555,59.33053,0.0,1002.3501,1010.5,997.1,1000.441,1008.5594,995.2004,30.524994,17.073599,11.5199995,6.3690495,11.235004,13.411661,8.46343,0.79876125,11.05,13.512501,16.0
ECS Season 7 Finals,London,2019-06-07,Vitality,Complexity,nuke,19 - 15,4,1.32,Camden - Bloomsbury,,,34.2,,35.8,12.9,7.0,2.45,61.0,17.2,14.402615,8.648416,1970-01-01T00:00:00+00:00,1970-01-01T00:00:00+00:00,59294.504,22164.918,7.099999,0.0,7.099999,17.0,25.77962,44.28,102.66371,10.61,2.0579216,11.051654,87.0,100.0,24.0,6.75,12.7,9.96875,2.0579216,79.55035,92.3555,59.33053,0.0,1002.3501,1010.5,997.1,1000.441,1008.5594,995.2004,30.524994,17.073599,11.5199995,6.3690495,11.235004,13.411661,8.46343,0.79876125,11.05,13.512501,16.0
ECS Season 7 Finals,London,2019-06-08,Vitality,NRG,mrg,26 - 12,14,1.74,Camden - Bloomsbury,,,8.09,,55.0,10.9,5.5,1.86,55.0,17.0,11.450608,7.293335,1970-01-01T00:00:00+00:00,1970-01-01T00:00:00+00:00,59372.77,36649.855,3.5999997,0.0,3.5999997,13.0,35.06999,64.799995,244.72939,18.69,3.2698681,9.552139,64.708336,100.0,2.0,6.2,10.7,8.385416,3.2698681,72.819786,96.09576,50.692867,0.0,1011.1541,1020.2,1000.3,1009.2282,1018.23254,998.3806,44.370003,24.553055,17.28,9.422101,10.4454775,12.125668,8.038361,0.9563228,9.95,13.497914,16.0
ECS Season 7 Finals,London,2019-06-08,Vitality,NRG,ovp,36 - 20,16,1.72,Camden - Bloomsbury,,,8.09,,55.0,10.9,5.5,1.86,55.0,17.0,11.450608,7.293335,1970-01-01T00:00:00+00:00,1970-01-01T00:00:00+00:00,59372.77,36649.855,3.5999997,0.0,3.5999997,13.0,35.06999,64.799995,244.72939,18.69,3.2698681,9.552139,64.708336,100.0,2.0,6.2,10.7,8.385416,3.2698681,72.819786,96.09576,50.692867,0.0,1011.1541,1020.2,1000.3,1009.2282,1018.23254,998.3806,44.370003,24.553055,17.28,9.422101,10.4454775,12.125668,8.038361,0.9563228,9.95,13.497914,16.0
ECS Season 7 Finals,London,2019-06-09,Vitality,FURIA,inf,23 - 14,9,1.56,Camden - Bloomsbury,,,9.41,,51.4,10.1,4.0,1.77,51.0,17.8,16.3846,6.498537,1970-01-01T00:00:00+00:00,1970-01-01T00:00:00+00:00,59445.586,43778.402,0.2,0.0,0.2,1.0,10.805998,23.4,227.98071,21.65,3.7466953,11.923771,88.041664,100.0,47.0,5.15,9.05,6.972917,3.7466953,65.93166,91.837425,44.68708,0.0,1020.14984,1021.7,1018.5,1018.20874,1019.75525,1016.552,17.595001,8.495253,9.0,4.829907,9.893993,11.175655,7.4726086,1.1223121,8.35,13.814583,16.0
ECS Season 7 Finals,London,2019-06-09,Vitality,FURIA,ovp,25 - 6,19,2.14,Camden - Bloomsbury,,,9.41,,51.4,10.1,4.0,1.77,51.0,17.8,16.3846,6.498537,1970-01-01T00:00:00+00:00,1970-01-01T00:00:00+00:00,59445.586,43778.402,0.2,0.0,0.2,1.0,10.805998,23.4,227.98071,21.65,3.7466953,11.923771,88.041664,100.0,47.0,5.15,9.05,6.972917,3.7466953,65.93166,91.837425,44.68708,0.0,1020.14984,1021.7,1018.5,1018.20874,1019.75525,1016.552,17.595001,8.495253,9.0,4.829907,9.893993,11.175655,7.4726086,1.1223121,8.35,13.814583,16.0
ESEA MDL Season 31 Europe Finals,Dallas,2019-07-12,Vitality,Sprout,mrg,23 - 15,8,1.38,Dallas Hinton St. C4,,,,,0.0363,,,,1.0,32.6,36.069485,25.06742,1970-01-01T00:00:00+00:00,1970-01-01T00:00:00+00:00,50958.277,47394.094,0.0,0.0,0.0,0.0,17.148247,32.039997,32.999336,28.4,6.7950993,30.69271,9.041667,34.0,0.0,17.2,23.4,19.675001,6.7950993,61.317165,78.70554,40.547596,0.0,1011.91675,1013.2,1008.8,996.7941,998.0173,993.9114,22.439999,11.843166,10.440001,6.28713,22.397902,25.469198,19.968466,2.8735518,23.05,28.214582,133.0
ESEA MDL Season 31 Europe Finals,Dallas,2019-07-12,Vitality,Sprout,ovp,30 - 21,9,1.37,Dallas Hinton St. C4,,,,,0.0363,,,,1.0,32.6,36.069485,25.06742,1970-01-01T00:00:00+00:00,1970-01-01T00:00:00+00:00,50958.277,47394.094,0.0,0.0,0.0,0.0,17.148247,32.039997,32.999336,28.4,6.7950993,30.69271,9.041667,34.0,0.0,17.2,23.4,19.675001,6.7950993,61.317165,78.70554,40.547596,0.0,1011.91675,1013.2,1008.8,996.7941,998.0173,993.9114,22.439999,11.843166,10.440001,6.28713,22.397902,25.469198,19.968466,2.8735518,23.05,28.214582,133.0
ESEA Season 31 Global Challenge,Dallas,2019-07-13,Vitality,Party Astronauts,inf,17 - 13,4,1.4,Dallas Hinton St. C4,,,,,0.0332,,,,51.0,33.1,35.625374,24.523226,1970-01-01T00:00:00+00:00,1970-01-01T00:00:00+00:00,50904.812,47315.547,0.5,0.0,0.5,5.0,25.40743,45.36,33.069527,23.12,6.015375,30.068703,30.583334,100.0,0.0,17.8,23.0,20.304167,6.015375,63.78772,78.91809,47.279755,0.0,1010.97906,1012.6,1008.9,995.8589,997.476,994.04364,27.090004,14.872307,15.119999,9.19939,22.657541,25.50625,19.605612,2.4385762,23.45,27.975,133.0
ESEA Season 31 Global Challenge,Dallas,2019-07-13,Vitality,Spirit,trn,17 - 13,4,1.27,Dallas Hinton St. C4,,,,,0.0332,,,,51.0,33.1,35.625374,24.523226,1970-01-01T00:00:00+00:00,1970-01-01T00:00:00+00:00,50904.812,47315.547,0.5,0.0,0.5,5.0,25.40743,45.36,33.069527,23.12,6.015375,30.068703,30.583334,100.0,0.0,17.8,23.0,20.304167,6.015375,63.78772,78.91809,47.279755,0.0,1010.97906,1012.6,1008.9,995.8589,997.476,994.04364,27.090004,14.872307,15.119999,9.19939,22.657541,25.50625,19.605612,2.4385762,23.45,27.975,133.0
ESEA Season 31 Global Challenge,Dallas,2019-07-14,Vitality,FURIA,inf,11 - 19,-8,0.82,Dallas Hinton St. C4,,,,,0.0262,,,,51.0,32.15,35.751553,25.535753,1970-01-01T00:00:00+00:00,1970-01-01T00:00:00+00:00,50849.363,29503.002,1.1,0.0,1.1,4.0,24.567198,43.56,28.26233,16.93,4.70241,29.94522,50.375,100.0,0.0,18.95,24.55,21.49375,4.70241,71.475655,90.9045,48.818077,0.0,1011.6375,1013.3,1009.5,996.4825,998.0677,994.6083,29.219995,15.668452,11.159999,6.763786,23.298635,26.048502,21.157068,2.3440332,23.5,27.462502,133.0
ESEA Season 31 Global Challenge,Dallas,2019-07-14,Vitality,FURIA,trn,13 - 20,-7,0.86,Dallas Hinton St. C4,,,,,0.0262,,,,51.0,32.15,35.751553,25.535753,1970-01-01T00:00:00+00:00,1970-01-01T00:00:00+00:00,50849.363,29503.002,1.1,0.0,1.1,4.0,24.567198,43.56,28.26233,16.93,4.70241,29.94522,50.375,100.0,0.0,18.95,24.55,21.49375,4.70241,71.475655,90.9045,48.818077,0.0,1011.6375,1013.3,1009.5,996.4825,998.0677,994.6083,29.219995,15.668452,11.159999,6.763786,23.298635,26.048502,21.157068,2.3440332,23.5,27.462502,133.0
ESL National Championship France Summer 2017,Paris,2017-07-01,WySix,EnVyUs Academy,mrg,22 - 17,5,1.43,PARIS 18eme,,,20.6,,41.1,17.5,,,61.0,19.85,17.436193,12.468233,1970-01-01T00:00:00+00:00,1970-01-01T00:00:00+00:00,57940.1,13707.654,4.2999997,0.0,4.2999997,9.0,20.364674,40.32,295.55545,6.11,1.6577885,14.542224,80.041664,100.0,13.0,11.2,14.35,12.808334,1.6577885,82.3695,92.55385,57.443005,0.0,1015.675,1020.6,1010.7,1010.53,1015.4101,1005.5605,31.379997,15.966998,23.039999,12.0694,13.887696,14.726061,12.752901,0.9863894,13.85,15.974999,43.0
ESL National Championship France Summer 2017,Paris,2017-07-01,WySix,EnVyUs Academy,trn,47 - 23,24,1.95,PARIS 18eme,,,20.6,,41.1,17.5,,,61.0,19.85,17.436193,12.468233,1970-01-01T00:00:00+00:00,1970-01-01T00:00:00+00:00,57940.1,13707.654,4.2999997,0.0,4.2999997,9.0,20.364674,40.32,295.55545,6.11,1.6577885,14.542224,80.041664,100.0,13.0,11.2,14.35,12.808334,1.6577885,82.3695,92.55385,57.443005,0.0,1015.675,1020.6,1010.7,1010.53,1015.4101,1005.5605,31.379997,15.966998,23.039999,12.0694,13.887696,14.726061,12.752901,0.9863894,13.85,15.974999,43.0
ESL National Championship France Summer 2017,Paris,2017-07-01,WySix,MAXISAUCISSE,cbl,29 - 11,18,2.57,PARIS 18eme,,,20.6,,41.1,17.5,,,61.0,19.85,17.436193,12.468233,1970-01-01T00:00:00+00:00,1970-01-01T00:00:00+00:00,57940.1,13707.654,4.2999997,0.0,4.2999997,9.0,20.364674,40.32,295.55545,6.11,1.6577885,14.542224,80.041664,100.0,13.0,11.2,14.35,12.808334,1.6577885,82.3695,92.55385,57.443005,0.0,1015.675,1020.6,1010.7,1010.53,1015.4101,1005.5605,31.379997,15.966998,23.039999,12.0694,13.887696,14.726061,12.752901,0.9863894,13.85,15.974999,43.0
ESL National Championship France Summer 2017,Paris,2017-07-01,WySix,MAXISAUCISSE,mrg,25 - 25,0,1.19,PARIS 18eme,,,20.6,,41.1,17.5,,,61.0,19.85,17.436193,12.468233,1970-01-01T00:00:00+00:00,1970-01-01T00:00:00+00:00,57940.1,13707.654,4.2999997,0.0,4.2999997,9.0,20.364674,40.32,295.55545,6.11,1.6577885,14.542224,80.041664,100.0,13.0,11.2,14.35,12.808334,1.6577885,82.3695,92.55385,57.443005,0.0,1015.675,1020.6,1010.7,1010.53,1015.4101,1005.5605,31.379997,15.966998,23.039999,12.0694,13.887696,14.726061,12.752901,0.9863894,13.85,15.974999,43.0
ESL National Championship France Summer 2017,Paris,2017-07-01,WySix,MAXISAUCISSE,nuke,25 - 18,7,1.32,PARIS 18eme,,,20.6,,41.1,17.5,,,61.0,19.85,17.436193,12.468233,1970-01-01T00:00:00+00:00,1970-01-01T00:00:00+00:00,57940.1,13707.654,4.2999997,0.0,4.2999997,9.0,20.364674,40.32,295.55545,6.11,1.6577885,14.542224,80.041664,100.0,13.0,11.2,14.35,12.808334,1.6577885,82.3695,92.55385,57.443005,0.0,1015.675,1020.6,1010.7,1010.53,1015.4101,1005.5605,31.379997,15.966998,23.039999,12.0694,13.887696,14.726061,12.752901,0.9863894,13.85,15.974999,43.0
ESL National Championship France Summer 2018,Paris,2018-06-30,aAa,LDLC,inf,21 - 12,9,1.53,PARIS 18eme,,,27.1,,96.1,27.2,,,51.0,30.9,31.176987,17.444315,1970-01-01T00:00:00+00:00,1970-01-01T00:00:00+00:00,58007.152,56216.812,0.1,0.0,0.1,1.0,16.199999,30.239998,53.83181,25.25,6.129032,24.897392,22.375,81.0,2.0,12.75,17.15,14.722916,6.129032,54.852627,71.62979,37.78806,0.0,1011.57086,1014.0,1009.2,1006.5964,1008.94934,1004.33826,24.479998,11.61933,16.199999,8.4963045,18.30957,21.122896,14.564957,2.7781315,17.95,24.764582,43.0
ESL National Championship France Summer 2018,Paris,2018-06-30,aAa,LDLC,nuke,27 - 20,7,1.46,PARIS 18eme,,,27.1,,96.1,27.2,,,51.0,30.9,31.176987,17.444315,1970-01-01T00:00:00+00:00,1970-01-01T00:00:00+00:00,58007.152,56216.812,0.1,0.0,0.1,1.0,16.199999,30.239998,53.83181,25.25,6.129032,24.897392,22.375,81.0,2.0,12.75,17.15,14.722916,6.129032,54.852627,71.62979,37.78806,0.0,1011.57086,1014.0,1009.2,1006.5964,1008.94934,1004.33826,24.479998,11.61933,16.199999,8.4963045,18.30957,21.122896,14.564957,2.7781315,17.95,24.764582,43.0
ESL National Championship France Summer 2018,Paris,2018-06-30,aAa,LDLC,trn,22 - 13,9,1.7,PARIS 18eme,,,27.1,,96.1,27.2,,,51.0,30.9,31.176987,17.444315,1970-01-01T00:00:00+00:00,1970-01-01T00:00:00+00:00,58007.152,56216.812,0.1,0.0,0.1,1.0,16.199999,30.239998,53.83181,25.25,6.129032,24.897392,22.375,81.0,2.0,12.75,17.15,14.722916,6.129032,54.852627,71.62979,37.78806,0.0,1011.57086,1014.0,1009.2,1006.5964,1008.94934,1004.33826,24.479998,11.61933,16.199999,8.4963045,18.30957,21.122896,14.564957,2.7781315,17.95,24.764582,43.0
ESL National Championship France Summer 2018,Paris,2018-06-30,aAa,MAXISAUCISSE,inf,37 - 14,23,2.1,PARIS 18eme,,,27.1,,96.1,27.2,,,51.0,30.9,31.176987,17.444315,1970-01-01T00:00:00+00:00,1970-01-01T00:00:00+00:00,58007.152,56216.812,0.1,0.0,0.1,1.0,16.199999,30.239998,53.83181,25.25,6.129032,24.897392,22.375,81.0,2.0,12.75,17.15,14.722916,6.129032,54.852627,71.62979,37.78806,0.0,1011.57086,1014.0,1009.2,1006.5964,1008.94934,1004.33826,24.479998,11.61933,16.199999,8.4963045,18.30957,21.122896,14.564957,2.7781315,17.95,24.764582,43.0
ESL National Championship France Summer 2018,Paris,2018-06-30,aAa,MAXISAUCISSE,trn,33 - 15,18,1.73,PARIS 18eme,,,27.1,,96.1,27.2,,,51.0,30.9,31.176987,17.444315,1970-01-01T00:00:00+00:00,1970-01-01T00:00:00+00:00,58007.152,56216.812,0.1,0.0,0.1,1.0,16.199999,30.239998,53.83181,25.25,6.129032,24.897392,22.375,81.0,2.0,12.75,17.15,14.722916,6.129032,54.852627,71.62979,37.78806,0.0,1011.57086,1014.0,1009.2,1006.5964,1008.94934,1004.33826,24.479998,11.61933,16.199999,8.4963045,18.30957,21.122896,14.564957,2.7781315,17.95,24.764582,43.0
ESL National Championship France Winter 2017,Paris,2017-12-16,aAa,EnVyUs Academy,inf,23 - 16,7,1.61,PARIS 18eme,,,41.3,,22.0,14.0,,,51.0,5.5,1.0930629,-2.179276,1970-01-01T00:00:00+00:00,1970-01-01T00:00:00+00:00,29777.729,27981.83,0.5,0.0,0.5,5.0,20.767975,39.96,310.53207,3.48,0.5499043,-0.49433377,69.083336,100.0,26.0,0.25,3.1,1.4541668,0.5499043,85.51986,93.46401,70.442406,0.0,1016.6624,1022.7,1007.3,1011.28485,1017.2672,1001.97784,31.245003,15.895769,20.519999,9.346143,2.341686,3.5941105,0.7056222,0.26670754,1.6,3.7083333,43.0
ESL National Championship France Winter 2017,Paris,2017-12-16,aAa,EnVyUs Academy,nuke,13 - 16,-3,0.9,PARIS 18eme,,,41.3,,22.0,14.0,,,51.0,5.5,1.0930629,-2.179276,1970-01-01T00:00:00+00:00,1970-01-01T00:00:00+00:00,29777.729,27981.83,0.5,0.0,0.5,5.0,20.767975,39.96,310.53207,3.48,0.5499043,-0.49433377,69.083336,100.0,26.0,0.25,3.1,1.4541668,0.5499043,85.51986,93.46401,70.442406,0.0,1016.6624,1022.7,1007.3,1011.28485,1017.2672,1001.97784,31.245003,15.895769,20.519999,9.346143,2.341686,3.5941105,0.7056222,0.26670754,1.6,3.7083333,43.0
ESL National Championship France Winter 2017,Paris,2017-12-16,aAa,EnVyUs Academy,trn,23 - 22,1,1.14,PARIS 18eme,,,41.3,,22.0,14.0,,,51.0,5.5,1.0930629,-2.179276,1970-01-01T00:00:00+00:00,1970-01-01T00:00:00+00:00,29777.729,27981.83,0.5,0.0,0.5,5.0,20.767975,39.96,310.53207,3.48,0.5499043,-0.49433377,69.083336,100.0,26.0,0.25,3.1,1.4541668,0.5499043,85.51986,93.46401,70.442406,0.0,1016.6624,1022.7,1007.3,1011.28485,1017.2672,1001.97784,31.245003,15.895769,20.519999,9.346143,2.341686,3.5941105,0.7056222,0.26670754,1.6,3.7083333,43.0
ESL National Championship France Winter 2017,Paris,2017-12-16,aAa,Vexed,cbl,26 - 20,6,1.44,PARIS 18eme,,,41.3,,22.0,14.0,,,51.0,5.5,1.0930629,-2.179276,1970-01-01T00:00:00+00:00,1970-01-01T00:00:00+00:00,29777.729,27981.83,0.5,0.0,0.5,5.0,20.767975,39.96,310.53207,3.48,0.5499043,-0.49433377,69.083336,100.0,26.0,0.25,3.1,1.4541668,0.5499043,85.51986,93.46401,70.442406,0.0,1016.6624,1022.7,1007.3,1011.28485,1017.2672,1001.97784,31.245003,15.895769,20.519999,9.346143,2.341686,3.5941105,0.7056222,0.26670754,1.6,3.7083333,43.0
ESL National Championship France Winter 2017,Paris,2017-12-16,aAa,Vexed,inf,30 - 18,12,1.55,PARIS 18eme,,,41.3,,22.0,14.0,,,51.0,5.5,1.0930629,-2.179276,1970-01-01T00:00:00+00:00,1970-01-01T00:00:00+00:00,29777.729,27981.83,0.5,0.0,0.5,5.0,20.767975,39.96,310.53207,3.48,0.5499043,-0.49433377,69.083336,100.0,26.0,0.25,3.1,1.4541668,0.5499043,85.51986,93.46401,70.442406,0.0,1016.6624,1022.7,1007.3,1011.28485,1017.2672,1001.97784,31.245003,15.895769,20.519999,9.346143,2.341686,3.5941105,0.7056222,0.26670754,1.6,3.7083333,43.0
ESL National Championship France Winter 2017,Paris,2017-12-16,aAa,Vexed,ovp,13 - 18,-5,1.0,PARIS 18eme,,,41.3,,22.0,14.0,,,51.0,5.5,1.0930629,-2.179276,1970-01-01T00:00:00+00:00,1970-01-01T00:00:00+00:00,29777.729,27981.83,0.5,0.0,0.5,5.0,20.767975,39.96,310.53207,3.48,0.5499043,-0.49433377,69.083336,100.0,26.0,0.25,3.1,1.4541668,0.5499043,85.51986,93.46401,70.442406,0.0,1016.6624,1022.7,1007.3,1011.28485,1017.2672,1001.97784,31.245003,15.895769,20.519999,9.346143,2.341686,3.5941105,0.7056222,0.26670754,1.6,3.7083333,43.0
ESL One Cologne 2019,Cologne,2019-07-02,Vitality,Ninjas in Pyjamas,d2,16 - 19,-3,1.0,Hürth,,,2.98,,66.9,8.65,,,51.0,22.7,20.615559,12.762997,1970-01-01T00:00:00+00:00,1970-01-01T00:00:00+00:00,59177.137,51193.938,0.3,0.0,0.3,1.0,16.862455,34.2,334.36584,19.78,4.387644,16.85047,37.666668,100.0,1.0,4.6,11.25,8.6875,4.387644,54.70268,80.48003,32.221157,0.0,1022.20416,1023.0,1021.5,1015.52637,1016.283,1014.78064,22.635,9.980618,11.159999,6.12,12.872727,14.401434,10.772563,1.7876325,13.7,18.593752,56.0
ESL One Cologne 2019,Cologne,2019-07-03,Vitality,ENCE,inf,18 - 11,7,1.25,Hürth,,,20.5,,43.0,12.0,,,3.0,21.75,19.553627,12.053207,1970-01-01T00:00:00+00:00,1970-01-01T00:00:00+00:00,59111.21,50155.3,0.0,0.0,0.0,0.0,15.188415,31.319998,356.70987,21.72,4.665218,16.085688,45.25,100.0,0.0,5.05,10.5,7.754167,4.665218,53.377712,83.41977,34.5335,0.0,1023.84155,1025.2,1023.1,1017.14044,1018.4144,1016.30597,21.884998,10.098724,6.8399997,4.3349743,12.199932,13.560076,9.998833,1.6798561,13.25,18.03125,56.0
ESL One Cologne 2019,Cologne,2019-07-03,Vitality,ENCE,nuke,22 - 18,4,1.14,Hürth,,,20.5,,43.0,12.0,,,3.0,21.75,19.553627,12.053207,1970-01-01T00:00:00+00:00,1970-01-01T00:00:00+00:00,59111.21,50155.3,0.0,0.0,0.0,0.0,15.188415,31.319998,356.70987,21.72,4.665218,16.085688,45.25,100.0,0.0,5.05,10.5,7.754167,4.665218,53.377712,83.41977,34.5335,0.0,1023.84155,1025.2,1023.1,1017.14044,1018.4144,1016.30597,21.884998,10.098724,6.8399997,4.3349743,12.199932,13.560076,9.998833,1.6798561,13.25,18.03125,56.0
ESL One Cologne 2019,Cologne,2019-07-03,Vitality,ENCE,ovp,26 - 12,14,1.72,Hürth,,,20.5,,43.0,12.0,,,3.0,21.75,19.553627,12.053207,1970-01-01T00:00:00+00:00,1970-01-01T00:00:00+00:00,59111.21,50155.3,0.0,0.0,0.0,0.0,15.188415,31.319998,356.70987,21.72,4.665218,16.085688,45.25,100.0,0.0,5.05,10.5,7.754167,4.665218,53.377712,83.41977,34.5335,0.0,1023.84155,1025.2,1023.1,1017.14044,1018.4144,1016.30597,21.884998,10.098724,6.8399997,4.3349743,12.199932,13.560076,9.998833,1.6798561,13.25,18.03125,56.0
ESL One Cologne 2019,Cologne,2019-07-05,Vitality,NRG,d2,23 - 9,14,1.69,Hürth,,,0.0,,0.0,0.0,,,3.0,26.65,24.252111,15.834024,1970-01-01T00:00:00+00:00,1970-01-01T00:00:00+00:00,58962.812,45327.844,0.0,0.0,0.0,0.0,16.454008,36.36,289.93262,23.36,5.523297,20.194574,57.958332,100.0,1.0,8.75,11.65,10.279165,5.523297,51.055836,71.58707,32.425735,0.0,1017.1001,1019.7,1014.3,1010.52057,1013.0099,1007.8347,23.279999,10.751114,8.64,4.32,14.820922,16.36565,12.931492,2.353709,16.45,21.508331,56.0
ESL One Cologne 2019,Cologne,2019-07-05,Vitality,NRG,mrg,29 - 12,17,2.05,Hürth,,,0.0,,0.0,0.0,,,3.0,26.65,24.252111,15.834024,1970-01-01T00:00:00+00:00,1970-01-01T00:00:00+00:00,58962.812,45327.844,0.0,0.0,0.0,0.0,16.454008,36.36,289.93262,23.36,5.523297,20.194574,57.958332,100.0,1.0,8.75,11.65,10.279165,5.523297,51.055836,71.58707,32.425735,0.0,1017.1001,1019.7,1014.3,1010.52057,1013.0099,1007.8347,23.279999,10.751114,8.64,4.32,14.820922,16.36565,12.931492,2.353709,16.45,21.508331,56.0
ESL One Cologne 2019,Cologne,2019-07-06,Vitality,Astralis,d2,25 - 12,13,1.59,Hürth,,,0.0,,0.0,0.0,,,3.0,28.4,26.776443,15.384441,1970-01-01T00:00:00+00:00,1970-01-01T00:00:00+00:00,58880.637,50400.0,0.0,0.0,0.0,0.0,23.664352,45.36,300.76422,25.64,5.95878,20.086693,74.541664,100.0,20.0,8.95,14.05,11.222917,5.95878,56.181652,81.7533,29.580296,0.0,1011.5666,1014.7,1009.1,1005.018,1008.0586,1002.7169,27.209997,12.866778,7.5599995,3.671294,15.2080965,17.212069,13.151245,2.7246757,15.25,21.3,56.0
ESL One Cologne 2019,Cologne,2019-07-06,Vitality,Astralis,inf,30 - 28,2,1.13,Hürth,,,0.0,,0.0,0.0,,,3.0,28.4,26.776443,15.384441,1970-01-01T00:00:00+00:00,1970-01-01T00:00:00+00:00,58880.637,50400.0,0.0,0.0,0.0,0.0,23.664352,45.36,300.76422,25.64,5.95878,20.086693,74.541664,100.0,20.0,8.95,14.05,11.222917,5.95878,56.181652,81.7533,29.580296,0.0,1011.5666,1014.7,1009.1,1005.018,1008.0586,1002.7169,27.209997,12.866778,7.5599995,3.671294,15.2080965,17.212069,13.151245,2.7246757,15.25,21.3,56.0
ESL One Cologne 2019,Cologne,2019-07-06,Vitality,Astralis,ovp,20 - 12,8,1.52,Hürth,,,0.0,,0.0,0.0,,,3.0,28.4,26.776443,15.384441,1970-01-01T00:00:00+00:00,1970-01-01T00:00:00+00:00,58880.637,50400.0,0.0,0.0,0.0,0.0,23.664352,45.36,300.76422,25.64,5.95878,20.086693,74.541664,100.0,20.0,8.95,14.05,11.222917,5.95878,56.181652,81.7533,29.580296,0.0,1011.5666,1014.7,1009.1,1005.018,1008.0586,1002.7169,27.209997,12.866778,7.5599995,3.671294,15.2080965,17.212069,13.151245,2.7246757,15.25,21.3,56.0
ESL One Cologne 2019,Cologne,2019-07-07,Vitality,Liquid,d2,33 - 20,13,1.28,Hürth,,,0.0,,0.0,0.0,,,53.0,20.05,16.651152,12.028164,1970-01-01T00:00:00+00:00,1970-01-01T00:00:00+00:00,58793.355,31653.932,2.8,0.0,2.8,7.0,17.873554,36.36,329.91913,14.84,3.6392317,14.524718,85.875,100.0,44.0,5.55,13.3,8.414583,3.6392317,60.150707,92.506386,38.685673,0.0,1014.65826,1017.7,1012.7,1007.98944,1010.95105,1006.0063,29.114998,13.149923,23.039999,10.144082,12.014526,13.911438,10.378989,1.4391549,14.1,16.795834,56.0
ESL One Cologne 2019,Cologne,2019-07-07,Vitality,Liquid,inf,26 - 18,8,1.38,Hürth,,,0.0,,0.0,0.0,,,53.0,20.05,16.651152,12.028164,1970-01-01T00:00:00+00:00,1970-01-01T00:00:00+00:00,58793.355,31653.932,2.8,0.0,2.8,7.0,17.873554,36.36,329.91913,14.84,3.6392317,14.524718,85.875,100.0,44.0,5.55,13.3,8.414583,3.6392317,60.150707,92.506386,38.685673,0.0,1014.65826,1017.7,1012.7,1007.98944,1010.95105,1006.0063,29.114998,13.149923,23.039999,10.144082,12.014526,13.911438,10.378989,1.4391549,14.1,16.795834,56.0
ESL One Cologne 2019,Cologne,2019-07-07,Vitality,Liquid,mrg,15 - 18,-3,0.93,Hürth,,,0.0,,0.0,0.0,,,53.0,20.05,16.651152,12.028164,1970-01-01T00:00:00+00:00,1970-01-01T00:00:00+00:00,58793.355,31653.932,2.8,0.0,2.8,7.0,17.873554,36.36,329.91913,14.84,3.6392317,14.524718,85.875,100.0,44.0,5.55,13.3,8.414583,3.6392317,60.150707,92.506386,38.685673,0.0,1014.65826,1017.7,1012.7,1007.98944,1010.95105,1006.0063,29.114998,13.149923,23.039999,10.144082,12.014526,13.911438,10.378989,1.4391549,14.1,16.795834,56.0
ESL One Cologne 2019,Cologne,2019-07-07,Vitality,Liquid,ovp,13 - 17,-4,0.68,Hürth,,,0.0,,0.0,0.0,,,53.0,20.05,16.651152,12.028164,1970-01-01T00:00:00+00:00,1970-01-01T00:00:00+00:00,58793.355,31653.932,2.8,0.0,2.8,7.0,17.873554,36.36,329.91913,14.84,3.6392317,14.524718,85.875,100.0,44.0,5.55,13.3,8.414583,3.6392317,60.150707,92.506386,38.685673,0.0,1014.65826,1017.7,1012.7,1007.98944,1010.95105,1006.0063,29.114998,13.149923,23.039999,10.144082,12.014526,13.911438,10.378989,1.4391549,14.1,16.795834,56.0
ESL Pro League Season 10 Europe,London,2019-10-11,Vitality,Sprout,d2,14 - 17,-3,0.9,Camden - Bloomsbury,,,15.8,,45.5,11.2,9.05,2.82,61.0,16.9,13.45845,11.049244,1970-01-01T00:00:00+00:00,1970-01-01T00:00:00+00:00,39591.547,7581.6123,12.5,0.0,12.5,22.0,38.305763,63.72,224.9545,4.3,1.1239266,12.175492,96.75,100.0,64.0,11.4,14.15,13.23125,1.1239266,88.51629,93.13203,83.03384,0.0,1006.2334,1009.6,1004.4,1004.32764,1007.6883,1002.49915,48.885,27.314215,18.359999,8.311245,13.795365,14.912159,11.876263,0.32687902,12.9,15.122916,16.0
ESL Pro League Season 10 Europe,London,2019-10-11,Vitality,Sprout,inf,24 - 11,13,1.68,Camden - Bloomsbury,,,15.8,,45.5,11.2,9.05,2.82,61.0,16.9,13.45845,11.049244,1970-01-01T00:00:00+00:00,1970-01-01T00:00:00+00:00,39591.547,7581.6123,12.5,0.0,12.5,22.0,38.305763,63.72,224.9545,4.3,1.1239266,12.175492,96.75,100.0,64.0,11.4,14.15,13.23125,1.1239266,88.51629,93.13203,83.03384,0.0,1006.2334,1009.6,1004.4,1004.32764,1007.6883,1002.49915,48.885,27.314215,18.359999,8.311245,13.795365,14.912159,11.876263,0.32687902,12.9,15.122916,16.0
ESL Pro League Season 10 Europe,London,2019-10-11,Vitality,Sprout,nuke,17 - 17,0,1.04,Camden - Bloomsbury,,,15.8,,45.5,11.2,9.05,2.82,61.0,16.9,13.45845,11.049244,1970-01-01T00:00:00+00:00,1970-01-01T00:00:00+00:00,39591.547,7581.6123,12.5,0.0,12.5,22.0,38.305763,63.72,224.9545,4.3,1.1239266,12.175492,96.75,100.0,64.0,11.4,14.15,13.23125,1.1239266,88.51629,93.13203,83.03384,0.0,1006.2334,1009.6,1004.4,1004.32764,1007.6883,1002.49915,48.885,27.314215,18.359999,8.311245,13.795365,14.912159,11.876263,0.32687902,12.9,15.122916,16.0
ESL Pro League Season 10 Europe,London,2019-10-12,Vitality,HEROIC,d2,19 - 17,2,1.12,Camden - Bloomsbury,,,24.3,,39.4,8.04,6.52,2.91,55.0,12.3,11.630559,9.186913,1970-01-01T00:00:00+00:00,1970-01-01T00:00:00+00:00,39358.16,0.0,12.4,0.0,12.4,21.0,11.753877,19.08,198.12193,1.65,0.46833006,10.443695,100.0,100.0,100.0,9.1,10.8,10.104167,0.46833006,91.17321,95.1185,87.4855,0.0,1007.8625,1009.3,1006.7,1005.92944,1007.36804,1004.76355,13.350001,7.5600176,6.8399997,3.7064266,10.517464,11.195131,9.706493,0.16562605,10.7,11.497918,16.0
ESL Pro League Season 10 Europe,London,2019-10-12,Vitality,HEROIC,nuke,26 - 17,9,1.37,Camden - Bloomsbury,,,24.3,,39.4,8.04,6.52,2.91,55.0,12.3,11.630559,9.186913,1970-01-01T00:00:00+00:00,1970-01-01T00:00:00+00:00,39358.16,0.0,12.4,0.0,12.4,21.0,11.753877,19.08,198.12193,1.65,0.46833006,10.443695,100.0,100.0,100.0,9.1,10.8,10.104167,0.46833006,91.17321,95.1185,87.4855,0.0,1007.8625,1009.3,1006.7,1005.92944,1007.36804,1004.76355,13.350001,7.5600176,6.8399997,3.7064266,10.517464,11.195131,9.706493,0.16562605,10.7,11.497918,16.0
ESL Pro League Season 10 Europe,London,2019-10-12,Vitality,HEROIC,trn,17 - 20,-3,0.92,Camden - Bloomsbury,,,24.3,,39.4,8.04,6.52,2.91,55.0,12.3,11.630559,9.186913,1970-01-01T00:00:00+00:00,1970-01-01T00:00:00+00:00,39358.16,0.0,12.4,0.0,12.4,21.0,11.753877,19.08,198.12193,1.65,0.46833006,10.443695,100.0,100.0,100.0,9.1,10.8,10.104167,0.46833006,91.17321,95.1185,87.4855,0.0,1007.8625,1009.3,1006.7,1005.92944,1007.36804,1004.76355,13.350001,7.5600176,6.8399997,3.7064266,10.517464,11.195131,9.706493,0.16562605,10.7,11.497918,16.0
ESL Pro League Season 10 Europe,London,2019-10-13,Vitality,Ninjas in Pyjamas,d2,9 - 18,-9,0.76,Camden - Bloomsbury,,,18.9,,41.5,8.91,9.3,3.0,55.0,16.75,13.534399,8.070595,1970-01-01T00:00:00+00:00,1970-01-01T00:00:00+00:00,39124.74,8903.809,6.4999995,0.0,6.4999995,14.0,32.67285,56.16,206.05627,3.55,0.9288342,10.8650255,88.625,100.0,3.0,8.1,14.2,11.118751,0.9288342,87.771904,95.78145,79.148575,0.0,1004.55005,1010.9,999.6,1002.63385,1008.9476,997.7172,31.859997,18.175343,12.599999,6.9153743,11.750755,14.978815,8.605063,0.3283366,9.55,13.133332,16.0
ESL Pro League Season 10 Europe,London,2019-10-13,Vitality,Ninjas in Pyjamas,ovp,14 - 16,-2,1.01,Camden - Bloomsbury,,,18.9,,41.5,8.91,9.3,3.0,55.0,16.75,13.534399,8.070595,1970-01-01T00:00:00+00:00,1970-01-01T00:00:00+00:00,39124.74,8903.809,6.4999995,0.0,6.4999995,14.0,32.67285,56.16,206.05627,3.55,0.9288342,10.8650255,88.625,100.0,3.0,8.1,14.2,11.118751,0.9288342,87.771904,95.78145,79.148575,0.0,1004.55005,1010.9,999.6,1002.63385,1008.9476,997.7172,31.859997,18.175343,12.599999,6.9153743,11.750755,14.978815,8.605063,0.3283366,9.55,13.133332,16.0
ESL Pro League Season 10 Europe,London,2019-11-16,Vitality,FaZe,inf,18 - 17,1,1.07,Camden - Bloomsbury,,,35.9,,9.95,18.5,15.9,8.89,51.0,7.65,5.4591827,0.9198623,1970-01-01T00:00:00+00:00,1970-01-01T00:00:00+00:00,31846.783,19053.514,0.2,0.0,0.2,2.0,18.391737,36.36,60.030575,3.52,0.4989691,2.8578708,85.708336,100.0,46.0,2.9,4.55,3.4979165,0.4989691,87.26126,95.8498,72.146225,0.0,1006.05835,1008.8,1002.0,1004.08716,1006.8118,1000.0388,14.505,7.757895,6.12,3.5455887,4.240992,5.0266256,3.0240545,0.29238182,3.5,5.508333,16.0
ESL Pro League Season 10 Europe,London,2019-11-16,Vitality,FaZe,mrg,38 - 15,23,2.01,Camden - Bloomsbury,,,35.9,,9.95,18.5,15.9,8.89,51.0,7.65,5.4591827,0.9198623,1970-01-01T00:00:00+00:00,1970-01-01T00:00:00+00:00,31846.783,19053.514,0.2,0.0,0.2,2.0,18.391737,36.36,60.030575,3.52,0.4989691,2.8578708,85.708336,100.0,46.0,2.9,4.55,3.4979165,0.4989691,87.26126,95.8498,72.146225,0.0,1006.05835,1008.8,1002.0,1004.08716,1006.8118,1000.0388,14.505,7.757895,6.12,3.5455887,4.240992,5.0266256,3.0240545,0.29238182,3.5,5.508333,16.0
ESL Pro League Season 10 Europe,London,2019-11-17,Vitality,fnatic,inf,18 - 16,2,1.03,Camden - Bloomsbury,,,48.3,,3.13,24.9,22.6,10.9,3.0,8.0,5.7804337,-0.88037586,1970-01-01T00:00:00+00:00,1970-01-01T00:00:00+00:00,31668.75,15297.385,0.0,0.0,0.0,0.0,10.137692,12.959999,356.38916,3.82,0.4406811,2.0219905,80.958336,100.0,15.0,1.9,4.7,3.2562501,0.4406811,93.26776,100.0,70.94807,0.0,1011.1167,1013.6,1008.7,1009.127,1011.5913,1006.71375,8.549999,5.003172,3.2399998,0.8049845,3.587793,5.6391296,1.7818503,0.31230932,1.9,4.3145833,16.0
ESL Pro League Season 10 Europe,London,2019-11-17,Vitality,fnatic,mrg,18 - 19,-1,1.11,Camden - Bloomsbury,,,48.3,,3.13,24.9,22.6,10.9,3.0,8.0,5.7804337,-0.88037586,1970-01-01T00:00:00+00:00,1970-01-01T00:00:00+00:00,31668.75,15297.385,0.0,0.0,0.0,0.0,10.137692,12.959999,356.38916,3.82,0.4406811,2.0219905,80.958336,100.0,15.0,1.9,4.7,3.2562501,0.4406811,93.26776,100.0,70.94807,0.0,1011.1167,1013.6,1008.7,1009.127,1011.5913,1006.71375,8.549999,5.003172,3.2399998,0.8049845,3.587793,5.6391296,1.7818503,0.31230932,1.9,4.3145833,16.0
ESL Pro League Season 10 Europe,London,2019-11-17,Vitality,fnatic,nuke,18 - 15,3,1.28,Camden - Bloomsbury,,,48.3,,3.13,24.9,22.6,10.9,3.0,8.0,5.7804337,-0.88037586,1970-01-01T00:00:00+00:00,1970-01-01T00:00:00+00:00,31668.75,15297.385,0.0,0.0,0.0,0.0,10.137692,12.959999,356.38916,3.82,0.4406811,2.0219905,80.958336,100.0,15.0,1.9,4.7,3.2562501,0.4406811,93.26776,100.0,70.94807,0.0,1011.1167,1013.6,1008.7,1009.127,1011.5913,1006.71375,8.549999,5.003172,3.2399998,0.8049845,3.587793,5.6391296,1.7818503,0.31230932,1.9,4.3145833,16.0
ESL Pro League Season 10 Europe,London,2019-11-18,Vitality,HellRaisers,nuke,21 - 14,7,1.33,Camden - Bloomsbury,,,46.0,,15.3,20.3,17.9,3.68,3.0,8.4,4.3984404,-4.0020347,1970-01-01T00:00:00+00:00,1970-01-01T00:00:00+00:00,31492.81,29652.143,0.0,0.0,0.0,0.0,20.674158,36.0,335.55023,4.78,0.64262396,1.343606,24.208334,96.0,0.0,-0.65,5.85,2.8500001,0.64262396,87.26794,98.19638,69.784134,0.0,1015.50415,1017.6,1013.2,1013.5097,1015.5639,1011.2187,22.439995,13.108652,11.5199995,7.289445,3.6076987,6.169524,-0.6383085,0.33375716,-0.35,4.88125,16.0
ESL Pro League Season 10 Europe,London,2019-11-18,Vitality,HellRaisers,ovp,15 - 14,1,1.11,Camden - Bloomsbury,,,46.0,,15.3,20.3,17.9,3.68,3.0,8.4,4.3984404,-4.0020347,1970-01-01T00:00:00+00:00,1970-01-01T00:00:00+00:00,31492.81,29652.143,0.0,0.0,0.0,0.0,20.674158,36.0,335.55023,4.78,0.64262396,1.343606,24.208334,96.0,0.0,-0.65,5.85,2.8500001,0.64262396,87.26794,98.19638,69.784134,0.0,1015.50415,1017.6,1013.2,1013.5097,1015.5639,1011.2187,22.439995,13.108652,11.5199995,7.289445,3.6076987,6.169524,-0.6383085,0.33375716,-0.35,4.88125,16.0
ESL Pro League Season 16,Valletta,2022-08-31,Vitality,Endpoint,inf,12 - 12,0,1.09,MT00005,260.0,,24.9,,53.4,19.9,8.93,0.895,3.0,30.35,32.758152,28.223808,1970-01-01T00:00:00+00:00,1970-01-01T00:00:00+00:00,46698.133,39600.0,0.0,0.0,0.0,0.0,18.733839,34.2,277.33795,23.17,5.6714845,30.293943,35.791668,100.0,0.0,18.0,21.7,20.4625,5.6714845,65.426796,78.77443,48.338478,0.0,1015.60834,1017.1,1014.6,1009.97687,1011.48535,1008.9899,22.8,12.761048,4.68,2.968636,22.71646,23.305126,22.087149,2.2034743,25.25,27.75,49.0
ESL Pro League Season 16,Valletta,2022-08-31,Vitality,Endpoint,vtg,38 - 16,22,2.02,MT00005,260.0,,24.9,,53.4,19.9,8.93,0.895,3.0,30.35,32.758152,28.223808,1970-01-01T00:00:00+00:00,1970-01-01T00:00:00+00:00,46698.133,39600.0,0.0,0.0,0.0,0.0,18.733839,34.2,277.33795,23.17,5.6714845,30.293943,35.791668,100.0,0.0,18.0,21.7,20.4625,5.6714845,65.426796,78.77443,48.338478,0.0,1015.60834,1017.1,1014.6,1009.97687,1011.48535,1008.9899,22.8,12.761048,4.68,2.968636,22.71646,23.305126,22.087149,2.2034743,25.25,27.75,49.0
ESL Pro League Season 16,Valletta,2022-09-01,Vitality,Ninjas in Pyjamas,nuke,27 - 13,14,1.55,MT00005,223.0,,23.3,,52.8,21.9,9.39,0.83,3.0,31.35,33.276737,26.813015,1970-01-01T00:00:00+00:00,1970-01-01T00:00:00+00:00,46569.758,43200.0,0.0,0.0,0.0,0.0,31.487139,46.44,284.62836,21.1,5.693262,29.687744,36.666668,100.0,0.0,17.0,22.6,21.44792,5.693262,68.79412,77.331985,42.253193,0.0,1012.54584,1013.6,1011.5,1006.934,1007.9648,1005.8885,33.119995,20.937319,15.119999,9.983106,23.374655,24.187075,21.994986,2.645162,26.15,27.900002,49.0
ESL Pro League Season 16,Valletta,2022-09-01,Vitality,Ninjas in Pyjamas,vtg,20 - 13,7,1.37,MT00005,223.0,,23.3,,52.8,21.9,9.39,0.83,3.0,31.35,33.276737,26.813015,1970-01-01T00:00:00+00:00,1970-01-01T00:00:00+00:00,46569.758,43200.0,0.0,0.0,0.0,0.0,31.487139,46.44,284.62836,21.1,5.693262,29.687744,36.666668,100.0,0.0,17.0,22.6,21.44792,5.693262,68.79412,77.331985,42.253193,0.0,1012.54584,1013.6,1011.5,1006.934,1007.9648,1005.8885,33.119995,20.937319,15.119999,9.983106,23.374655,24.187075,21.994986,2.645162,26.15,27.900002,49.0
ESL Pro League Season 16,Valletta,2022-09-02,Vitality,fnatic,inf,20 - 18,2,1.15,MT00005,235.0,,25.1,,59.5,29.1,13.9,0.835,3.0,30.0,32.233097,26.88938,1970-01-01T00:00:00+00:00,1970-01-01T00:00:00+00:00,46440.37,43200.0,0.0,0.0,0.0,0.0,24.798225,39.6,306.52173,23.14,5.600991,29.526327,27.75,96.0,0.0,18.3,23.8,21.468748,5.600991,71.199974,88.99493,51.283028,0.0,1013.99585,1015.4,1012.5,1008.3655,1009.72955,1006.84845,30.644999,18.62525,8.64,4.6102495,23.213507,24.335573,22.00275,2.0109105,25.6,27.331253,49.0
ESL Pro League Season 16,Valletta,2022-09-02,Vitality,fnatic,mrg,29 - 12,17,1.72,MT00005,235.0,,25.1,,59.5,29.1,13.9,0.835,3.0,30.0,32.233097,26.88938,1970-01-01T00:00:00+00:00,1970-01-01T00:00:00+00:00,46440.37,43200.0,0.0,0.0,0.0,0.0,24.798225,39.6,306.52173,23.14,5.600991,29.526327,27.75,96.0,0.0,18.3,23.8,21.468748,5.600991,71.199974,88.99493,51.283028,0.0,1013.99585,1015.4,1012.5,1008.3655,1009.72955,1006.84845,30.644999,18.62525,8.64,4.6102495,23.213507,24.335573,22.00275,2.0109105,25.6,27.331253,49.0
ESL Pro League Season 16,Valletta,2022-09-02,Vitality,fnatic,nuke,15 - 19,-4,1.07,MT00005,235.0,,25.1,,59.5,29.1,13.9,0.835,3.0,30.0,32.233097,26.88938,1970-01-01T00:00:00+00:00,1970-01-01T00:00:00+00:00,46440.37,43200.0,0.0,0.0,0.0,0.0,24.798225,39.6,306.52173,23.14,5.600991,29.526327,27.75,96.0,0.0,18.3,23.8,21.468748,5.600991,71.199974,88.99493,51.283028,0.0,1013.99585,1015.4,1012.5,1008.3655,1009.72955,1006.84845,30.644999,18.62525,8.64,4.6102495,23.213507,24.335573,22.00275,2.0109105,25.6,27.331253,49.0
ESL Pro League Season 16,Valletta,2022-09-03,Vitality,Natus Vincere,inf,25 - 17,8,1.44,MT00005,229.0,,18.1,,52.9,23.1,13.2,0.843,2.0,30.8,34.31993,29.251694,1970-01-01T00:00:00+00:00,1970-01-01T00:00:00+00:00,46310.074,43200.0,0.0,0.0,0.0,0.0,16.418526,30.239998,191.81364,22.65,5.055247,31.573664,7.75,77.0,0.0,19.8,24.35,22.541664,5.055247,75.07615,91.95147,51.96223,0.0,1016.52496,1017.7,1015.1,1010.8863,1012.09503,1009.42163,19.739998,10.981576,7.5599995,3.8268526,24.030663,25.001503,23.334284,2.1322038,24.9,27.639582,49.0
ESL Pro League Season 16,Valletta,2022-09-03,Vitality,Natus Vincere,mrg,22 - 17,5,1.17,MT00005,229.0,,18.1,,52.9,23.1,13.2,0.843,2.0,30.8,34.31993,29.251694,1970-01-01T00:00:00+00:00,1970-01-01T00:00:00+00:00,46310.074,43200.0,0.0,0.0,0.0,0.0,16.418526,30.239998,191.81364,22.65,5.055247,31.573664,7.75,77.0,0.0,19.8,24.35,22.541664,5.055247,75.07615,91.95147,51.96223,0.0,1016.52496,1017.7,1015.1,1010.8863,1012.09503,1009.42163,19.739998,10.981576,7.5599995,3.8268526,24.030663,25.001503,23.334284,2.1322038,24.9,27.639582,49.0
ESL Pro League Season 16,Valletta,2022-09-03,Vitality,Natus Vincere,ovp,28 - 14,14,1.51,MT00005,229.0,,18.1,,52.9,23.1,13.2,0.843,2.0,30.8,34.31993,29.251694,1970-01-01T00:00:00+00:00,1970-01-01T00:00:00+00:00,46310.074,43200.0,0.0,0.0,0.0,0.0,16.418526,30.239998,191.81364,22.65,5.055247,31.573664,7.75,77.0,0.0,19.8,24.35,22.541664,5.055247,75.07615,91.95147,51.96223,0.0,1016.52496,1017.7,1015.1,1010.8863,1012.09503,1009.42163,19.739998,10.981576,7.5599995,3.8268526,24.030663,25.001503,23.334284,2.1322038,24.9,27.639582,49.0
ESL Pro League Season 16,Valletta,2022-09-04,Vitality,Spirit,nuke,29 - 8,21,2.3,MT00005,249.0,,13.3,,52.0,24.0,12.1,0.736,0.0,31.6,36.776257,31.266994,1970-01-01T00:00:00+00:00,1970-01-01T00:00:00+00:00,46178.957,43200.0,0.0,0.0,0.0,0.0,19.803272,33.48,238.4241,22.43,5.024746,33.031254,1.4583334,14.0,0.0,23.2,25.25,24.106253,5.024746,78.36466,93.96107,61.134422,0.0,1017.9707,1018.6,1017.0,1012.33856,1013.0104,1011.3364,22.544996,12.535547,14.04,7.9932976,25.288374,25.810564,24.491589,1.8047459,26.2,28.41667,49.0
ESL Pro League Season 16,Valletta,2022-09-04,Vitality,Spirit,vtg,20 - 13,7,1.22,MT00005,249.0,,13.3,,52.0,24.0,12.1,0.736,0.0,31.6,36.776257,31.266994,1970-01-01T00:00:00+00:00,1970-01-01T00:00:00+00:00,46178.957,43200.0,0.0,0.0,0.0,0.0,19.803272,33.48,238.4241,22.43,5.024746,33.031254,1.4583334,14.0,0.0,23.2,25.25,24.106253,5.024746,78.36466,93.96107,61.134422,0.0,1017.9707,1018.6,1017.0,1012.33856,1013.0104,1011.3364,22.544996,12.535547,14.04,7.9932976,25.288374,25.810564,24.491589,1.8047459,26.2,28.41667,49.0
ESL Pro League Season 16,Valletta,2022-09-30,Vitality,Outsiders,d2,30 - 15,15,1.42,MT00005,314.0,,30.6,,45.3,16.4,9.26,0.429,51.0,27.2,29.504864,24.798458,1970-01-01T00:00:00+00:00,1970-01-01T00:00:00+00:00,42684.777,40332.465,0.1,0.0,0.1,1.0,31.75355,48.6,133.2838,14.95,3.3790488,27.422676,66.0,100.0,2.0,19.75,23.9,22.4625,3.3790488,82.86734,90.316315,76.22893,0.0,1010.56244,1012.1,1009.5,1004.919,1006.4779,1003.8313,36.479996,23.471436,16.56,9.36,23.30929,24.757088,21.04881,0.7486501,23.9,25.608337,49.0
ESL Pro League Season 16,Valletta,2022-09-30,Vitality,Outsiders,mrg,26 - 17,9,1.3,MT00005,314.0,,30.6,,45.3,16.4,9.26,0.429,51.0,27.2,29.504864,24.798458,1970-01-01T00:00:00+00:00,1970-01-01T00:00:00+00:00,42684.777,40332.465,0.1,0.0,0.1,1.0,31.75355,48.6,133.2838,14.95,3.3790488,27.422676,66.0,100.0,2.0,19.75,23.9,22.4625,3.3790488,82.86734,90.316315,76.22893,0.0,1010.56244,1012.1,1009.5,1004.919,1006.4779,1003.8313,36.479996,23.471436,16.56,9.36,23.30929,24.757088,21.04881,0.7486501,23.9,25.608337,49.0
ESL Pro League Season 16,Valletta,2022-10-01,Vitality,G2,inf,28 - 22,6,1.29,MT00005,264.0,,19.7,,57.0,19.3,10.3,0.294,3.0,26.7,29.842186,20.39687,1970-01-01T00:00:00+00:00,1970-01-01T00:00:00+00:00,42548.715,40009.89,0.0,0.0,0.0,0.0,36.424103,53.639996,333.8728,18.09,3.858867,26.422956,12.625,89.0,0.0,17.8,24.2,21.779167,3.858867,83.21574,93.88636,75.00601,0.0,1017.3333,1023.4,1011.6,1011.63794,1017.62286,1005.9299,35.025,23.407743,10.08,7.42159,22.644249,24.71966,19.208124,0.7922745,22.4,24.868752,49.0
ESL Pro League Season 16,Valletta,2022-10-01,Vitality,G2,mrg,24 - 10,14,1.61,MT00005,264.0,,19.7,,57.0,19.3,10.3,0.294,3.0,26.7,29.842186,20.39687,1970-01-01T00:00:00+00:00,1970-01-01T00:00:00+00:00,42548.715,40009.89,0.0,0.0,0.0,0.0,36.424103,53.639996,333.8728,18.09,3.858867,26.422956,12.625,89.0,0.0,17.8,24.2,21.779167,3.858867,83.21574,93.88636,75.00601,0.0,1017.3333,1023.4,1011.6,1011.63794,1017.62286,1005.9299,35.025,23.407743,10.08,7.42159,22.644249,24.71966,19.208124,0.7922745,22.4,24.868752,49.0
ESL Pro League Season 16,Valletta,2022-10-02,Vitality,Liquid,d2,19 - 11,8,1.32,MT00005,165.0,,16.2,,63.5,12.1,5.92,0.352,0.0,24.7,24.634153,18.666834,1970-01-01T00:00:00+00:00,1970-01-01T00:00:00+00:00,42412.875,40577.332,0.0,0.0,0.0,0.0,34.76377,49.32,325.75275,18.87,5.022193,22.10827,0.0,0.0,0.0,13.65,19.85,16.452082,5.022193,66.04287,82.44807,55.683945,0.0,1022.94165,1024.5,1020.6,1017.1841,1018.7547,1014.8495,36.809998,24.631926,24.84,18.079027,18.766256,20.779955,16.671946,1.3473159,21.9,23.268751,49.0
ESL Pro League Season 16,Valletta,2022-10-02,Vitality,Liquid,inf,13 - 11,2,0.96,MT00005,165.0,,16.2,,63.5,12.1,5.92,0.352,0.0,24.7,24.634153,18.666834,1970-01-01T00:00:00+00:00,1970-01-01T00:00:00+00:00,42412.875,40577.332,0.0,0.0,0.0,0.0,34.76377,49.32,325.75275,18.87,5.022193,22.10827,0.0,0.0,0.0,13.65,19.85,16.452082,5.022193,66.04287,82.44807,55.683945,0.0,1022.94165,1024.5,1020.6,1017.1841,1018.7547,1014.8495,36.809998,24.631926,24.84,18.079027,18.766256,20.779955,16.671946,1.3473159,21.9,23.268751,49.0
ESL Pro League Season 16,Valletta,2022-10-02,Vitality,Liquid,mrg,51 - 32,19,1.54,MT00005,165.0,,16.2,,63.5,12.1,5.92,0.352,0.0,24.7,24.634153,18.666834,1970-01-01T00:00:00+00:00,1970-01-01T00:00:00+00:00,42412.875,40577.332,0.0,0.0,0.0,0.0,34.76377,49.32,325.75275,18.87,5.022193,22.10827,0.0,0.0,0.0,13.65,19.85,16.452082,5.022193,66.04287,82.44807,55.683945,0.0,1022.94165,1024.5,1020.6,1017.1841,1018.7547,1014.8495,36.809998,24.631926,24.84,18.079027,18.766256,20.779955,16.671946,1.3473159,21.9,23.268751,49.0
ESL Pro League Season 16,Valletta,2022-10-02,Vitality,Liquid,ovp,35 - 23,12,1.51,MT00005,165.0,,16.2,,63.5,12.1,5.92,0.352,0.0,24.7,24.634153,18.666834,1970-01-01T00:00:00+00:00,1970-01-01T00:00:00+00:00,42412.875,40577.332,0.0,0.0,0.0,0.0,34.76377,49.32,325.75275,18.87,5.022193,22.10827,0.0,0.0,0.0,13.65,19.85,16.452082,5.022193,66.04287,82.44807,55.683945,0.0,1022.94165,1024.5,1020.6,1017.1841,1018.7547,1014.8495,36.809998,24.631926,24.84,18.079027,18.766256,20.779955,16.671946,1.3473159,21.9,23.268751,49.0
ESL Pro League Season 16,Valletta,2022-10-02,Vitality,Liquid,vtg,25 - 16,9,1.51,MT00005,165.0,,16.2,,63.5,12.1,5.92,0.352,0.0,24.7,24.634153,18.666834,1970-01-01T00:00:00+00:00,1970-01-01T00:00:00+00:00,42412.875,40577.332,0.0,0.0,0.0,0.0,34.76377,49.32,325.75275,18.87,5.022193,22.10827,0.0,0.0,0.0,13.65,19.85,16.452082,5.022193,66.04287,82.44807,55.683945,0.0,1022.94165,1024.5,1020.6,1017.1841,1018.7547,1014.8495,36.809998,24.631926,24.84,18.079027,18.766256,20.779955,16.671946,1.3473159,21.9,23.268751,49.0
ESL Pro League Season 17,Valletta,2023-03-23,Vitality,ENCE,nuke,24 - 18,6,1.3,MT00005,285.0,,22.4,,67.2,16.4,12.4,,3.0,17.25,16.623894,11.262148,1970-01-01T00:00:00+00:00,1970-01-01T00:00:00+00:00,44046.777,42238.383,0.0,0.0,0.0,0.0,16.199999,29.519999,337.87512,18.67,2.8914487,13.929215,34.958332,100.0,0.0,10.55,13.15,11.660416,2.8914487,81.01882,92.13775,64.94427,0.0,1017.40826,1019.8,1015.5,1011.5188,1013.8725,1009.57367,19.574999,11.995184,13.679999,8.350138,12.840344,13.597639,11.5961685,0.6884656,12.6,15.041667,49.0
ESL Pro League Season 17,Valletta,2023-03-23,Vitality,ENCE,ovp,12 - 18,-6,0.75,MT00005,285.0,,22.4,,67.2,16.4,12.4,,3.0,17.25,16.623894,11.262148,1970-01-01T00:00:00+00:00,1970-01-01T00:00:00+00:00,44046.777,42238.383,0.0,0.0,0.0,0.0,16.199999,29.519999,337.87512,18.67,2.8914487,13.929215,34.958332,100.0,0.0,10.55,13.15,11.660416,2.8914487,81.01882,92.13775,64.94427,0.0,1017.40826,1019.8,1015.5,1011.5188,1013.8725,1009.57367,19.574999,11.995184,13.679999,8.350138,12.840344,13.597639,11.5961685,0.6884656,12.6,15.041667,49.0
ESL Pro League Season 17,Valletta,2023-03-23,Vitality,ENCE,vtg,34 - 17,17,1.72,MT00005,285.0,,22.4,,67.2,16.4,12.4,,3.0,17.25,16.623894,11.262148,1970-01-01T00:00:00+00:00,1970-01-01T00:00:00+00:00,44046.777,42238.383,0.0,0.0,0.0,0.0,16.199999,29.519999,337.87512,18.67,2.8914487,13.929215,34.958332,100.0,0.0,10.55,13.15,11.660416,2.8914487,81.01882,92.13775,64.94427,0.0,1017.40826,1019.8,1015.5,1011.5188,1013.8725,1009.57367,19.574999,11.995184,13.679999,8.350138,12.840344,13.597639,11.5961685,0.6884656,12.6,15.041667,49.0
ESL Pro League Season 18,Valletta,2023-08-30,Vitality,ORKS,mrg,28 - 12,16,1.7,MT00005,294.0,,18.7,,61.8,35.7,10.5,0.456,51.0,29.65,31.753746,24.879534,1970-01-01T00:00:00+00:00,1970-01-01T00:00:00+00:00,46861.914,41037.46,0.1,0.0,0.1,1.0,16.279802,32.399998,275.12958,23.12,5.5455036,28.27334,39.708332,100.0,0.0,16.2,20.05,17.945833,5.5455036,59.582317,72.88567,44.263912,0.0,1012.4624,1014.3,1011.1,1006.82837,1008.6413,1005.4163,21.57,11.022692,9.72,3.671294,20.847483,21.634975,19.902235,2.3169782,23.6,26.681252,49.0
ESL Pro League Season 18,Valletta,2023-08-30,Vitality,ORKS,nuke,12 - 12,0,1.08,MT00005,294.0,,18.7,,61.8,35.7,10.5,0.456,51.0,29.65,31.753746,24.879534,1970-01-01T00:00:00+00:00,1970-01-01T00:00:00+00:00,46861.914,41037.46,0.1,0.0,0.1,1.0,16.279802,32.399998,275.12958,23.12,5.5455036,28.27334,39.708332,100.0,0.0,16.2,20.05,17.945833,5.5455036,59.582317,72.88567,44.263912,0.0,1012.4624,1014.3,1011.1,1006.82837,1008.6413,1005.4163,21.57,11.022692,9.72,3.671294,20.847483,21.634975,19.902235,2.3169782,23.6,26.681252,49.0
ESL Pro League Season 18,Valletta,2023-08-31,Vitality,Ninjas in Pyjamas,mrg,14 - 7,7,1.47,MT00005,370.0,,33.8,,42.0,58.4,20.2,0.692,51.0,28.5,31.035103,27.003775,1970-01-01T00:00:00+00:00,1970-01-01T00:00:00+00:00,46732.316,38206.0,1.4000001,0.0,1.4000001,5.0,20.421871,36.0,73.46799,16.61,3.7273114,28.579788,76.791664,100.0,1.0,20.1,21.9,21.18958,3.7273114,76.41782,88.32544,63.88476,0.0,1015.46674,1017.4,1013.4,1009.79834,1011.6889,1007.73785,22.169998,11.448852,10.440001,5.815978,22.495972,23.485321,21.732885,1.4043744,23.85,25.73958,49.0
ESL Pro League Season 18,Valletta,2023-08-31,Vitality,Ninjas in Pyjamas,nuke,21 - 14,7,1.25,MT00005,370.0,,33.8,,42.0,58.4,20.2,0.692,51.0,28.5,31.035103,27.003775,1970-01-01T00:00:00+00:00,1970-01-01T00:00:00+00:00,46732.316,38206.0,1.4000001,0.0,1.4000001,5.0,20.421871,36.0,73.46799,16.61,3.7273114,28.579788,76.791664,100.0,1.0,20.1,21.9,21.18958,3.7273114,76.41782,88.32544,63.88476,0.0,1015.46674,1017.4,1013.4,1009.79834,1011.6889,1007.73785,22.169998,11.448852,10.440001,5.815978,22.495972,23.485321,21.732885,1.4043744,23.85,25.73958,49.0
ESL Pro League Season 18,Valletta,2023-09-03,Vitality,Movistar Riders,inf,25 - 12,13,1.54,MT00005,390.0,,24.2,,63.6,37.8,13.1,0.807,3.0,29.2,31.399467,25.574566,1970-01-01T00:00:00+00:00,1970-01-01T00:00:00+00:00,46339.29,43200.0,0.0,0.0,0.0,0.0,14.693999,29.88,63.435013,23.18,5.058745,28.381124,27.333334,99.0,0.0,16.6,20.6,19.24375,5.058745,67.61274,87.684044,47.278408,0.0,1019.2082,1020.5,1018.1,1013.5241,1014.8602,1012.39246,18.84,9.9153385,4.68,2.7416782,21.406876,21.84674,20.921171,2.1049662,22.75,26.018753,49.0
ESL Pro League Season 18,Valletta,2023-09-03,Vitality,Movistar Riders,ovp,23 - 17,6,1.29,MT00005,390.0,,24.2,,63.6,37.8,13.1,0.807,3.0,29.2,31.399467,25.574566,1970-01-01T00:00:00+00:00,1970-01-01T00:00:00+00:00,46339.29,43200.0,0.0,0.0,0.0,0.0,14.693999,29.88,63.435013,23.18,5.058745,28.381124,27.333334,99.0,0.0,16.6,20.6,19.24375,5.058745,67.61274,87.684044,47.278408,0.0,1019.2082,1020.5,1018.1,1013.5241,1014.8602,1012.39246,18.84,9.9153385,4.68,2.7416782,21.406876,21.84674,20.921171,2.1049662,22.75,26.018753,49.0
ESL Pro League Season 18,Valletta,2023-09-28,Vitality,Monte,anb,19 - 18,1,1.02,MT00005,399.0,,36.5,,56.4,35.4,17.9,0.88,0.0,27.55,30.019966,23.256815,1970-01-01T00:00:00+00:00,1970-01-01T00:00:00+00:00,42985.21,41625.99,0.0,0.0,0.0,0.0,16.055355,24.119999,310.7569,19.19,4.0861177,26.210487,0.9166667,7.0,0.0,16.8,20.85,19.210417,4.0861177,75.2539,88.68234,52.597733,0.0,1016.75006,1018.8,1015.1,1011.0434,1013.0345,1009.35736,18.225,10.755197,12.24,7.9932966,20.730013,21.656357,19.564137,1.7442832,21.4,24.112497,49.0
ESL Pro League Season 18,Valletta,2023-09-28,Vitality,Monte,nuke,27 - 24,3,1.24,MT00005,399.0,,36.5,,56.4,35.4,17.9,0.88,0.0,27.55,30.019966,23.256815,1970-01-01T00:00:00+00:00,1970-01-01T00:00:00+00:00,42985.21,41625.99,0.0,0.0,0.0,0.0,16.055355,24.119999,310.7569,19.19,4.0861177,26.210487,0.9166667,7.0,0.0,16.8,20.85,19.210417,4.0861177,75.2539,88.68234,52.597733,0.0,1016.75006,1018.8,1015.1,1011.0434,1013.0345,1009.35736,18.225,10.755197,12.24,7.9932966,20.730013,21.656357,19.564137,1.7442832,21.4,24.112497,49.0
ESL Pro League Season 19,Valletta,2024-04-23,Vitality,Sharks,mrg,12 - 8,4,1.32,Zejtun Station,,,3.36,,101.0,27.6,10.3,,3.0,19.2,14.835333,8.759736,1970-01-01T00:00:00+00:00,1970-01-01T00:00:00+00:00,48249.555,43225.582,0.0,0.0,0.0,0.0,46.22882,70.56,311.15585,25.52,5.040834,11.753953,14.958333,100.0,0.0,6.0,12.75,9.160417,5.040834,62.59141,82.61877,49.119946,0.0,1009.56665,1014.1,1006.3,1003.7526,1008.2116,1000.4813,52.215,33.33262,30.599998,19.228851,12.157889,13.702629,10.069511,1.0385858,14.15,16.537498,49.0
ESL Pro League Season 19,Valletta,2024-04-23,Vitality,Sharks,vtg,16 - 12,4,1.33,Zejtun Station,,,3.36,,101.0,27.6,10.3,,3.0,19.2,14.835333,8.759736,1970-01-01T00:00:00+00:00,1970-01-01T00:00:00+00:00,48249.555,43225.582,0.0,0.0,0.0,0.0,46.22882,70.56,311.15585,25.52,5.040834,11.753953,14.958333,100.0,0.0,6.0,12.75,9.160417,5.040834,62.59141,82.61877,49.119946,0.0,1009.56665,1014.1,1006.3,1003.7526,1008.2116,1000.4813,52.215,33.33262,30.599998,19.228851,12.157889,13.702629,10.069511,1.0385858,14.15,16.537498,49.0
ESL Pro League Season 19,Valletta,2024-04-25,Vitality,BetBoom,anb,28 - 12,16,2.09,Zejtun Station,,,12.1,,93.3,20.1,7.76,0.0528,51.0,17.5,13.594883,7.315608,1970-01-01T00:00:00+00:00,1970-01-01T00:00:00+00:00,48492.73,43200.0,0.2,0.0,0.2,2.0,35.9153,57.239998,296.937,21.46,4.2391286,10.865779,31.666666,100.0,0.0,3.7,10.2,8.025001,4.2391286,63.582203,80.795715,40.376907,0.0,1013.27075,1014.8,1011.8,1007.4055,1008.89966,1005.9035,41.474995,26.494314,11.879999,8.049845,10.925758,12.517014,9.180639,1.1786289,12.1,15.052083,49.0
ESL Pro League Season 19,Valletta,2024-04-25,Vitality,BetBoom,mrg,22 - 6,16,2.22,Zejtun Station,,,12.1,,93.3,20.1,7.76,0.0528,51.0,17.5,13.594883,7.315608,1970-01-01T00:00:00+00:00,1970-01-01T00:00:00+00:00,48492.73,43200.0,0.2,0.0,0.2,2.0,35.9153,57.239998,296.937,21.46,4.2391286,10.865779,31.666666,100.0,0.0,3.7,10.2,8.025001,4.2391286,63.582203,80.795715,40.376907,0.0,1013.27075,1014.8,1011.8,1007.4055,1008.89966,1005.9035,41.474995,26.494314,11.879999,8.049845,10.925758,12.517014,9.180639,1.1786289,12.1,15.052083,49.0
ESL Pro League Season 19,Valletta,2024-04-28,Vitality,The MongolZ,mrg,30 - 12,18,2.03,Zejtun Station,,,2.59,,106.0,48.0,17.7,0.00077,3.0,20.75,17.234138,11.791517,1970-01-01T00:00:00+00:00,1970-01-01T00:00:00+00:00,48853.4,43582.555,0.0,0.0,0.0,0.0,43.565945,67.67999,79.22575,25.43,4.317545,13.904172,7.8333335,96.0,0.0,12.45,14.1,13.504167,4.317545,76.26067,90.2115,61.882103,0.0,1013.59576,1014.6,1013.0,1007.78534,1008.7644,1007.232,56.114994,36.67423,44.639996,29.5551,14.9970045,16.181963,14.265289,0.911137,15.7,17.875002,49.0
ESL Pro League Season 19,Valletta,2024-04-28,Vitality,The MongolZ,nuke,18 - 11,7,1.62,Zejtun Station,,,2.59,,106.0,48.0,17.7,0.00077,3.0,20.75,17.234138,11.791517,1970-01-01T00:00:00+00:00,1970-01-01T00:00:00+00:00,48853.4,43582.555,0.0,0.0,0.0,0.0,43.565945,67.67999,79.22575,25.43,4.317545,13.904172,7.8333335,96.0,0.0,12.45,14.1,13.504167,4.317545,76.26067,90.2115,61.882103,0.0,1013.59576,1014.6,1013.0,1007.78534,1008.7644,1007.232,56.114994,36.67423,44.639996,29.5551,14.9970045,16.181963,14.265289,0.911137,15.7,17.875002,49.0
ESL Pro League Season 19,Valletta,2024-05-10,Vitality,FaZe,nuke,24 - 6,18,2.69,Zejtun Station,,,9.89,,88.0,16.5,8.34,0.0192,3.0,21.6,22.38777,13.917242,1970-01-01T00:00:00+00:00,1970-01-01T00:00:00+00:00,50194.773,45394.766,0.0,0.0,0.0,0.0,23.441502,34.2,352.8867,25.81,4.397042,18.073566,36.5,100.0,0.0,13.1,16.25,14.270833,4.397042,78.222176,96.869255,58.620377,0.0,1014.47076,1016.2,1011.8,1008.6638,1010.35046,1005.9675,24.315002,13.942312,9.36,6.297428,15.6348505,16.499872,14.200094,1.0676223,16.15,18.30625,49.0
ESL Pro League Season 19,Valletta,2024-05-10,Vitality,FaZe,vtg,30 - 15,15,2.29,Zejtun Station,,,9.89,,88.0,16.5,8.34,0.0192,3.0,21.6,22.38777,13.917242,1970-01-01T00:00:00+00:00,1970-01-01T00:00:00+00:00,50194.773,45394.766,0.0,0.0,0.0,0.0,23.441502,34.2,352.8867,25.81,4.397042,18.073566,36.5,100.0,0.0,13.1,16.25,14.270833,4.397042,78.222176,96.869255,58.620377,0.0,1014.47076,1016.2,1011.8,1008.6638,1010.35046,1005.9675,24.315002,13.942312,9.36,6.297428,15.6348505,16.499872,14.200094,1.0676223,16.15,18.30625,49.0
ESL Pro League Season 19,Valletta,2024-05-11,Vitality,Astralis,inf,24 - 12,12,1.68,Zejtun Station,,,13.3,,92.2,30.6,15.3,0.0279,3.0,21.65,21.128756,15.962698,1970-01-01T00:00:00+00:00,1970-01-01T00:00:00+00:00,50295.38,46260.77,0.0,0.0,0.0,0.0,24.951921,41.760002,299.9349,26.57,4.0457315,18.6364,10.583333,100.0,0.0,14.05,17.05,15.456249,4.0457315,83.82563,96.5492,61.976986,0.0,1016.3416,1018.2,1014.6,1010.5261,1012.31134,1008.7514,23.189997,13.594499,7.2,5.7599998,16.408276,17.989573,14.739258,0.9842515,15.3,18.414583,49.0
ESL Pro League Season 19,Valletta,2024-05-11,Vitality,Astralis,mrg,18 - 15,3,1.14,Zejtun Station,,,13.3,,92.2,30.6,15.3,0.0279,3.0,21.65,21.128756,15.962698,1970-01-01T00:00:00+00:00,1970-01-01T00:00:00+00:00,50295.38,46260.77,0.0,0.0,0.0,0.0,24.951921,41.760002,299.9349,26.57,4.0457315,18.6364,10.583333,100.0,0.0,14.05,17.05,15.456249,4.0457315,83.82563,96.5492,61.976986,0.0,1016.3416,1018.2,1014.6,1010.5261,1012.31134,1008.7514,23.189997,13.594499,7.2,5.7599998,16.408276,17.989573,14.739258,0.9842515,15.3,18.414583,49.0
ESL Pro League Season 19,Valletta,2024-05-11,Vitality,Astralis,vtg,28 - 17,11,1.45,Zejtun Station,,,13.3,,92.2,30.6,15.3,0.0279,3.0,21.65,21.128756,15.962698,1970-01-01T00:00:00+00:00,1970-01-01T00:00:00+00:00,50295.38,46260.77,0.0,0.0,0.0,0.0,24.951921,41.760002,299.9349,26.57,4.0457315,18.6364,10.583333,100.0,0.0,14.05,17.05,15.456249,4.0457315,83.82563,96.5492,61.976986,0.0,1016.3416,1018.2,1014.6,1010.5261,1012.31134,1008.7514,23.189997,13.594499,7.2,5.7599998,16.408276,17.989573,14.739258,0.9842515,15.3,18.414583,49.0
ESL Pro League Season 19,Valletta,2024-05-12,Vitality,MOUZ,inf,15 - 16,-1,1.06,Zejtun Station,,,10.5,,91.3,16.7,9.4,0.0226,0.0,23.15,25.825531,14.751507,1970-01-01T00:00:00+00:00,1970-01-01T00:00:00+00:00,50393.85,47130.08,0.0,0.0,0.0,0.0,9.220499,22.68,236.23438,26.93,4.7005053,20.269978,0.0,0.0,0.0,13.2,16.6,14.927083,4.7005053,78.71747,96.56747,55.074768,0.0,1018.2332,1019.2,1017.4,1012.4192,1013.44476,1011.515,13.665001,6.1779037,5.3999996,2.6208394,16.330364,17.987238,14.092979,1.2585194,14.55,19.043753,49.0
ESL Pro League Season 19,Valletta,2024-05-12,Vitality,MOUZ,mrg,14 - 14,0,1.09,Zejtun Station,,,10.5,,91.3,16.7,9.4,0.0226,0.0,23.15,25.825531,14.751507,1970-01-01T00:00:00+00:00,1970-01-01T00:00:00+00:00,50393.85,47130.08,0.0,0.0,0.0,0.0,9.220499,22.68,236.23438,26.93,4.7005053,20.269978,0.0,0.0,0.0,13.2,16.6,14.927083,4.7005053,78.71747,96.56747,55.074768,0.0,1018.2332,1019.2,1017.4,1012.4192,1013.44476,1011.515,13.665001,6.1779037,5.3999996,2.6208394,16.330364,17.987238,14.092979,1.2585194,14.55,19.043753,49.0
ESL Pro League Season 19,Valletta,2024-05-12,Vitality,MOUZ,nuke,12 - 15,-3,1.15,Zejtun Station,,,10.5,,91.3,16.7,9.4,0.0226,0.0,23.15,25.825531,14.751507,1970-01-01T00:00:00+00:00,1970-01-01T00:00:00+00:00,50393.85,47130.08,0.0,0.0,0.0,0.0,9.220499,22.68,236.23438,26.93,4.7005053,20.269978,0.0,0.0,0.0,13.2,16.6,14.927083,4.7005053,78.71747,96.56747,55.074768,0.0,1018.2332,1019.2,1017.4,1012.4192,1013.44476,1011.515,13.665001,6.1779037,5.3999996,2.6208394,16.330364,17.987238,14.092979,1.2585194,14.55,19.043753,49.0
ESL Pro League Season 20,Valletta,2024-09-11,Vitality,ATOX,inf,23 - 15,8,1.41,Zejtun Station,,,9.5,,,,,0.00448,1.0,27.55,28.251308,23.67119,1970-01-01T00:00:00+00:00,1970-01-01T00:00:00+00:00,45181.617,43200.0,0.0,0.0,0.0,0.0,28.119204,45.0,300.70236,21.69,6.075736,25.184837,6.0416665,20.0,0.0,16.2,19.55,18.166668,6.075736,63.38679,73.506195,51.81909,0.0,1011.3542,1013.0,1009.5,1005.70844,1007.322,1003.8511,39.72,25.670502,30.239998,20.780453,20.622,21.730377,19.58839,1.7223892,24.1,25.72083,49.0
ESL Pro League Season 20,Valletta,2024-09-11,Vitality,ATOX,nuke,21 - 13,8,1.54,Zejtun Station,,,9.5,,,,,0.00448,1.0,27.55,28.251308,23.67119,1970-01-01T00:00:00+00:00,1970-01-01T00:00:00+00:00,45181.617,43200.0,0.0,0.0,0.0,0.0,28.119204,45.0,300.70236,21.69,6.075736,25.184837,6.0416665,20.0,0.0,16.2,19.55,18.166668,6.075736,63.38679,73.506195,51.81909,0.0,1011.3542,1013.0,1009.5,1005.70844,1007.322,1003.8511,39.72,25.670502,30.239998,20.780453,20.622,21.730377,19.58839,1.7223892,24.1,25.72083,49.0
ESL Pro League Season 20,Valletta,2024-09-12,Vitality,FURIA,d2,16 - 6,10,1.87,Zejtun Station,,,16.1,,,,,,2.0,28.3,28.285633,22.260601,1970-01-01T00:00:00+00:00,1970-01-01T00:00:00+00:00,45048.285,43200.0,0.0,0.0,0.0,0.0,29.49804,47.16,282.18362,20.73,5.931471,25.16047,15.625,50.0,0.0,15.85,19.45,17.637503,5.931471,61.93311,72.95537,47.353027,0.0,1012.81683,1013.7,1012.1,1007.16095,1008.0709,1006.4176,36.96,23.359653,16.199999,11.298495,20.29043,21.090815,19.139088,2.0010571,24.0,25.633333,49.0
ESL Pro League Season 20,Valletta,2024-09-12,Vitality,FURIA,vtg,15 - 11,4,1.4,Zejtun Station,,,16.1,,,,,,2.0,28.3,28.285633,22.260601,1970-01-01T00:00:00+00:00,1970-01-01T00:00:00+00:00,45048.285,43200.0,0.0,0.0,0.0,0.0,29.49804,47.16,282.18362,20.73,5.931471,25.16047,15.625,50.0,0.0,15.85,19.45,17.637503,5.931471,61.93311,72.95537,47.353027,0.0,1012.81683,1013.7,1012.1,1007.16095,1008.0709,1006.4176,36.96,23.359653,16.199999,11.298495,20.29043,21.090815,19.139088,2.0010571,24.0,25.633333,49.0
ESL Pro League Season 20,Valletta,2024-09-15,Vitality,Liquid,anb,12 - 16,-4,0.94,Zejtun Station,,,7.46,,,,,0.0944,3.0,25.55,22.920599,17.628042,1970-01-01T00:00:00+00:00,1970-01-01T00:00:00+00:00,44644.824,43200.0,0.0,0.0,0.0,0.0,28.90107,45.0,308.28857,19.46,6.5414863,20.248812,23.5,98.0,0.0,7.75,14.4,10.277082,6.5414863,44.68977,62.818474,33.58191,0.0,1015.1165,1016.6,1014.2,1009.40216,1010.85175,1008.497,35.624996,22.243395,23.759998,16.831684,15.593109,17.051025,13.775942,2.1744404,21.05,23.229166,49.0
ESL Pro League Season 20,Valletta,2024-09-15,Vitality,Liquid,d2,13 - 14,-1,1.14,Zejtun Station,,,7.46,,,,,0.0944,3.0,25.55,22.920599,17.628042,1970-01-01T00:00:00+00:00,1970-01-01T00:00:00+00:00,44644.824,43200.0,0.0,0.0,0.0,0.0,28.90107,45.0,308.28857,19.46,6.5414863,20.248812,23.5,98.0,0.0,7.75,14.4,10.277082,6.5414863,44.68977,62.818474,33.58191,0.0,1015.1165,1016.6,1014.2,1009.40216,1010.85175,1008.497,35.624996,22.243395,23.759998,16.831684,15.593109,17.051025,13.775942,2.1744404,21.05,23.229166,49.0
ESL Pro League Season 20,Valletta,2024-09-15,Vitality,Liquid,nuke,21 - 8,13,1.9,Zejtun Station,,,7.46,,,,,0.0944,3.0,25.55,22.920599,17.628042,1970-01-01T00:00:00+00:00,1970-01-01T00:00:00+00:00,44644.824,43200.0,0.0,0.0,0.0,0.0,28.90107,45.0,308.28857,19.46,6.5414863,20.248812,23.5,98.0,0.0,7.75,14.4,10.277082,6.5414863,44.68977,62.818474,33.58191,0.0,1015.1165,1016.6,1014.2,1009.40216,1010.85175,1008.497,35.624996,22.243395,23.759998,16.831684,15.593109,17.051025,13.775942,2.1744404,21.05,23.229166,49.0
ESL Pro League Season 20,Valletta,2024-09-19,Vitality,Eternal Fire,anb,30 - 18,12,1.54,Zejtun Station,,,23.5,,55.3,,,0.0431,51.0,26.85,29.638355,24.48795,1970-01-01T00:00:00+00:00,1970-01-01T00:00:00+00:00,44101.94,36941.88,0.3,0.0,0.3,1.0,11.090103,20.16,240.61597,16.29,3.3837419,27.30613,88.791664,100.0,31.0,18.45,21.95,20.035418,3.3837419,77.42003,89.39799,60.23534,0.0,1013.74994,1014.7,1012.7,1008.0655,1008.99927,1006.9874,13.650001,7.0141544,7.5599995,2.7416782,21.330084,22.432724,20.126574,1.4006023,22.25,24.385416,49.0
ESL Pro League Season 20,Valletta,2024-09-19,Vitality,Eternal Fire,inf,37 - 27,10,1.4,Zejtun Station,,,23.5,,55.3,,,0.0431,51.0,26.85,29.638355,24.48795,1970-01-01T00:00:00+00:00,1970-01-01T00:00:00+00:00,44101.94,36941.88,0.3,0.0,0.3,1.0,11.090103,20.16,240.61597,16.29,3.3837419,27.30613,88.791664,100.0,31.0,18.45,21.95,20.035418,3.3837419,77.42003,89.39799,60.23534,0.0,1013.74994,1014.7,1012.7,1008.0655,1008.99927,1006.9874,13.650001,7.0141544,7.5599995,2.7416782,21.330084,22.432724,20.126574,1.4006023,22.25,24.385416,49.0
ESL Pro League Season 20,Valletta,2024-09-19,Vitality,Eternal Fire,nuke,18 - 10,8,1.43,Zejtun Station,,,23.5,,55.3,,,0.0431,51.0,26.85,29.638355,24.48795,1970-01-01T00:00:00+00:00,1970-01-01T00:00:00+00:00,44101.94,36941.88,0.3,0.0,0.3,1.0,11.090103,20.16,240.61597,16.29,3.3837419,27.30613,88.791664,100.0,31.0,18.45,21.95,20.035418,3.3837419,77.42003,89.39799,60.23534,0.0,1013.74994,1014.7,1012.7,1008.0655,1008.99927,1006.9874,13.650001,7.0141544,7.5599995,2.7416782,21.330084,22.432724,20.126574,1.4006023,22.25,24.385416,49.0
ESL Pro League Season 21,Stockholm,2025-03-07,Vitality,MIBR,anb,9 - 14,-5,0.7,Hornsgatan,,,16.9,,,18.0,6.37,,3.0,12.55,9.765726,1.6703691,1970-01-01T00:00:00+00:00,1970-01-01T00:00:00+00:00,39862.516,29616.377,0.0,0.0,0.0,0.0,15.779543,34.56,233.3048,9.04,1.3902699,4.806771,46.75,100.0,0.0,2.4,5.35,4.0687504,1.3902699,77.99742,97.933754,59.624477,0.0,1013.3084,1014.3,1011.5,1010.48004,1011.48975,1008.646,24.585001,11.709547,16.56,8.29173,5.6982627,8.276773,4.406336,0.58800733,4.85,7.916666,23.0
ESL Pro League Season 21,Stockholm,2025-03-07,Vitality,MIBR,inf,19 - 6,13,2.12,Hornsgatan,,,16.9,,,18.0,6.37,,3.0,12.55,9.765726,1.6703691,1970-01-01T00:00:00+00:00,1970-01-01T00:00:00+00:00,39862.516,29616.377,0.0,0.0,0.0,0.0,15.779543,34.56,233.3048,9.04,1.3902699,4.806771,46.75,100.0,0.0,2.4,5.35,4.0687504,1.3902699,77.99742,97.933754,59.624477,0.0,1013.3084,1014.3,1011.5,1010.48004,1011.48975,1008.646,24.585001,11.709547,16.56,8.29173,5.6982627,8.276773,4.406336,0.58800733,4.85,7.916666,23.0
ESL Pro League Season 21,Stockholm,2025-03-07,Vitality,MIBR,trn,17 - 12,5,1.34,Hornsgatan,,,16.9,,,18.0,6.37,,3.0,12.55,9.765726,1.6703691,1970-01-01T00:00:00+00:00,1970-01-01T00:00:00+00:00,39862.516,29616.377,0.0,0.0,0.0,0.0,15.779543,34.56,233.3048,9.04,1.3902699,4.806771,46.75,100.0,0.0,2.4,5.35,4.0687504,1.3902699,77.99742,97.933754,59.624477,0.0,1013.3084,1014.3,1011.5,1010.48004,1011.48975,1008.646,24.585001,11.709547,16.56,8.29173,5.6982627,8.276773,4.406336,0.58800733,4.85,7.916666,23.0
ESL Pro League Season 21,Stockholm,2025-03-08,Vitality,3DMAX,d2,17 - 11,6,1.32,Hornsgatan,,,13.6,,,37.3,13.9,,3.0,10.55,8.174637,0.76734304,1970-01-01T00:00:00+00:00,1970-01-01T00:00:00+00:00,40177.32,36609.535,0.0,0.0,0.0,0.0,16.596157,34.2,270.34134,9.47,1.16228,3.9462569,71.666664,100.0,1.0,0.25,4.95,2.8583329,1.16228,76.9236,95.226234,58.05399,0.0,1016.57916,1018.6,1012.9,1013.73004,1015.7154,1010.07184,18.644999,8.136097,3.2399998,1.8,4.5225406,6.4353285,1.4758902,0.5299738,3.1,6.7604175,23.0
ESL Pro League Season 21,Stockholm,2025-03-08,Vitality,3DMAX,trn,21 - 11,10,2.13,Hornsgatan,,,13.6,,,37.3,13.9,,3.0,10.55,8.174637,0.76734304,1970-01-01T00:00:00+00:00,1970-01-01T00:00:00+00:00,40177.32,36609.535,0.0,0.0,0.0,0.0,16.596157,34.2,270.34134,9.47,1.16228,3.9462569,71.666664,100.0,1.0,0.25,4.95,2.8583329,1.16228,76.9236,95.226234,58.05399,0.0,1016.57916,1018.6,1012.9,1013.73004,1015.7154,1010.07184,18.644999,8.136097,3.2399998,1.8,4.5225406,6.4353285,1.4758902,0.5299738,3.1,6.7604175,23.0
ESL Pro League Season 21,Stockholm,2025-03-09,Vitality,MOUZ,d2,26 - 8,18,2.38,Hornsgatan,,,16.1,,,24.4,10.4,,3.0,9.45,6.646693,-1.5603986,1970-01-01T00:00:00+00:00,1970-01-01T00:00:00+00:00,40493.402,36021.316,0.0,0.0,0.0,0.0,10.644379,25.199999,178.52083,9.4,1.0288393,1.6686039,74.708336,100.0,4.0,0.15,3.85,2.1374998,1.0288393,85.9831,99.2903,65.69234,0.0,1014.5793,1018.3,1010.4,1011.7116,1015.4065,1007.52203,15.615002,6.7342434,1.8,0.35999998,3.0260706,6.073988,0.38064384,0.40540224,1.0,4.414583,23.0
ESL Pro League Season 21,Stockholm,2025-03-09,Vitality,MOUZ,inf,17 - 10,7,1.34,Hornsgatan,,,16.1,,,24.4,10.4,,3.0,9.45,6.646693,-1.5603986,1970-01-01T00:00:00+00:00,1970-01-01T00:00:00+00:00,40493.402,36021.316,0.0,0.0,0.0,0.0,10.644379,25.199999,178.52083,9.4,1.0288393,1.6686039,74.708336,100.0,4.0,0.15,3.85,2.1374998,1.0288393,85.9831,99.2903,65.69234,0.0,1014.5793,1018.3,1010.4,1011.7116,1015.4065,1007.52203,15.615002,6.7342434,1.8,0.35999998,3.0260706,6.073988,0.38064384,0.40540224,1.0,4.414583,23.0
ESL Pro League Season 21,Stockholm,2025-03-14,Vitality,Liquid,anb,18 - 13,5,1.45,Hornsgatan,,,17.1,,,17.1,3.35,,3.0,3.8,-1.6291378,-8.665053,1970-01-01T00:00:00+00:00,1970-01-01T00:00:00+00:00,42092.92,30992.36,0.0,0.0,0.0,0.0,15.661035,36.719997,298.11026,10.06,1.0547243,-5.1089807,21.166666,98.0,0.0,-9.0,-5.45,-6.9166656,1.0547243,66.04879,86.9252,39.626686,0.0,1006.76666,1014.2,1000.8,1003.8654,1011.2779,997.8861,20.204998,8.167416,1.4399999,0.17999999,-3.5051851,-0.8768921,-5.6784573,0.48532397,-4.55,-0.93958324,23.0
ESL Pro League Season 21,Stockholm,2025-03-14,Vitality,Liquid,d2,20 - 11,9,1.26,Hornsgatan,,,17.1,,,17.1,3.35,,3.0,3.8,-1.6291378,-8.665053,1970-01-01T00:00:00+00:00,1970-01-01T00:00:00+00:00,42092.92,30992.36,0.0,0.0,0.0,0.0,15.661035,36.719997,298.11026,10.06,1.0547243,-5.1089807,21.166666,98.0,0.0,-9.0,-5.45,-6.9166656,1.0547243,66.04879,86.9252,39.626686,0.0,1006.76666,1014.2,1000.8,1003.8654,1011.2779,997.8861,20.204998,8.167416,1.4399999,0.17999999,-3.5051851,-0.8768921,-5.6784573,0.48532397,-4.55,-0.93958324,23.0
ESL Pro League Season 21,Stockholm,2025-03-15,Vitality,The MongolZ,anb,17 - 6,11,1.8,Hornsgatan,,,17.6,,,48.3,6.39,,3.0,6.25,-0.08648491,-6.6670127,1970-01-01T00:00:00+00:00,1970-01-01T00:00:00+00:00,42415.38,38992.926,0.0,0.0,0.0,0.0,21.69952,48.6,248.8775,11.51,1.713096,-3.3010247,64.666664,100.0,0.0,-10.4,-2.85,-5.639582,1.713096,59.473705,73.339096,30.26255,0.0,1013.02924,1016.1,1007.2,1010.13916,1013.18097,1004.3223,34.35,15.818914,16.56,8.2584505,-1.4046779,1.0661759,-4.495082,0.6645721,-2.15,1.8416667,23.0
ESL Pro League Season 21,Stockholm,2025-03-15,Vitality,The MongolZ,inf,12 - 6,6,1.4,Hornsgatan,,,17.6,,,48.3,6.39,,3.0,6.25,-0.08648491,-6.6670127,1970-01-01T00:00:00+00:00,1970-01-01T00:00:00+00:00,42415.38,38992.926,0.0,0.0,0.0,0.0,21.69952,48.6,248.8775,11.51,1.713096,-3.3010247,64.666664,100.0,0.0,-10.4,-2.85,-5.639582,1.713096,59.473705,73.339096,30.26255,0.0,1013.02924,1016.1,1007.2,1010.13916,1013.18097,1004.3223,34.35,15.818914,16.56,8.2584505,-1.4046779,1.0661759,-4.495082,0.6645721,-2.15,1.8416667,23.0
ESL Pro League Season 21,Stockholm,2025-03-15,Vitality,The MongolZ,nuke,25 - 18,7,1.33,Hornsgatan,,,17.6,,,48.3,6.39,,3.0,6.25,-0.08648491,-6.6670127,1970-01-01T00:00:00+00:00,1970-01-01T00:00:00+00:00,42415.38,38992.926,0.0,0.0,0.0,0.0,21.69952,48.6,248.8775,11.51,1.713096,-3.3010247,64.666664,100.0,0.0,-10.4,-2.85,-5.639582,1.713096,59.473705,73.339096,30.26255,0.0,1013.02924,1016.1,1007.2,1010.13916,1013.18097,1004.3223,34.35,15.818914,16.56,8.2584505,-1.4046779,1.0661759,-4.495082,0.6645721,-2.15,1.8416667,23.0
ESL Pro League Season 21,Stockholm,2025-03-16,Vitality,MOUZ,d2,10 - 15,-5,0.77,Hornsgatan,,,5.6,,,29.7,3.85,,71.0,3.6,-2.7174256,-7.074909,1970-01-01T00:00:00+00:00,1970-01-01T00:00:00+00:00,42738.277,35801.31,0.0,0.28,0.4,3.0,23.023117,52.92,331.22437,11.58,1.6624004,-4.450393,43.0,99.0,0.0,-11.7,-2.0,-6.883333,1.6624004,57.942333,79.47572,31.706758,0.4,1014.04584,1023.4,1006.8,1011.1438,1020.4456,1003.9225,38.55,16.870232,21.599998,10.855358,-2.2036123,-0.46938753,-4.3329477,0.54123217,-1.65,0.9562499,23.0
ESL Pro League Season 21,Stockholm,2025-03-16,Vitality,MOUZ,inf,16 - 8,8,1.8,Hornsgatan,,,5.6,,,29.7,3.85,,71.0,3.6,-2.7174256,-7.074909,1970-01-01T00:00:00+00:00,1970-01-01T00:00:00+00:00,42738.277,35801.31,0.0,0.28,0.4,3.0,23.023117,52.92,331.22437,11.58,1.6624004,-4.450393,43.0,99.0,0.0,-11.7,-2.0,-6.883333,1.6624004,57.942333,79.47572,31.706758,0.4,1014.04584,1023.4,1006.8,1011.1438,1020.4456,1003.9225,38.55,16.870232,21.599998,10.855358,-2.2036123,-0.46938753,-4.3329477,0.54123217,-1.65,0.9562499,23.0
ESL Pro League Season 21,Stockholm,2025-03-16,Vitality,MOUZ,nuke,17 - 11,6,1.68,Hornsgatan,,,5.6,,,29.7,3.85,,71.0,3.6,-2.7174256,-7.074909,1970-01-01T00:00:00+00:00,1970-01-01T00:00:00+00:00,42738.277,35801.31,0.0,0.28,0.4,3.0,23.023117,52.92,331.22437,11.58,1.6624004,-4.450393,43.0,99.0,0.0,-11.7,-2.0,-6.883333,1.6624004,57.942333,79.47572,31.706758,0.4,1014.04584,1023.4,1006.8,1011.1438,1020.4456,1003.9225,38.55,16.870232,21.599998,10.855358,-2.2036123,-0.46938753,-4.3329477,0.54123217,-1.65,0.9562499,23.0
ESL Pro League Season 22,Stockholm,2025-10-04,Vitality,Gentle Mates,nuke,14 - 14,0,0.91,Hornsgatan,,,6.0,,,8.0,4.04,,63.0,11.65,6.6107426,4.4375,1970-01-01T00:00:00+00:00,1970-01-01T00:00:00+00:00,40277.99,2513.5322,14.8,0.0,14.8,12.0,27.779545,69.12,154.04803,2.63,1.2188804,5.6414585,96.291664,100.0,13.0,3.55,8.3,6.1937504,1.2188804,78.51579,92.491104,64.64248,0.0,1002.9832,1018.5,989.7,1000.20355,1015.6709,986.9549,47.684998,22.654623,29.16,14.458382,7.6719284,8.704527,6.0125313,0.46030045,8.75,9.885416,23.0
ESL Pro League Season 22,Stockholm,2025-10-04,Vitality,Gentle Mates,trn,15 - 13,2,0.98,Hornsgatan,,,6.0,,,8.0,4.04,,63.0,11.65,6.6107426,4.4375,1970-01-01T00:00:00+00:00,1970-01-01T00:00:00+00:00,40277.99,2513.5322,14.8,0.0,14.8,12.0,27.779545,69.12,154.04803,2.63,1.2188804,5.6414585,96.291664,100.0,13.0,3.55,8.3,6.1937504,1.2188804,78.51579,92.491104,64.64248,0.0,1002.9832,1018.5,989.7,1000.20355,1015.6709,986.9549,47.684998,22.654623,29.16,14.458382,7.6719284,8.704527,6.0125313,0.46030045,8.75,9.885416,23.0
ESL Pro League Season 22,Stockholm,2025-10-05,Vitality,GamerLegion,d2,21 - 8,13,2.47,Hornsgatan,,,7.47,,,3.03,1.92,,61.0,13.55,10.670488,6.6975975,1970-01-01T00:00:00+00:00,1970-01-01T00:00:00+00:00,39959.96,36795.555,3.3999996,0.0,3.3999996,9.0,20.01969,38.16,170.32378,8.09,1.1167098,8.680692,52.375,100.0,9.0,7.5,9.75,8.452083,1.1167098,86.81799,97.01171,66.8225,0.0,993.1543,999.4,988.1,990.4092,996.61615,985.3621,23.88,10.939635,9.0,4.3536186,9.239278,9.969474,7.8847494,0.5157356,8.45,10.679166,23.0
ESL Pro League Season 22,Stockholm,2025-10-05,Vitality,GamerLegion,ovp,19 - 5,14,1.77,Hornsgatan,,,7.47,,,3.03,1.92,,61.0,13.55,10.670488,6.6975975,1970-01-01T00:00:00+00:00,1970-01-01T00:00:00+00:00,39959.96,36795.555,3.3999996,0.0,3.3999996,9.0,20.01969,38.16,170.32378,8.09,1.1167098,8.680692,52.375,100.0,9.0,7.5,9.75,8.452083,1.1167098,86.81799,97.01171,66.8225,0.0,993.1543,999.4,988.1,990.4092,996.61615,985.3621,23.88,10.939635,9.0,4.3536186,9.239278,9.969474,7.8847494,0.5157356,8.45,10.679166,23.0
ESL Pro League Season 22,Stockholm,2025-10-06,Vitality,HOTU,d2,9 - 9,0,0.9,Hornsgatan,,,19.1,,,5.6,3.14,,3.0,13.35,12.349375,4.8072987,1970-01-01T00:00:00+00:00,1970-01-01T00:00:00+00:00,39642.28,21868.754,0.0,0.0,0.0,0.0,8.29173,20.16,315.96277,6.29,0.8233271,8.558301,76.833336,100.0,0.0,6.25,9.9,8.233333,0.8233271,91.45585,100.0,72.45989,0.0,1009.5168,1017.3,1000.3,1006.7164,1014.456,997.51514,10.98,4.3988757,1.4399999,0.35999998,8.690875,10.576491,6.2689266,0.4225558,6.55,9.656251,23.0
ESL Pro League Season 22,Stockholm,2025-10-06,Vitality,HOTU,ovp,20 - 10,10,1.59,Hornsgatan,,,19.1,,,5.6,3.14,,3.0,13.35,12.349375,4.8072987,1970-01-01T00:00:00+00:00,1970-01-01T00:00:00+00:00,39642.28,21868.754,0.0,0.0,0.0,0.0,8.29173,20.16,315.96277,6.29,0.8233271,8.558301,76.833336,100.0,0.0,6.25,9.9,8.233333,0.8233271,91.45585,100.0,72.45989,0.0,1009.5168,1017.3,1000.3,1006.7164,1014.456,997.51514,10.98,4.3988757,1.4399999,0.35999998,8.690875,10.576491,6.2689266,0.4225558,6.55,9.656251,23.0
ESL Pro League Season 22,Stockholm,2025-10-07,Vitality,G2,inf,12 - 4,8,1.51,Hornsgatan,,,18.4,,,8.75,4.68,,61.0,13.9,11.599568,5.529725,1970-01-01T00:00:00+00:00,1970-01-01T00:00:00+00:00,39325.13,16068.752,6.5,0.0,6.5,5.0,18.442753,35.64,199.70297,5.35,0.9175797,8.977357,98.916664,100.0,83.0,7.05,11.3,9.060418,0.9175797,88.68331,100.0,72.53329,0.0,1016.9041,1018.6,1013.6,1014.09595,1015.8062,1010.80914,24.285002,11.954449,5.3999996,3.4388947,9.686724,11.389038,6.985511,0.4325261,7.1,10.95,23.0
ESL Pro League Season 22,Stockholm,2025-10-07,Vitality,G2,mrg,25 - 22,3,1.14,Hornsgatan,,,18.4,,,8.75,4.68,,61.0,13.9,11.599568,5.529725,1970-01-01T00:00:00+00:00,1970-01-01T00:00:00+00:00,39325.13,16068.752,6.5,0.0,6.5,5.0,18.442753,35.64,199.70297,5.35,0.9175797,8.977357,98.916664,100.0,83.0,7.05,11.3,9.060418,0.9175797,88.68331,100.0,72.53329,0.0,1016.9041,1018.6,1013.6,1014.09595,1015.8062,1010.80914,24.285002,11.954449,5.3999996,3.4388947,9.686724,11.389038,6.985511,0.4325261,7.1,10.95,23.0
ESL Pro League Season 22,Stockholm,2025-10-10,Vitality,FURIA,inf,18 - 13,5,1.35,Hornsgatan,,,13.5,,,4.45,2.25,,3.0,11.65,9.100481,2.9932394,1970-01-01T00:00:00+00:00,1970-01-01T00:00:00+00:00,38378.69,34517.453,0.0,0.0,0.0,0.0,16.454992,31.319998,265.96896,7.69,1.179939,6.420154,61.041668,100.0,0.0,3.55,8.95,5.6083336,1.179939,78.693184,92.51977,64.37288,0.0,1011.00415,1013.6,1006.8,1008.1954,1010.7861,1004.0034,25.755,11.875015,20.16,9.278297,7.0421643,9.615889,4.465851,0.48903364,6.0,9.220833,23.0
ESL Pro League Season 22,Stockholm,2025-10-10,Vitality,FURIA,nuke,23 - 11,12,1.68,Hornsgatan,,,13.5,,,4.45,2.25,,3.0,11.65,9.100481,2.9932394,1970-01-01T00:00:00+00:00,1970-01-01T00:00:00+00:00,38378.69,34517.453,0.0,0.0,0.0,0.0,16.454992,31.319998,265.96896,7.69,1.179939,6.420154,61.041668,100.0,0.0,3.55,8.95,5.6083336,1.179939,78.693184,92.51977,64.37288,0.0,1011.00415,1013.6,1006.8,1008.1954,1010.7861,1004.0034,25.755,11.875015,20.16,9.278297,7.0421643,9.615889,4.465851,0.48903364,6.0,9.220833,23.0
ESL Pro League Season 22,Stockholm,2025-10-10,Vitality,FURIA,ovp,19 - 19,0,1.1,Hornsgatan,,,13.5,,,4.45,2.25,,3.0,11.65,9.100481,2.9932394,1970-01-01T00:00:00+00:00,1970-01-01T00:00:00+00:00,38378.69,34517.453,0.0,0.0,0.0,0.0,16.454992,31.319998,265.96896,7.69,1.179939,6.420154,61.041668,100.0,0.0,3.55,8.95,5.6083336,1.179939,78.693184,92.51977,64.37288,0.0,1011.00415,1013.6,1006.8,1008.1954,1010.7861,1004.0034,25.755,11.875015,20.16,9.278297,7.0421643,9.615889,4.465851,0.48903364,6.0,9.220833,23.0
ESWC 2017,Paris,2017-11-02,aAa,ARES,inf,14 - 22,-8,0.76,PARIS 18eme,,,58.5,,2.0,31.0,,,3.0,13.75,12.53562,6.432316,1970-01-01T00:00:00+00:00,1970-01-01T00:00:00+00:00,35354.652,3142.5771,0.0,0.0,0.0,0.0,12.620554,29.16,235.28282,3.72,0.7874906,9.688271,92.375,100.0,60.0,6.15,9.9,8.727084,0.7874906,84.78973,95.42846,69.884735,0.0,1016.73334,1017.6,1015.7,1011.4978,1012.3489,1010.4432,17.55,8.5434,6.8399997,3.396233,9.607968,10.864096,7.3225822,0.4742428,8.7,11.260417,43.0
ESWC 2017,Paris,2017-11-02,aAa,ARES,nuke,23 - 15,8,1.78,PARIS 18eme,,,58.5,,2.0,31.0,,,3.0,13.75,12.53562,6.432316,1970-01-01T00:00:00+00:00,1970-01-01T00:00:00+00:00,35354.652,3142.5771,0.0,0.0,0.0,0.0,12.620554,29.16,235.28282,3.72,0.7874906,9.688271,92.375,100.0,60.0,6.15,9.9,8.727084,0.7874906,84.78973,95.42846,69.884735,0.0,1016.73334,1017.6,1015.7,1011.4978,1012.3489,1010.4432,17.55,8.5434,6.8399997,3.396233,9.607968,10.864096,7.3225822,0.4742428,8.7,11.260417,43.0
ESWC 2017,Paris,2017-11-02,aAa,BIG,cbl,12 - 17,-5,0.84,PARIS 18eme,,,58.5,,2.0,31.0,,,3.0,13.75,12.53562,6.432316,1970-01-01T00:00:00+00:00,1970-01-01T00:00:00+00:00,35354.652,3142.5771,0.0,0.0,0.0,0.0,12.620554,29.16,235.28282,3.72,0.7874906,9.688271,92.375,100.0,60.0,6.15,9.9,8.727084,0.7874906,84.78973,95.42846,69.884735,0.0,1016.73334,1017.6,1015.7,1011.4978,1012.3489,1010.4432,17.55,8.5434,6.8399997,3.396233,9.607968,10.864096,7.3225822,0.4742428,8.7,11.260417,43.0
ESWC 2017,Paris,2017-11-02,aAa,BIG,ovp,32 - 22,10,1.6,PARIS 18eme,,,58.5,,2.0,31.0,,,3.0,13.75,12.53562,6.432316,1970-01-01T00:00:00+00:00,1970-01-01T00:00:00+00:00,35354.652,3142.5771,0.0,0.0,0.0,0.0,12.620554,29.16,235.28282,3.72,0.7874906,9.688271,92.375,100.0,60.0,6.15,9.9,8.727084,0.7874906,84.78973,95.42846,69.884735,0.0,1016.73334,1017.6,1015.7,1011.4978,1012.3489,1010.4432,17.55,8.5434,6.8399997,3.396233,9.607968,10.864096,7.3225822,0.4742428,8.7,11.260417,43.0
ESWC 2017,Paris,2017-11-03,aAa,ARES,cch,35 - 24,11,1.43,PARIS 18eme,,,53.5,,19.8,33.3,,,3.0,16.0,15.217037,7.5356274,1970-01-01T00:00:00+00:00,1970-01-01T00:00:00+00:00,35165.973,17769.01,0.0,0.0,0.0,0.0,11.681987,22.68,143.86308,5.59,0.95811063,10.3940115,87.416664,100.0,45.0,8.1,10.55,9.360417,0.95811063,86.124825,97.340836,69.624535,0.0,1014.7541,1017.6,1010.9,1009.53687,1012.33673,1005.67145,16.109997,7.9739857,10.799999,5.154415,10.161318,12.511204,8.613085,0.55280066,8.95,11.714583,43.0
ESWC 2017,Paris,2017-11-03,aAa,ARES,ovp,26 - 5,21,2.18,PARIS 18eme,,,53.5,,19.8,33.3,,,3.0,16.0,15.217037,7.5356274,1970-01-01T00:00:00+00:00,1970-01-01T00:00:00+00:00,35165.973,17769.01,0.0,0.0,0.0,0.0,11.681987,22.68,143.86308,5.59,0.95811063,10.3940115,87.416664,100.0,45.0,8.1,10.55,9.360417,0.95811063,86.124825,97.340836,69.624535,0.0,1014.7541,1017.6,1010.9,1009.53687,1012.33673,1005.67145,16.109997,7.9739857,10.799999,5.154415,10.161318,12.511204,8.613085,0.55280066,8.95,11.714583,43.0
ESWC 2017,Paris,2017-11-03,aAa,LDLC,inf,26 - 21,5,1.42,PARIS 18eme,,,53.5,,19.8,33.3,,,3.0,16.0,15.217037,7.5356274,1970-01-01T00:00:00+00:00,1970-01-01T00:00:00+00:00,35165.973,17769.01,0.0,0.0,0.0,0.0,11.681987,22.68,143.86308,5.59,0.95811063,10.3940115,87.416664,100.0,45.0,8.1,10.55,9.360417,0.95811063,86.124825,97.340836,69.624535,0.0,1014.7541,1017.6,1010.9,1009.53687,1012.33673,1005.67145,16.109997,7.9739857,10.799999,5.154415,10.161318,12.511204,8.613085,0.55280066,8.95,11.714583,43.0
ESWC 2017,Paris,2017-11-03,aAa,LDLC,nuke,11 - 14,-3,0.71,PARIS 18eme,,,53.5,,19.8,33.3,,,3.0,16.0,15.217037,7.5356274,1970-01-01T00:00:00+00:00,1970-01-01T00:00:00+00:00,35165.973,17769.01,0.0,0.0,0.0,0.0,11.681987,22.68,143.86308,5.59,0.95811063,10.3940115,87.416664,100.0,45.0,8.1,10.55,9.360417,0.95811063,86.124825,97.340836,69.624535,0.0,1014.7541,1017.6,1010.9,1009.53687,1012.33673,1005.67145,16.109997,7.9739857,10.799999,5.154415,10.161318,12.511204,8.613085,0.55280066,8.95,11.714583,43.0
Epsilan 14,Champagne-au-Mont-d'Or,2017-03-05,WySix,BlackBelts,cbl,20 - 4,16,1.99,LYON Centre,,,20.9,,52.5,7.3,5.95,,55.0,9.8,4.3933973,-0.78150463,1970-01-01T00:00:00+00:00,1970-01-01T00:00:00+00:00,40873.277,29656.719,5.7999997,0.0,5.7999997,11.0,27.729347,62.279995,179.34087,8.06,1.0966336,1.951879,80.25,100.0,13.0,1.35,4.7,3.2541664,1.0966336,84.01704,93.43819,59.153816,0.0,1009.9084,1013.6,1007.7,975.976,979.5945,973.6535,37.275,15.967616,14.759999,7.928178,4.2616754,5.87049,1.621654,0.49579662,2.3,5.839583,280.0
Epsilan 14,Champagne-au-Mont-d'Or,2017-03-05,WySix,Epsilon,mrg,29 - 27,2,1.03,LYON Centre,,,20.9,,52.5,7.3,5.95,,55.0,9.8,4.3933973,-0.78150463,1970-01-01T00:00:00+00:00,1970-01-01T00:00:00+00:00,40873.277,29656.719,5.7999997,0.0,5.7999997,11.0,27.729347,62.279995,179.34087,8.06,1.0966336,1.951879,80.25,100.0,13.0,1.35,4.7,3.2541664,1.0966336,84.01704,93.43819,59.153816,0.0,1009.9084,1013.6,1007.7,975.976,979.5945,973.6535,37.275,15.967616,14.759999,7.928178,4.2616754,5.87049,1.621654,0.49579662,2.3,5.839583,280.0
Epsilan 14,Champagne-au-Mont-d'Or,2017-03-05,WySix,LCM,cbl,24 - 12,12,1.77,LYON Centre,,,20.9,,52.5,7.3,5.95,,55.0,9.8,4.3933973,-0.78150463,1970-01-01T00:00:00+00:00,1970-01-01T00:00:00+00:00,40873.277,29656.719,5.7999997,0.0,5.7999997,11.0,27.729347,62.279995,179.34087,8.06,1.0966336,1.951879,80.25,100.0,13.0,1.35,4.7,3.2541664,1.0966336,84.01704,93.43819,59.153816,0.0,1009.9084,1013.6,1007.7,975.976,979.5945,973.6535,37.275,15.967616,14.759999,7.928178,4.2616754,5.87049,1.621654,0.49579662,2.3,5.839583,280.0
Esports World Cup 2026,Paris,2026-08-12,Vitality,100 Thieves,nuke,15 - 7,8,1.28,PARIS 18eme,,,25.6,,88.0,20.7,5.75,,0.0,35.05,34.080402,19.297798,1970-01-01T00:00:00+00:00,1970-01-01T00:00:00+00:00,52352.477,47448.97,0.0,0.0,0.0,0.0,8.805294,25.919998,44.60559,25.03,6.225169,27.02904,0.0,0.0,0.0,4.4,9.9,6.670833,6.225169,27.326662,43.028915,14.837445,0.0,1021.07916,1022.1,1019.8,1016.1187,1017.0907,1014.93176,18.015,6.323207,10.799999,4.863332,16.038708,17.798851,13.171198,4.8017945,20.8,28.452082,43.0
Esports World Cup 2026,Paris,2026-08-14,Vitality,B8,d2,9 - 12,-3,0.84,PARIS 18eme,,,45.1,,97.1,32.8,13.4,,51.0,38.7,38.96123,23.393835,1970-01-01T00:00:00+00:00,1970-01-01T00:00:00+00:00,51973.5,50400.0,0.1,0.0,0.1,1.0,19.694992,48.96,303.69003,23.38,5.827655,31.175146,13.208333,98.0,0.0,6.45,13.05,9.312501,5.827655,26.966272,42.086212,14.750579,0.0,1016.075,1018.6,1012.9,1011.1922,1013.6309,1008.1276,16.904999,4.743195,3.6,0.56920993,18.356358,20.344893,15.582119,5.7773104,23.8,31.758333,43.0
Esports World Cup 2026,Paris,2026-08-14,Vitality,B8,inf,17 - 17,0,0.99,PARIS 18eme,,,45.1,,97.1,32.8,13.4,,51.0,38.7,38.96123,23.393835,1970-01-01T00:00:00+00:00,1970-01-01T00:00:00+00:00,51973.5,50400.0,0.1,0.0,0.1,1.0,19.694992,48.96,303.69003,23.38,5.827655,31.175146,13.208333,98.0,0.0,6.45,13.05,9.312501,5.827655,26.966272,42.086212,14.750579,0.0,1016.075,1018.6,1012.9,1011.1922,1013.6309,1008.1276,16.904999,4.743195,3.6,0.56920993,18.356358,20.344893,15.582119,5.7773104,23.8,31.758333,43.0
Esports World Cup 2026,Paris,2026-08-14,Vitality,B8,mrg,23 - 17,6,1.58,PARIS 18eme,,,45.1,,97.1,32.8,13.4,,51.0,38.7,38.96123,23.393835,1970-01-01T00:00:00+00:00,1970-01-01T00:00:00+00:00,51973.5,50400.0,0.1,0.0,0.1,1.0,19.694992,48.96,303.69003,23.38,5.827655,31.175146,13.208333,98.0,0.0,6.45,13.05,9.312501,5.827655,26.966272,42.086212,14.750579,0.0,1016.075,1018.6,1012.9,1011.1922,1013.6309,1008.1276,16.904999,4.743195,3.6,0.56920993,18.356358,20.344893,15.582119,5.7773104,23.8,31.758333,43.0
Esports World Cup 2026,Paris,2026-08-16,Vitality,Lynn Vision,d2,18 - 8,10,2.22,PARIS 18eme,,,11.5,,88.1,24.5,14.9,,61.0,30.0,32.669876,22.192324,1970-01-01T00:00:00+00:00,1970-01-01T00:00:00+00:00,51586.793,42522.46,2.7999997,0.0,2.7999997,6.0,9.499157,21.599998,354.31403,20.1,4.418337,26.951681,49.208332,100.0,1.0,14.0,19.85,17.189585,4.418337,64.7488,94.27017,42.51651,0.0,1016.0002,1017.0,1014.9,1011.0096,1012.0188,1009.98016,18.045,6.1538196,11.159999,2.7475805,19.945093,21.343292,17.91109,2.359911,20.05,25.099998,43.0
Esports World Cup 2026,Paris,2026-08-16,Vitality,Lynn Vision,inf,22 - 9,13,2.18,PARIS 18eme,,,11.5,,88.1,24.5,14.9,,61.0,30.0,32.669876,22.192324,1970-01-01T00:00:00+00:00,1970-01-01T00:00:00+00:00,51586.793,42522.46,2.7999997,0.0,2.7999997,6.0,9.499157,21.599998,354.31403,20.1,4.418337,26.951681,49.208332,100.0,1.0,14.0,19.85,17.189585,4.418337,64.7488,94.27017,42.51651,0.0,1016.0002,1017.0,1014.9,1011.0096,1012.0188,1009.98016,18.045,6.1538196,11.159999,2.7475805,19.945093,21.343292,17.91109,2.359911,20.05,25.099998,43.0
Esports World Cup 2026,Paris,2026-08-20,Vitality,FaZe,cch,25 - 10,15,2.21,PARIS 18eme,,,6.68,,61.5,6.71,2.18,,51.0,24.45,21.893847,15.122828,1970-01-01T00:00:00+00:00,1970-01-01T00:00:00+00:00,50795.66,49895.047,0.3,0.0,0.3,3.0,18.417263,44.639996,249.80754,20.79,4.324401,18.722246,39.375,100.0,2.0,9.15,14.9,12.252083,4.324401,65.20591,91.6521,38.491844,0.0,1009.95416,1011.5,1008.8,1004.90216,1006.3987,1003.835,30.149996,12.10936,15.4800005,3.6,15.115256,15.793377,14.177496,1.8860143,15.2,19.66875,43.0
Esports World Cup 2026,Paris,2026-08-20,Vitality,FaZe,d2,17 - 15,2,1.17,PARIS 18eme,,,6.68,,61.5,6.71,2.18,,51.0,24.45,21.893847,15.122828,1970-01-01T00:00:00+00:00,1970-01-01T00:00:00+00:00,50795.66,49895.047,0.3,0.0,0.3,3.0,18.417263,44.639996,249.80754,20.79,4.324401,18.722246,39.375,100.0,2.0,9.15,14.9,12.252083,4.324401,65.20591,91.6521,38.491844,0.0,1009.95416,1011.5,1008.8,1004.90216,1006.3987,1003.835,30.149996,12.10936,15.4800005,3.6,15.115256,15.793377,14.177496,1.8860143,15.2,19.66875,43.0
Esports World Cup 2026,Paris,2026-08-21,Vitality,Spirit,anb,21 - 17,4,1.02,PARIS 18eme,,,10.3,,53.0,11.4,3.34,,53.0,22.45,20.865593,14.78652,1970-01-01T00:00:00+00:00,1970-01-01T00:00:00+00:00,50595.12,49780.566,2.0,0.0,2.0,10.0,15.192682,42.12,297.57895,19.71,3.6822522,17.752567,63.791668,100.0,5.0,9.25,14.2,12.104165,3.6822522,69.57373,89.58291,43.12204,0.0,1012.3625,1017.0,1010.3,1007.273,1011.8329,1005.1767,21.914997,8.295064,7.2,2.3400002,14.40899,15.084068,13.35384,1.5457878,15.1,18.202084,43.0
Esports World Cup 2026,Paris,2026-08-21,Vitality,Spirit,mrg,5 - 14,-9,0.73,PARIS 18eme,,,10.3,,53.0,11.4,3.34,,53.0,22.45,20.865593,14.78652,1970-01-01T00:00:00+00:00,1970-01-01T00:00:00+00:00,50595.12,49780.566,2.0,0.0,2.0,10.0,15.192682,42.12,297.57895,19.71,3.6822522,17.752567,63.791668,100.0,5.0,9.25,14.2,12.104165,3.6822522,69.57373,89.58291,43.12204,0.0,1012.3625,1017.0,1010.3,1007.273,1011.8329,1005.1767,21.914997,8.295064,7.2,2.3400002,14.40899,15.084068,13.35384,1.5457878,15.1,18.202084,43.0
Esports World Cup 2026,Paris,2026-08-21,Vitality,Spirit,nuke,25 - 17,8,1.29,PARIS 18eme,,,10.3,,53.0,11.4,3.34,,53.0,22.45,20.865593,14.78652,1970-01-01T00:00:00+00:00,1970-01-01T00:00:00+00:00,50595.12,49780.566,2.0,0.0,2.0,10.0,15.192682,42.12,297.57895,19.71,3.6822522,17.752567,63.791668,100.0,5.0,9.25,14.2,12.104165,3.6822522,69.57373,89.58291,43.12204,0.0,1012.3625,1017.0,1010.3,1007.273,1011.8329,1005.1767,21.914997,8.295064,7.2,2.3400002,14.40899,15.084068,13.35384,1.5457878,15.1,18.202084,43.0
Europe Minor - IEM Katowice 2019,Katowice,2019-01-16,Vitality,OpTic,d2,22 - 12,10,1.56,"Katowice, ul. Kossutha",,,28.8,,32.1,26.8,26.0,7.11,53.0,3.75,-0.008121967,-4.5595837,1970-01-01T00:00:00+00:00,1970-01-01T00:00:00+00:00,30823.05,0.0,3.9,0.0,3.9,10.0,31.810638,56.88,258.3106,1.16,0.36174276,-2.3809474,97.291664,100.0,80.0,-1.35,2.65,1.2875,0.36174276,91.20035,93.4999,85.84136,0.0,1009.39166,1011.0,1005.8,972.3296,974.02625,968.87946,37.62,20.898783,24.119999,12.413476,1.7129631,2.981533,-0.51486826,0.09162283,0.75,2.579167,303.0
Europe Minor - IEM Katowice 2019,Katowice,2019-01-16,Vitality,Valiance,d2,18 - 7,11,1.62,"Katowice, ul. Kossutha",,,28.8,,32.1,26.8,26.0,7.11,53.0,3.75,-0.008121967,-4.5595837,1970-01-01T00:00:00+00:00,1970-01-01T00:00:00+00:00,30823.05,0.0,3.9,0.0,3.9,10.0,31.810638,56.88,258.3106,1.16,0.36174276,-2.3809474,97.291664,100.0,80.0,-1.35,2.65,1.2875,0.36174276,91.20035,93.4999,85.84136,0.0,1009.39166,1011.0,1005.8,972.3296,974.02625,968.87946,37.62,20.898783,24.119999,12.413476,1.7129631,2.981533,-0.51486826,0.09162283,0.75,2.579167,303.0
Europe Minor - IEM Katowice 2019,Katowice,2019-01-16,Vitality,Valiance,inf,17 - 18,-1,0.99,"Katowice, ul. Kossutha",,,28.8,,32.1,26.8,26.0,7.11,53.0,3.75,-0.008121967,-4.5595837,1970-01-01T00:00:00+00:00,1970-01-01T00:00:00+00:00,30823.05,0.0,3.9,0.0,3.9,10.0,31.810638,56.88,258.3106,1.16,0.36174276,-2.3809474,97.291664,100.0,80.0,-1.35,2.65,1.2875,0.36174276,91.20035,93.4999,85.84136,0.0,1009.39166,1011.0,1005.8,972.3296,974.02625,968.87946,37.62,20.898783,24.119999,12.413476,1.7129631,2.981533,-0.51486826,0.09162283,0.75,2.579167,303.0
Europe Minor - IEM Katowice 2019,Katowice,2019-01-16,Vitality,Valiance,mrg,37 - 23,14,1.55,"Katowice, ul. Kossutha",,,28.8,,32.1,26.8,26.0,7.11,53.0,3.75,-0.008121967,-4.5595837,1970-01-01T00:00:00+00:00,1970-01-01T00:00:00+00:00,30823.05,0.0,3.9,0.0,3.9,10.0,31.810638,56.88,258.3106,1.16,0.36174276,-2.3809474,97.291664,100.0,80.0,-1.35,2.65,1.2875,0.36174276,91.20035,93.4999,85.84136,0.0,1009.39166,1011.0,1005.8,972.3296,974.02625,968.87946,37.62,20.898783,24.119999,12.413476,1.7129631,2.981533,-0.51486826,0.09162283,0.75,2.579167,303.0
Europe Minor - IEM Katowice 2019,Katowice,2019-01-18,Vitality,North,d2,10 - 18,-8,0.72,"Katowice, ul. Kossutha",,,28.3,,43.0,23.7,21.8,10.5,71.0,4.45,-1.5627034,-9.34474,1970-01-01T00:00:00+00:00,1970-01-01T00:00:00+00:00,31102.875,15902.11,0.0,0.49,0.70000005,5.0,27.722336,49.32,276.9475,3.23,0.61369383,-5.142072,70.791664,100.0,6.0,-6.45,0.3,-2.9958332,0.61369383,81.04317,91.61454,65.351944,0.70000005,1014.51245,1022.8,1005.7,976.9045,984.1664,969.0174,32.64,17.4655,12.24,7.5942082,-1.682943,2.102923,-6.0458093,0.23745671,-5.3,-0.06666676,303.0
Europe Minor - IEM Katowice 2019,Katowice,2019-01-18,Vitality,North,nuke,28 - 21,7,1.34,"Katowice, ul. Kossutha",,,28.3,,43.0,23.7,21.8,10.5,71.0,4.45,-1.5627034,-9.34474,1970-01-01T00:00:00+00:00,1970-01-01T00:00:00+00:00,31102.875,15902.11,0.0,0.49,0.70000005,5.0,27.722336,49.32,276.9475,3.23,0.61369383,-5.142072,70.791664,100.0,6.0,-6.45,0.3,-2.9958332,0.61369383,81.04317,91.61454,65.351944,0.70000005,1014.51245,1022.8,1005.7,976.9045,984.1664,969.0174,32.64,17.4655,12.24,7.5942082,-1.682943,2.102923,-6.0458093,0.23745671,-5.3,-0.06666676,303.0
Europe Minor - IEM Katowice 2019,Katowice,2019-01-19,Vitality,Valiance,cch,19 - 18,1,1.23,"Katowice, ul. Kossutha",,,52.3,,18.9,78.1,72.1,17.6,3.0,0.2,-3.1281679,-10.944085,1970-01-01T00:00:00+00:00,1970-01-01T00:00:00+00:00,31247.746,28800.0,0.0,0.0,0.0,0.0,9.449572,18.0,175.46913,5.83,0.49873042,-8.287076,21.0,82.0,0.0,-8.7,-6.7,-7.7958336,0.49873042,77.585,90.83127,54.37944,0.0,1022.35406,1023.6,1020.9,983.88666,985.3823,982.16864,13.199998,6.891327,4.68,1.609969,-5.882507,-3.0677524,-7.4314933,0.28013197,-6.5,-4.2166667,303.0
Europe Minor - IEM Katowice 2019,Katowice,2019-01-19,Vitality,Valiance,d2,20 - 17,3,1.21,"Katowice, ul. Kossutha",,,52.3,,18.9,78.1,72.1,17.6,3.0,0.2,-3.1281679,-10.944085,1970-01-01T00:00:00+00:00,1970-01-01T00:00:00+00:00,31247.746,28800.0,0.0,0.0,0.0,0.0,9.449572,18.0,175.46913,5.83,0.49873042,-8.287076,21.0,82.0,0.0,-8.7,-6.7,-7.7958336,0.49873042,77.585,90.83127,54.37944,0.0,1022.35406,1023.6,1020.9,983.88666,985.3823,982.16864,13.199998,6.891327,4.68,1.609969,-5.882507,-3.0677524,-7.4314933,0.28013197,-6.5,-4.2166667,303.0
Europe Minor - IEM Katowice 2019,Katowice,2019-01-19,Vitality,Valiance,inf,32 - 19,13,1.78,"Katowice, ul. Kossutha",,,52.3,,18.9,78.1,72.1,17.6,3.0,0.2,-3.1281679,-10.944085,1970-01-01T00:00:00+00:00,1970-01-01T00:00:00+00:00,31247.746,28800.0,0.0,0.0,0.0,0.0,9.449572,18.0,175.46913,5.83,0.49873042,-8.287076,21.0,82.0,0.0,-8.7,-6.7,-7.7958336,0.49873042,77.585,90.83127,54.37944,0.0,1022.35406,1023.6,1020.9,983.88666,985.3823,982.16864,13.199998,6.891327,4.68,1.609969,-5.882507,-3.0677524,-7.4314933,0.28013197,-6.5,-4.2166667,303.0
Europe Minor - IEM Katowice 2019,Katowice,2019-01-20,Vitality,North,inf,22 - 14,8,1.47,"Katowice, ul. Kossutha",,,51.4,,14.4,140.0,131.0,30.6,3.0,-0.8,-4.5877285,-12.059399,1970-01-01T00:00:00+00:00,1970-01-01T00:00:00+00:00,31397.531,26407.916,0.0,0.0,0.0,0.0,9.107359,14.759999,70.43745,4.71,0.4545741,-9.260013,61.0,98.0,0.0,-11.1,-7.9,-9.162499,0.4545741,75.055275,90.76054,45.599358,0.0,1019.45013,1022.4,1018.3,980.95734,983.6968,979.7236,11.790001,6.163172,7.2,2.5455842,-6.9241433,-4.209895,-8.492589,0.31441298,-7.7,-5.1770835,303.0
Europe Minor - IEM Katowice 2019,Katowice,2019-01-20,Vitality,North,mrg,22 - 17,5,1.34,"Katowice, ul. Kossutha",,,51.4,,14.4,140.0,131.0,30.6,3.0,-0.8,-4.5877285,-12.059399,1970-01-01T00:00:00+00:00,1970-01-01T00:00:00+00:00,31397.531,26407.916,0.0,0.0,0.0,0.0,9.107359,14.759999,70.43745,4.71,0.4545741,-9.260013,61.0,98.0,0.0,-11.1,-7.9,-9.162499,0.4545741,75.055275,90.76054,45.599358,0.0,1019.45013,1022.4,1018.3,980.95734,983.6968,979.7236,11.790001,6.163172,7.2,2.5455842,-6.9241433,-4.209895,-8.492589,0.31441298,-7.7,-5.1770835,303.0
Europe Minor - IEM Katowice 2019,Katowice,2019-01-20,Vitality,North,nuke,25 - 7,18,1.97,"Katowice, ul. Kossutha",,,51.4,,14.4,140.0,131.0,30.6,3.0,-0.8,-4.5877285,-12.059399,1970-01-01T00:00:00+00:00,1970-01-01T00:00:00+00:00,31397.531,26407.916,0.0,0.0,0.0,0.0,9.107359,14.759999,70.43745,4.71,0.4545741,-9.260013,61.0,98.0,0.0,-11.1,-7.9,-9.162499,0.4545741,75.055275,90.76054,45.599358,0.0,1019.45013,1022.4,1018.3,980.95734,983.6968,979.7236,11.790001,6.163172,7.2,2.5455842,-6.9241433,-4.209895,-8.492589,0.31441298,-7.7,-5.1770835,303.0
FACEIT Major 2018 Showmatch,London,2018-09-23,Team rain,Team smooya,mrg,26 - 23,3,1.11,Camden - Bloomsbury,,,29.6,,28.3,7.59,4.14,2.05,63.0,13.7,8.980438,4.1101665,1970-01-01T00:00:00+00:00,1970-01-01T00:00:00+00:00,43749.637,16177.098,13.300001,0.0,13.300001,9.0,25.171696,41.760002,350.68698,4.7,1.2607527,7.2290673,65.0,100.0,0.0,2.3,9.9,6.331249,1.2607527,78.147255,94.17227,48.40388,0.0,1019.2,1030.8,1013.0,1017.2366,1028.7876,1011.04987,26.685001,14.937345,12.959999,7.8954163,7.9969764,10.137228,5.4273634,0.809981,6.5,10.291667,16.0
IEM Atlanta 2026,Atlanta,2026-05-11,Vitality,BC.Game,d2,19 - 11,8,1.28,NR-Georgia Tech,0.51,0.00831,0.0153,0.0236,,,9.75,,51.0,25.9,27.045774,16.209436,1970-01-01T00:00:00+00:00,1970-01-01T00:00:00+00:00,49727.16,38599.152,0.1,0.0,0.1,1.0,14.277983,34.56,303.4269,22.08,4.464925,21.095694,55.208332,100.0,2.0,12.2,16.35,13.954167,4.464925,67.209076,88.49831,46.00673,0.0,1016.95825,1018.1,1015.7,979.3718,980.8801,978.28723,18.045,7.6432424,7.5599995,2.9024127,16.345387,18.626568,14.23971,1.804206,15.85,20.654165,325.0
IEM Atlanta 2026,Atlanta,2026-05-11,Vitality,BC.Game,mrg,19 - 9,10,1.81,NR-Georgia Tech,0.51,0.00831,0.0153,0.0236,,,9.75,,51.0,25.9,27.045774,16.209436,1970-01-01T00:00:00+00:00,1970-01-01T00:00:00+00:00,49727.16,38599.152,0.1,0.0,0.1,1.0,14.277983,34.56,303.4269,22.08,4.464925,21.095694,55.208332,100.0,2.0,12.2,16.35,13.954167,4.464925,67.209076,88.49831,46.00673,0.0,1016.95825,1018.1,1015.7,979.3718,980.8801,978.28723,18.045,7.6432424,7.5599995,2.9024127,16.345387,18.626568,14.23971,1.804206,15.85,20.654165,325.0
IEM Atlanta 2026,Atlanta,2026-05-12,Vitality,BetBoom,anb,16 - 15,1,1.38,NR-Georgia Tech,0.467,0.0109,0.0156,0.0265,,,6.6,,3.0,22.0,21.439445,13.617222,1970-01-01T00:00:00+00:00,1970-01-01T00:00:00+00:00,49821.28,36372.703,0.0,0.0,0.0,0.0,17.393066,40.68,77.4752,24.53,4.938131,17.521364,76.916664,100.0,0.0,7.7,14.15,11.108334,4.938131,62.23575,82.00733,41.52228,0.0,1020.1082,1022.3,1017.0,982.17975,984.2604,979.53516,31.994999,14.037661,19.08,9.059205,14.136456,16.445522,12.464075,1.4821589,15.55,18.841665,325.0
IEM Atlanta 2026,Atlanta,2026-05-12,Vitality,BetBoom,nuke,15 - 14,1,1.1,NR-Georgia Tech,0.467,0.0109,0.0156,0.0265,,,6.6,,3.0,22.0,21.439445,13.617222,1970-01-01T00:00:00+00:00,1970-01-01T00:00:00+00:00,49821.28,36372.703,0.0,0.0,0.0,0.0,17.393066,40.68,77.4752,24.53,4.938131,17.521364,76.916664,100.0,0.0,7.7,14.15,11.108334,4.938131,62.23575,82.00733,41.52228,0.0,1020.1082,1022.3,1017.0,982.17975,984.2604,979.53516,31.994999,14.037661,19.08,9.059205,14.136456,16.445522,12.464075,1.4821589,15.55,18.841665,325.0
IEM Atlanta 2026,Atlanta,2026-05-12,Vitality,BetBoom,ovp,17 - 12,5,1.46,NR-Georgia Tech,0.467,0.0109,0.0156,0.0265,,,6.6,,3.0,22.0,21.439445,13.617222,1970-01-01T00:00:00+00:00,1970-01-01T00:00:00+00:00,49821.28,36372.703,0.0,0.0,0.0,0.0,17.393066,40.68,77.4752,24.53,4.938131,17.521364,76.916664,100.0,0.0,7.7,14.15,11.108334,4.938131,62.23575,82.00733,41.52228,0.0,1020.1082,1022.3,1017.0,982.17975,984.2604,979.53516,31.994999,14.037661,19.08,9.059205,14.136456,16.445522,12.464075,1.4821589,15.55,18.841665,325.0
IEM Atlanta 2026,Atlanta,2026-05-13,Vitality,B8,d2,15 - 10,5,1.15,NR-Georgia Tech,0.558,0.0146,0.0187,0.0334,,,8.04,,3.0,25.7,26.901793,12.558321,1970-01-01T00:00:00+00:00,1970-01-01T00:00:00+00:00,49913.875,44856.18,0.0,0.0,0.0,0.0,13.229693,30.960001,57.799496,27.64,5.5056553,18.23461,34.208332,100.0,0.0,8.15,11.5,9.74375,5.5056553,57.619022,76.36036,36.399334,0.0,1017.5793,1020.6,1011.1,979.7325,982.2971,974.32825,19.259998,7.394198,12.24,1.0495713,13.363457,16.820644,10.6552515,2.0759366,13.75,18.810417,325.0
IEM Atlanta 2026,Atlanta,2026-05-13,Vitality,B8,mrg,19 - 9,10,1.61,NR-Georgia Tech,0.558,0.0146,0.0187,0.0334,,,8.04,,3.0,25.7,26.901793,12.558321,1970-01-01T00:00:00+00:00,1970-01-01T00:00:00+00:00,49913.875,44856.18,0.0,0.0,0.0,0.0,13.229693,30.960001,57.799496,27.64,5.5056553,18.23461,34.208332,100.0,0.0,8.15,11.5,9.74375,5.5056553,57.619022,76.36036,36.399334,0.0,1017.5793,1020.6,1011.1,979.7325,982.2971,974.32825,19.259998,7.394198,12.24,1.0495713,13.363457,16.820644,10.6552515,2.0759366,13.75,18.810417,325.0
IEM Atlanta 2026,Atlanta,2026-05-13,Vitality,FaZe,d2,22 - 9,13,1.86,NR-Georgia Tech,0.558,0.0146,0.0187,0.0334,,,8.04,,3.0,25.7,26.901793,12.558321,1970-01-01T00:00:00+00:00,1970-01-01T00:00:00+00:00,49913.875,44856.18,0.0,0.0,0.0,0.0,13.229693,30.960001,57.799496,27.64,5.5056553,18.23461,34.208332,100.0,0.0,8.15,11.5,9.74375,5.5056553,57.619022,76.36036,36.399334,0.0,1017.5793,1020.6,1011.1,979.7325,982.2971,974.32825,19.259998,7.394198,12.24,1.0495713,13.363457,16.820644,10.6552515,2.0759366,13.75,18.810417,325.0
IEM Atlanta 2026,Atlanta,2026-05-13,Vitality,FaZe,nuke,22 - 16,6,1.27,NR-Georgia Tech,0.558,0.0146,0.0187,0.0334,,,8.04,,3.0,25.7,26.901793,12.558321,1970-01-01T00:00:00+00:00,1970-01-01T00:00:00+00:00,49913.875,44856.18,0.0,0.0,0.0,0.0,13.229693,30.960001,57.799496,27.64,5.5056553,18.23461,34.208332,100.0,0.0,8.15,11.5,9.74375,5.5056553,57.619022,76.36036,36.399334,0.0,1017.5793,1020.6,1011.1,979.7325,982.2971,974.32825,19.259998,7.394198,12.24,1.0495713,13.363457,16.820644,10.6552515,2.0759366,13.75,18.810417,325.0
IEM Atlanta 2026,Atlanta,2026-05-16,Vitality,Natus Vincere,anb,15 - 14,1,1.04,NR-Georgia Tech,0.808,0.0203,0.0263,0.0466,,,11.1,,3.0,29.3,30.872066,13.449665,1970-01-01T00:00:00+00:00,1970-01-01T00:00:00+00:00,50181.484,44482.92,0.0,0.0,0.0,0.0,7.7900705,21.96,192.20978,26.73,5.5483947,21.298359,37.166668,100.0,0.0,6.65,11.3,9.220833,5.5483947,47.6038,70.962364,28.458256,0.0,1019.66656,1021.5,1017.9,982.1081,984.22174,980.6185,15.044998,5.162162,4.32,2.0364676,14.382233,17.497122,11.1678505,2.9159026,14.4,21.729164,325.0
IEM Atlanta 2026,Atlanta,2026-05-16,Vitality,Natus Vincere,d2,19 - 13,6,1.28,NR-Georgia Tech,0.808,0.0203,0.0263,0.0466,,,11.1,,3.0,29.3,30.872066,13.449665,1970-01-01T00:00:00+00:00,1970-01-01T00:00:00+00:00,50181.484,44482.92,0.0,0.0,0.0,0.0,7.7900705,21.96,192.20978,26.73,5.5483947,21.298359,37.166668,100.0,0.0,6.65,11.3,9.220833,5.5483947,47.6038,70.962364,28.458256,0.0,1019.66656,1021.5,1017.9,982.1081,984.22174,980.6185,15.044998,5.162162,4.32,2.0364676,14.382233,17.497122,11.1678505,2.9159026,14.4,21.729164,325.0
IEM Atlanta 2026,Atlanta,2026-05-16,Vitality,Natus Vincere,inf,5 - 13,-8,0.54,NR-Georgia Tech,0.808,0.0203,0.0263,0.0466,,,11.1,,3.0,29.3,30.872066,13.449665,1970-01-01T00:00:00+00:00,1970-01-01T00:00:00+00:00,50181.484,44482.92,0.0,0.0,0.0,0.0,7.7900705,21.96,192.20978,26.73,5.5483947,21.298359,37.166668,100.0,0.0,6.65,11.3,9.220833,5.5483947,47.6038,70.962364,28.458256,0.0,1019.66656,1021.5,1017.9,982.1081,984.22174,980.6185,15.044998,5.162162,4.32,2.0364676,14.382233,17.497122,11.1678505,2.9159026,14.4,21.729164,325.0
IEM Beijing 2019,Beijing,2019-11-07,Vitality,TYLOO,d2,18 - 11,7,1.55,奥体中心,967.0,,46.1,,132.0,92.5,41.0,8.25,0.0,11.25,6.5957985,-3.2188232,1970-01-01T00:00:00+00:00,1970-01-01T00:00:00+00:00,36978.27,35885.082,0.0,0.0,0.0,0.0,16.311613,29.16,161.56479,11.08,2.1242023,1.4327129,0.0,0.0,0.0,-10.25,-1.9,-5.5375004,2.1242023,48.69164,74.531136,25.313087,0.0,1027.0958,1030.4,1025.1,1021.5742,1024.8861,1019.49255,17.699997,9.341504,7.92,5.154415,1.0122489,3.9060907,-1.6740088,0.974733,0.4,5.610417,44.0
IEM Beijing 2019,Beijing,2019-11-07,Vitality,TYLOO,inf,24 - 11,13,1.6,奥体中心,967.0,,46.1,,132.0,92.5,41.0,8.25,0.0,11.25,6.5957985,-3.2188232,1970-01-01T00:00:00+00:00,1970-01-01T00:00:00+00:00,36978.27,35885.082,0.0,0.0,0.0,0.0,16.311613,29.16,161.56479,11.08,2.1242023,1.4327129,0.0,0.0,0.0,-10.25,-1.9,-5.5375004,2.1242023,48.69164,74.531136,25.313087,0.0,1027.0958,1030.4,1025.1,1021.5742,1024.8861,1019.49255,17.699997,9.341504,7.92,5.154415,1.0122489,3.9060907,-1.6740088,0.974733,0.4,5.610417,44.0
IEM Beijing 2019,Beijing,2019-11-08,Vitality,FaZe,inf,21 - 10,11,1.91,奥体中心,925.0,,49.5,,141.0,82.5,34.3,6.46,0.0,14.4,11.053013,-1.1319308,1970-01-01T00:00:00+00:00,1970-01-01T00:00:00+00:00,36846.797,35758.13,0.0,0.0,0.0,0.0,10.514218,19.44,308.23386,10.85,1.7727633,4.2300925,0.0,0.0,0.0,-3.5,2.7,0.39999995,1.7727633,64.799034,87.12812,35.302887,0.0,1023.43756,1026.3,1022.2,1017.9692,1020.8421,1016.86005,13.305,7.27215,7.92,1.1384199,3.841696,7.648773,-0.04593277,1.0410659,2.7,7.331249,44.0
IEM Beijing 2019,Beijing,2019-11-08,Vitality,FaZe,nuke,20 - 16,4,1.15,奥体中心,925.0,,49.5,,141.0,82.5,34.3,6.46,0.0,14.4,11.053013,-1.1319308,1970-01-01T00:00:00+00:00,1970-01-01T00:00:00+00:00,36846.797,35758.13,0.0,0.0,0.0,0.0,10.514218,19.44,308.23386,10.85,1.7727633,4.2300925,0.0,0.0,0.0,-3.5,2.7,0.39999995,1.7727633,64.799034,87.12812,35.302887,0.0,1023.43756,1026.3,1022.2,1017.9692,1020.8421,1016.86005,13.305,7.27215,7.92,1.1384199,3.841696,7.648773,-0.04593277,1.0410659,2.7,7.331249,44.0
IEM Beijing 2019,Beijing,2019-11-08,Vitality,FaZe,ovp,15 - 18,-3,0.99,奥体中心,925.0,,49.5,,141.0,82.5,34.3,6.46,0.0,14.4,11.053013,-1.1319308,1970-01-01T00:00:00+00:00,1970-01-01T00:00:00+00:00,36846.797,35758.13,0.0,0.0,0.0,0.0,10.514218,19.44,308.23386,10.85,1.7727633,4.2300925,0.0,0.0,0.0,-3.5,2.7,0.39999995,1.7727633,64.799034,87.12812,35.302887,0.0,1023.43756,1026.3,1022.2,1017.9692,1020.8421,1016.86005,13.305,7.27215,7.92,1.1384199,3.841696,7.648773,-0.04593277,1.0410659,2.7,7.331249,44.0
IEM Beijing 2019,Beijing,2019-11-09,Vitality,100 Thieves,inf,9 - 15,-6,0.84,奥体中心,1140.0,,107.0,,130.0,110.0,47.9,6.5,63.0,13.95,11.913702,1.3138499,1970-01-01T00:00:00+00:00,1970-01-01T00:00:00+00:00,36717.19,23966.67,16.1,0.0,16.1,11.0,30.113304,48.96,336.5426,8.44,1.5963485,7.0651016,93.916664,100.0,0.0,-0.4,7.8,4.2708335,1.5963485,69.0274,93.12897,47.456535,0.0,1013.9583,1023.5,1005.7,1008.59247,1017.98474,1000.33746,20.624998,11.137407,3.6,0.8049845,6.852834,9.375344,2.0993757,0.7915949,4.9,10.012499,44.0
IEM Beijing 2019,Beijing,2019-11-09,Vitality,100 Thieves,mrg,23 - 17,6,1.5,奥体中心,1140.0,,107.0,,130.0,110.0,47.9,6.5,63.0,13.95,11.913702,1.3138499,1970-01-01T00:00:00+00:00,1970-01-01T00:00:00+00:00,36717.19,23966.67,16.1,0.0,16.1,11.0,30.113304,48.96,336.5426,8.44,1.5963485,7.0651016,93.916664,100.0,0.0,-0.4,7.8,4.2708335,1.5963485,69.0274,93.12897,47.456535,0.0,1013.9583,1023.5,1005.7,1008.59247,1017.98474,1000.33746,20.624998,11.137407,3.6,0.8049845,6.852834,9.375344,2.0993757,0.7915949,4.9,10.012499,44.0
IEM Beijing 2019,Beijing,2019-11-09,Vitality,100 Thieves,nuke,20 - 26,-6,1.01,奥体中心,1140.0,,107.0,,130.0,110.0,47.9,6.5,63.0,13.95,11.913702,1.3138499,1970-01-01T00:00:00+00:00,1970-01-01T00:00:00+00:00,36717.19,23966.67,16.1,0.0,16.1,11.0,30.113304,48.96,336.5426,8.44,1.5963485,7.0651016,93.916664,100.0,0.0,-0.4,7.8,4.2708335,1.5963485,69.0274,93.12897,47.456535,0.0,1013.9583,1023.5,1005.7,1008.59247,1017.98474,1000.33746,20.624998,11.137407,3.6,0.8049845,6.852834,9.375344,2.0993757,0.7915949,4.9,10.012499,44.0
IEM Cologne 2024,Cologne,2024-08-11,Vitality,FURIA,inf,18 - 4,14,2.03,Hürth,,,13.1,,77.1,12.8,7.45,,2.0,27.2,29.50298,15.799759,1970-01-01T00:00:00+00:00,1970-01-01T00:00:00+00:00,53168.02,50802.867,0.0,0.0,0.0,0.0,11.384198,19.44,31.38016,23.44,4.575635,23.13981,16.666666,71.0,0.0,14.35,17.35,15.760417,4.575635,70.64719,93.50343,52.022873,0.0,1020.59174,1022.8,1017.5,1013.99414,1016.14307,1010.8754,12.825001,5.467912,7.92,1.484318,17.758142,20.289955,14.646948,1.7302127,15.45,21.712502,56.0
IEM Cologne 2024,Cologne,2024-08-11,Vitality,FURIA,mrg,14 - 6,8,1.69,Hürth,,,13.1,,77.1,12.8,7.45,,2.0,27.2,29.50298,15.799759,1970-01-01T00:00:00+00:00,1970-01-01T00:00:00+00:00,53168.02,50802.867,0.0,0.0,0.0,0.0,11.384198,19.44,31.38016,23.44,4.575635,23.13981,16.666666,71.0,0.0,14.35,17.35,15.760417,4.575635,70.64719,93.50343,52.022873,0.0,1020.59174,1022.8,1017.5,1013.99414,1016.14307,1010.8754,12.825001,5.467912,7.92,1.484318,17.758142,20.289955,14.646948,1.7302127,15.45,21.712502,56.0
IEM Cologne 2024,Cologne,2024-08-12,Vitality,FaZe,anb,14 - 12,2,0.81,Hürth,,,14.8,,93.3,17.4,7.37,,3.0,32.95,35.4593,18.659512,1970-01-01T00:00:00+00:00,1970-01-01T00:00:00+00:00,52961.492,49907.297,0.0,0.0,0.0,0.0,15.580141,31.68,140.92065,21.14,4.948376,26.81543,57.625,100.0,0.0,14.45,20.55,17.699999,4.948376,64.491974,82.20502,42.525196,0.0,1012.20825,1017.0,1009.2,1005.7426,1010.37067,1002.86847,19.784998,10.025842,11.5199995,5.04,20.157383,23.987097,15.908627,2.859455,18.4,25.295835,56.0
IEM Cologne 2024,Cologne,2024-08-12,Vitality,FaZe,d2,16 - 17,-1,0.94,Hürth,,,14.8,,93.3,17.4,7.37,,3.0,32.95,35.4593,18.659512,1970-01-01T00:00:00+00:00,1970-01-01T00:00:00+00:00,52961.492,49907.297,0.0,0.0,0.0,0.0,15.580141,31.68,140.92065,21.14,4.948376,26.81543,57.625,100.0,0.0,14.45,20.55,17.699999,4.948376,64.491974,82.20502,42.525196,0.0,1012.20825,1017.0,1009.2,1005.7426,1010.37067,1002.86847,19.784998,10.025842,11.5199995,5.04,20.157383,23.987097,15.908627,2.859455,18.4,25.295835,56.0
IEM Cologne 2024,Cologne,2024-08-12,Vitality,FaZe,inf,13 - 15,-2,0.93,Hürth,,,14.8,,93.3,17.4,7.37,,3.0,32.95,35.4593,18.659512,1970-01-01T00:00:00+00:00,1970-01-01T00:00:00+00:00,52961.492,49907.297,0.0,0.0,0.0,0.0,15.580141,31.68,140.92065,21.14,4.948376,26.81543,57.625,100.0,0.0,14.45,20.55,17.699999,4.948376,64.491974,82.20502,42.525196,0.0,1012.20825,1017.0,1009.2,1005.7426,1010.37067,1002.86847,19.784998,10.025842,11.5199995,5.04,20.157383,23.987097,15.908627,2.859455,18.4,25.295835,56.0
IEM Cologne 2024,Cologne,2024-08-13,Vitality,MOUZ,d2,21 - 8,13,1.94,Hürth,,,16.1,,93.3,22.9,12.6,,61.0,32.2,37.103542,24.389877,1970-01-01T00:00:00+00:00,1970-01-01T00:00:00+00:00,52753.81,50656.8,1.5,0.0,1.5,1.0,18.35647,37.079998,112.94775,21.11,4.6336007,29.659859,33.791668,100.0,0.0,19.65,22.05,20.679167,4.6336007,72.18162,93.218925,51.83626,0.0,1009.29156,1010.0,1008.5,1002.87067,1003.5996,1002.1688,17.279999,7.948839,5.3999996,3.8773184,22.42256,24.526325,20.249817,2.314125,21.85,26.470833,56.0
IEM Cologne 2024,Cologne,2024-08-13,Vitality,MOUZ,vtg,17 - 17,0,0.92,Hürth,,,16.1,,93.3,22.9,12.6,,61.0,32.2,37.103542,24.389877,1970-01-01T00:00:00+00:00,1970-01-01T00:00:00+00:00,52753.81,50656.8,1.5,0.0,1.5,1.0,18.35647,37.079998,112.94775,21.11,4.6336007,29.659859,33.791668,100.0,0.0,19.65,22.05,20.679167,4.6336007,72.18162,93.218925,51.83626,0.0,1009.29156,1010.0,1008.5,1002.87067,1003.5996,1002.1688,17.279999,7.948839,5.3999996,3.8773184,22.42256,24.526325,20.249817,2.314125,21.85,26.470833,56.0
IEM Cologne 2024,Cologne,2024-08-17,Vitality,SAW,d2,21 - 8,13,1.66,Hürth,,,7.93,,,5.5,3.82,,61.0,23.8,25.973291,20.177631,1970-01-01T00:00:00+00:00,1970-01-01T00:00:00+00:00,51914.8,27383.326,9.9,0.0,9.9,15.0,11.770403,25.56,276.70972,13.45,2.6110852,22.940844,86.666664,100.0,22.0,16.15,19.15,17.749998,2.6110852,82.312035,95.71431,65.42679,0.0,1012.65405,1014.3,1010.3,1006.0944,1007.7107,1003.7109,16.184998,6.4305043,3.96,1.609969,18.772106,19.580359,17.847456,0.994975,18.65,21.050001,56.0
IEM Cologne 2024,Cologne,2024-08-17,Vitality,SAW,nuke,14 - 10,4,1.33,Hürth,,,7.93,,,5.5,3.82,,61.0,23.8,25.973291,20.177631,1970-01-01T00:00:00+00:00,1970-01-01T00:00:00+00:00,51914.8,27383.326,9.9,0.0,9.9,15.0,11.770403,25.56,276.70972,13.45,2.6110852,22.940844,86.666664,100.0,22.0,16.15,19.15,17.749998,2.6110852,82.312035,95.71431,65.42679,0.0,1012.65405,1014.3,1010.3,1006.0944,1007.7107,1003.7109,16.184998,6.4305043,3.96,1.609969,18.772106,19.580359,17.847456,0.994975,18.65,21.050001,56.0
IEM Cologne 2024,Cologne,2024-08-18,Vitality,Natus Vincere,d2,22 - 15,7,1.6,Hürth,,,5.07,,,9.82,7.27,,61.0,22.35,21.577389,16.210289,1970-01-01T00:00:00+00:00,1970-01-01T00:00:00+00:00,51703.797,32975.492,4.5,0.0,4.5,6.0,15.463246,29.519999,327.43365,14.8,3.0484066,19.87963,100.0,100.0,100.0,12.75,18.05,15.124999,3.0484066,76.2427,95.68857,55.646263,0.0,1011.89575,1017.0,1009.1,1005.3108,1010.3137,1002.49866,21.404999,10.929713,7.92,2.8116899,16.708672,18.312819,14.585077,1.1981864,16.7,19.7,56.0
IEM Cologne 2024,Cologne,2024-08-18,Vitality,Natus Vincere,inf,21 - 14,7,1.67,Hürth,,,5.07,,,9.82,7.27,,61.0,22.35,21.577389,16.210289,1970-01-01T00:00:00+00:00,1970-01-01T00:00:00+00:00,51703.797,32975.492,4.5,0.0,4.5,6.0,15.463246,29.519999,327.43365,14.8,3.0484066,19.87963,100.0,100.0,100.0,12.75,18.05,15.124999,3.0484066,76.2427,95.68857,55.646263,0.0,1011.89575,1017.0,1009.1,1005.3108,1010.3137,1002.49866,21.404999,10.929713,7.92,2.8116899,16.708672,18.312819,14.585077,1.1981864,16.7,19.7,56.0
IEM Cologne 2024,Cologne,2024-08-18,Vitality,Natus Vincere,mrg,36 - 27,9,1.32,Hürth,,,5.07,,,9.82,7.27,,61.0,22.35,21.577389,16.210289,1970-01-01T00:00:00+00:00,1970-01-01T00:00:00+00:00,51703.797,32975.492,4.5,0.0,4.5,6.0,15.463246,29.519999,327.43365,14.8,3.0484066,19.87963,100.0,100.0,100.0,12.75,18.05,15.124999,3.0484066,76.2427,95.68857,55.646263,0.0,1011.89575,1017.0,1009.1,1005.3108,1010.3137,1002.49866,21.404999,10.929713,7.92,2.8116899,16.708672,18.312819,14.585077,1.1981864,16.7,19.7,56.0
IEM Cologne 2024,Cologne,2024-08-18,Vitality,Natus Vincere,nuke,21 - 22,-1,1.1,Hürth,,,5.07,,,9.82,7.27,,61.0,22.35,21.577389,16.210289,1970-01-01T00:00:00+00:00,1970-01-01T00:00:00+00:00,51703.797,32975.492,4.5,0.0,4.5,6.0,15.463246,29.519999,327.43365,14.8,3.0484066,19.87963,100.0,100.0,100.0,12.75,18.05,15.124999,3.0484066,76.2427,95.68857,55.646263,0.0,1011.89575,1017.0,1009.1,1005.3108,1010.3137,1002.49866,21.404999,10.929713,7.92,2.8116899,16.708672,18.312819,14.585077,1.1981864,16.7,19.7,56.0
IEM Cologne 2025,Cologne,2025-07-26,Vitality,Astralis,nuke,19 - 19,0,1.12,Hürth,,,7.27,,,13.6,9.05,,51.0,25.1,25.719347,16.192467,1970-01-01T00:00:00+00:00,1970-01-01T00:00:00+00:00,56226.65,51996.637,0.8000001,0.0,0.8000001,7.0,9.167638,25.56,317.9109,22.25,4.175619,21.67804,66.666664,100.0,3.0,12.9,17.0,14.820832,4.175619,71.77666,97.45562,47.465702,0.0,1016.11664,1017.7,1014.4,1009.52563,1011.03546,1007.8908,15.4800005,5.51313,7.5599995,1.5484185,16.92318,18.60429,14.685692,1.6741656,15.0,20.69375,56.0
IEM Cologne 2025,Cologne,2025-07-26,Vitality,Astralis,ovp,12 - 12,0,1.01,Hürth,,,7.27,,,13.6,9.05,,51.0,25.1,25.719347,16.192467,1970-01-01T00:00:00+00:00,1970-01-01T00:00:00+00:00,56226.65,51996.637,0.8000001,0.0,0.8000001,7.0,9.167638,25.56,317.9109,22.25,4.175619,21.67804,66.666664,100.0,3.0,12.9,17.0,14.820832,4.175619,71.77666,97.45562,47.465702,0.0,1016.11664,1017.7,1014.4,1009.52563,1011.03546,1007.8908,15.4800005,5.51313,7.5599995,1.5484185,16.92318,18.60429,14.685692,1.6741656,15.0,20.69375,56.0
IEM Cologne 2025,Cologne,2025-07-27,Vitality,G2,inf,10 - 10,0,0.9,Hürth,,,5.8,,,12.0,8.82,,63.0,21.85,21.695269,16.054974,1970-01-01T00:00:00+00:00,1970-01-01T00:00:00+00:00,56059.73,33648.91,13.000001,0.0,13.000001,15.0,13.570615,40.68,313.02252,15.74,3.0950632,18.909262,94.083336,100.0,54.0,11.95,16.65,14.4104185,3.0950632,76.89628,95.03061,54.19563,0.0,1013.45416,1014.9,1012.3,1006.8378,1008.2629,1005.755,23.324997,9.32686,11.159999,3.362677,15.907307,17.230984,13.969868,1.1822066,16.65,18.764584,56.0
IEM Cologne 2025,Cologne,2025-07-27,Vitality,G2,trn,23 - 15,8,1.45,Hürth,,,5.8,,,12.0,8.82,,63.0,21.85,21.695269,16.054974,1970-01-01T00:00:00+00:00,1970-01-01T00:00:00+00:00,56059.73,33648.91,13.000001,0.0,13.000001,15.0,13.570615,40.68,313.02252,15.74,3.0950632,18.909262,94.083336,100.0,54.0,11.95,16.65,14.4104185,3.0950632,76.89628,95.03061,54.19563,0.0,1013.45416,1014.9,1012.3,1006.8378,1008.2629,1005.755,23.324997,9.32686,11.159999,3.362677,15.907307,17.230984,13.969868,1.1822066,16.65,18.764584,56.0
IEM Cologne 2025,Cologne,2025-07-29,Vitality,The MongolZ,inf,20 - 12,8,1.64,Hürth,,,9.93,,50.6,10.7,6.92,,61.0,21.15,20.927788,12.922798,1970-01-01T00:00:00+00:00,1970-01-01T00:00:00+00:00,55714.426,41045.75,4.7999997,0.0,4.7999997,12.0,12.295462,33.12,273.76776,17.49,2.9440236,16.534006,62.541668,100.0,2.0,12.1,14.55,13.489585,2.9440236,83.34603,93.97554,56.263584,0.0,1017.7751,1019.4,1016.3,1011.0777,1012.63983,1009.6525,21.465,7.8657618,10.799999,4.1125174,14.46087,15.802074,12.5519085,1.0981731,13.25,16.460417,56.0
IEM Cologne 2025,Cologne,2025-07-29,Vitality,The MongolZ,mrg,23 - 9,14,1.78,Hürth,,,9.93,,50.6,10.7,6.92,,61.0,21.15,20.927788,12.922798,1970-01-01T00:00:00+00:00,1970-01-01T00:00:00+00:00,55714.426,41045.75,4.7999997,0.0,4.7999997,12.0,12.295462,33.12,273.76776,17.49,2.9440236,16.534006,62.541668,100.0,2.0,12.1,14.55,13.489585,2.9440236,83.34603,93.97554,56.263584,0.0,1017.7751,1019.4,1016.3,1011.0777,1012.63983,1009.6525,21.465,7.8657618,10.799999,4.1125174,14.46087,15.802074,12.5519085,1.0981731,13.25,16.460417,56.0
IEM Cologne 2025,Cologne,2025-08-02,Vitality,MOUZ,mrg,8 - 19,-11,0.45,Hürth,,,5.56,,46.7,8.19,4.44,,63.0,19.35,19.310213,12.123667,1970-01-01T00:00:00+00:00,1970-01-01T00:00:00+00:00,54984.484,22693.613,13.799999,0.0,13.799999,10.0,16.800856,36.36,282.4849,10.79,1.8381498,14.889802,75.25,100.0,10.0,12.15,15.4,13.162499,1.8381498,86.07541,95.22023,69.25872,0.0,1014.0124,1017.7,1012.1,1007.3189,1010.95355,1005.3872,26.340002,11.405988,17.64,8.39078,13.907303,16.05239,12.337053,0.6674483,12.9,15.537499,56.0
IEM Cologne 2025,Cologne,2025-08-02,Vitality,MOUZ,trn,13 - 18,-5,0.79,Hürth,,,5.56,,46.7,8.19,4.44,,63.0,19.35,19.310213,12.123667,1970-01-01T00:00:00+00:00,1970-01-01T00:00:00+00:00,54984.484,22693.613,13.799999,0.0,13.799999,10.0,16.800856,36.36,282.4849,10.79,1.8381498,14.889802,75.25,100.0,10.0,12.15,15.4,13.162499,1.8381498,86.07541,95.22023,69.25872,0.0,1014.0124,1017.7,1012.1,1007.3189,1010.95355,1005.3872,26.340002,11.405988,17.64,8.39078,13.907303,16.05239,12.337053,0.6674483,12.9,15.537499,56.0
IEM Cologne Major 2026,Cologne,2026-06-14,Vitality,BetBoom,nuke,30 - 14,16,1.7,Köln Clevischer Ring,,,13.7,,,8.75,4.44,,51.0,17.95,14.820553,10.216683,1970-01-01T00:00:00+00:00,1970-01-01T00:00:00+00:00,59378.324,49413.01,0.8000001,0.0,0.8000001,6.0,18.955633,44.639996,291.6238,19.5,3.5925539,12.798953,61.333332,100.0,16.0,7.9,10.75,8.64375,3.5925539,65.88659,84.47666,54.343845,0.0,1017.22504,1018.2,1016.7,1010.50116,1011.43854,1010.024,31.649994,13.771299,16.919998,8.528657,11.245883,12.476259,9.789906,0.94010603,12.0,15.147915,56.0
IEM Cologne Major 2026,Cologne,2026-06-14,Vitality,BetBoom,ovp,23 - 10,13,1.62,Köln Clevischer Ring,,,13.7,,,8.75,4.44,,51.0,17.95,14.820553,10.216683,1970-01-01T00:00:00+00:00,1970-01-01T00:00:00+00:00,59378.324,49413.01,0.8000001,0.0,0.8000001,6.0,18.955633,44.639996,291.6238,19.5,3.5925539,12.798953,61.333332,100.0,16.0,7.9,10.75,8.64375,3.5925539,65.88659,84.47666,54.343845,0.0,1017.22504,1018.2,1016.7,1010.50116,1011.43854,1010.024,31.649994,13.771299,16.919998,8.528657,11.245883,12.476259,9.789906,0.94010603,12.0,15.147915,56.0
IEM Cologne Major 2026,Cologne,2026-06-19,Vitality,Falcons,anb,15 - 14,1,0.95,Köln Clevischer Ring,,,28.0,,,22.3,8.58,,51.0,33.4,35.518196,22.362152,1970-01-01T00:00:00+00:00,1970-01-01T00:00:00+00:00,59502.125,48988.86,0.8000001,0.0,0.8000001,5.0,16.42247,35.64,151.69933,23.86,5.755213,28.03697,72.166664,100.0,3.0,15.0,19.5,17.297916,5.755213,59.441208,79.39432,33.123234,0.0,1015.96674,1017.3,1015.1,1009.5032,1010.75024,1008.6242,24.105001,8.800426,13.32,2.2910259,20.399736,22.947655,18.316551,3.4387665,20.9,26.483332,56.0
IEM Cologne Major 2026,Cologne,2026-06-19,Vitality,Falcons,d2,13 - 15,-2,0.91,Köln Clevischer Ring,,,28.0,,,22.3,8.58,,51.0,33.4,35.518196,22.362152,1970-01-01T00:00:00+00:00,1970-01-01T00:00:00+00:00,59502.125,48988.86,0.8000001,0.0,0.8000001,5.0,16.42247,35.64,151.69933,23.86,5.755213,28.03697,72.166664,100.0,3.0,15.0,19.5,17.297916,5.755213,59.441208,79.39432,33.123234,0.0,1015.96674,1017.3,1015.1,1009.5032,1010.75024,1008.6242,24.105001,8.800426,13.32,2.2910259,20.399736,22.947655,18.316551,3.4387665,20.9,26.483332,56.0
IEM Cologne Major 2026,Cologne,2026-06-19,Vitality,Falcons,inf,26 - 13,13,1.67,Köln Clevischer Ring,,,28.0,,,22.3,8.58,,51.0,33.4,35.518196,22.362152,1970-01-01T00:00:00+00:00,1970-01-01T00:00:00+00:00,59502.125,48988.86,0.8000001,0.0,0.8000001,5.0,16.42247,35.64,151.69933,23.86,5.755213,28.03697,72.166664,100.0,3.0,15.0,19.5,17.297916,5.755213,59.441208,79.39432,33.123234,0.0,1015.96674,1017.3,1015.1,1009.5032,1010.75024,1008.6242,24.105001,8.800426,13.32,2.2910259,20.399736,22.947655,18.316551,3.4387665,20.9,26.483332,56.0
IEM Dallas 2022,Dallas,2022-05-30,Vitality,Astralis,vtg,32 - 16,16,1.67,Dallas Hinton St. C4,,,,,0.0263,,,,53.0,35.05,33.06878,22.768526,1970-01-01T00:00:00+00:00,1970-01-01T00:00:00+00:00,50899.387,41184.47,0.8,0.0,0.8,2.0,36.932915,62.639996,172.12321,21.16,7.882969,27.093002,63.666668,100.0,1.0,15.1,21.2,18.527084,7.882969,57.42653,84.55822,30.408615,0.0,1005.36255,1007.8,1002.4,990.3503,992.7006,987.5962,53.85,31.936497,44.639996,25.20257,21.845322,24.045858,20.14212,3.921882,23.2,28.474998,133.0
IEM Dallas 2022,Dallas,2022-05-31,Vitality,FaZe,d2,21 - 17,4,1.1,Dallas Hinton St. C4,,,,,0.0185,,,,53.0,34.55,34.310665,25.079742,1970-01-01T00:00:00+00:00,1970-01-01T00:00:00+00:00,50953.953,37128.984,0.7,0.0,0.7,2.0,31.25372,50.399998,168.09592,22.23,7.322131,29.356878,50.666668,100.0,0.0,17.15,22.65,20.266666,7.322131,62.174973,87.82221,36.658203,0.0,1009.125,1011.2,1004.9,994.0817,996.1652,990.0351,44.550003,26.26594,32.399998,19.809813,23.053215,23.971645,21.991653,3.4716876,23.75,28.979166,133.0
IEM Dallas 2022,Dallas,2022-05-31,Vitality,FaZe,nuke,22 - 18,4,1.24,Dallas Hinton St. C4,,,,,0.0185,,,,53.0,34.55,34.310665,25.079742,1970-01-01T00:00:00+00:00,1970-01-01T00:00:00+00:00,50953.953,37128.984,0.7,0.0,0.7,2.0,31.25372,50.399998,168.09592,22.23,7.322131,29.356878,50.666668,100.0,0.0,17.15,22.65,20.266666,7.322131,62.174973,87.82221,36.658203,0.0,1009.125,1011.2,1004.9,994.0817,996.1652,990.0351,44.550003,26.26594,32.399998,19.809813,23.053215,23.971645,21.991653,3.4716876,23.75,28.979166,133.0
IEM Dallas 2022,Dallas,2022-05-31,Vitality,MOUZ,inf,26 - 14,12,1.5,Dallas Hinton St. C4,,,,,0.0185,,,,53.0,34.55,34.310665,25.079742,1970-01-01T00:00:00+00:00,1970-01-01T00:00:00+00:00,50953.953,37128.984,0.7,0.0,0.7,2.0,31.25372,50.399998,168.09592,22.23,7.322131,29.356878,50.666668,100.0,0.0,17.15,22.65,20.266666,7.322131,62.174973,87.82221,36.658203,0.0,1009.125,1011.2,1004.9,994.0817,996.1652,990.0351,44.550003,26.26594,32.399998,19.809813,23.053215,23.971645,21.991653,3.4716876,23.75,28.979166,133.0
IEM Dallas 2022,Dallas,2022-05-31,Vitality,MOUZ,mrg,19 - 11,8,1.36,Dallas Hinton St. C4,,,,,0.0185,,,,53.0,34.55,34.310665,25.079742,1970-01-01T00:00:00+00:00,1970-01-01T00:00:00+00:00,50953.953,37128.984,0.7,0.0,0.7,2.0,31.25372,50.399998,168.09592,22.23,7.322131,29.356878,50.666668,100.0,0.0,17.15,22.65,20.266666,7.322131,62.174973,87.82221,36.658203,0.0,1009.125,1011.2,1004.9,994.0817,996.1652,990.0351,44.550003,26.26594,32.399998,19.809813,23.053215,23.971645,21.991653,3.4716876,23.75,28.979166,133.0
IEM Dallas 2022,Dallas,2022-06-01,Vitality,G2,d2,20 - 17,3,1.12,Dallas Hinton St. C4,,,,,0.0119,,,,53.0,33.15,36.469845,26.830467,1970-01-01T00:00:00+00:00,1970-01-01T00:00:00+00:00,51006.363,46309.81,1.2,0.0,1.2,6.0,24.023088,40.32,150.10732,24.31,6.586067,30.906816,82.208336,100.0,9.0,19.05,22.2,20.76042,6.586067,64.515236,88.61546,43.904728,0.0,1012.27924,1015.0,1008.5,997.16895,999.63043,993.6618,30.300001,15.509923,19.8,8.435069,23.182884,24.309092,21.858408,2.8267903,23.9,28.564585,133.0
IEM Dallas 2022,Dallas,2022-06-01,Vitality,G2,inf,18 - 24,-6,0.89,Dallas Hinton St. C4,,,,,0.0119,,,,53.0,33.15,36.469845,26.830467,1970-01-01T00:00:00+00:00,1970-01-01T00:00:00+00:00,51006.363,46309.81,1.2,0.0,1.2,6.0,24.023088,40.32,150.10732,24.31,6.586067,30.906816,82.208336,100.0,9.0,19.05,22.2,20.76042,6.586067,64.515236,88.61546,43.904728,0.0,1012.27924,1015.0,1008.5,997.16895,999.63043,993.6618,30.300001,15.509923,19.8,8.435069,23.182884,24.309092,21.858408,2.8267903,23.9,28.564585,133.0
IEM Dallas 2024,Dallas,2024-05-27,Vitality,Monte,nuke,26 - 20,6,1.66,Dallas Hinton St. C4,,,,,0.0353,,39.3,,53.0,32.85,37.846973,25.29056,1970-01-01T00:00:00+00:00,1970-01-01T00:00:00+00:00,50760.848,43304.22,0.7,0.0,0.7,2.0,15.192682,29.16,130.2719,24.27,5.5086355,31.553543,24.25,100.0,0.0,16.65,25.2,22.118752,5.5086355,73.3597,93.835,46.117104,0.0,1009.5293,1013.3,1003.0,994.4145,998.23987,988.23773,18.960001,10.160018,8.64,5.154415,23.7433,26.407001,20.188301,2.685642,22.15,27.654167,133.0
IEM Dallas 2024,Dallas,2024-05-28,Vitality,G2,anb,11 - 11,0,1.06,Dallas Hinton St. C4,,,,,0.0429,,11.9,,63.0,29.8,33.89171,16.835907,1970-01-01T00:00:00+00:00,1970-01-01T00:00:00+00:00,50820.754,26456.885,17.1,0.0,17.1,6.0,32.902103,54.36,97.088745,16.65,3.6788988,26.539047,60.083332,100.0,6.0,16.9,24.05,20.647917,3.6788988,80.15154,90.62233,65.14903,0.0,1015.95844,1023.3,1011.2,1000.5821,1007.5581,996.16864,28.664999,15.56652,7.92,4.379589,21.71517,25.123486,17.559881,1.3338115,19.2,24.381254,133.0
IEM Dallas 2024,Dallas,2024-05-28,Vitality,G2,d2,17 - 10,7,1.17,Dallas Hinton St. C4,,,,,0.0429,,11.9,,63.0,29.8,33.89171,16.835907,1970-01-01T00:00:00+00:00,1970-01-01T00:00:00+00:00,50820.754,26456.885,17.1,0.0,17.1,6.0,32.902103,54.36,97.088745,16.65,3.6788988,26.539047,60.083332,100.0,6.0,16.9,24.05,20.647917,3.6788988,80.15154,90.62233,65.14903,0.0,1015.95844,1023.3,1011.2,1000.5821,1007.5581,996.16864,28.664999,15.56652,7.92,4.379589,21.71517,25.123486,17.559881,1.3338115,19.2,24.381254,133.0
IEM Dallas 2024,Dallas,2024-05-29,Vitality,9z,anb,28 - 21,7,1.76,Dallas Hinton St. C4,,,,,,,9.95,,3.0,29.35,34.517517,20.663338,1970-01-01T00:00:00+00:00,1970-01-01T00:00:00+00:00,50878.21,47079.54,0.0,0.0,0.0,0.0,17.114204,31.319998,98.52554,26.79,5.3636656,26.377367,52.041668,100.0,0.0,17.8,21.4,19.395832,5.3636656,77.86573,92.54623,57.355743,0.0,1017.075,1019.6,1014.5,1001.64813,1003.968,999.2903,20.444998,9.432331,9.36,1.484318,20.691137,23.080835,18.38773,1.7418859,19.8,23.735415,133.0
IEM Dallas 2024,Dallas,2024-05-29,Vitality,9z,d2,12 - 14,-2,0.8,Dallas Hinton St. C4,,,,,,,9.95,,3.0,29.35,34.517517,20.663338,1970-01-01T00:00:00+00:00,1970-01-01T00:00:00+00:00,50878.21,47079.54,0.0,0.0,0.0,0.0,17.114204,31.319998,98.52554,26.79,5.3636656,26.377367,52.041668,100.0,0.0,17.8,21.4,19.395832,5.3636656,77.86573,92.54623,57.355743,0.0,1017.075,1019.6,1014.5,1001.64813,1003.968,999.2903,20.444998,9.432331,9.36,1.484318,20.691137,23.080835,18.38773,1.7418859,19.8,23.735415,133.0
IEM Dallas 2024,Dallas,2024-05-31,Vitality,HEROIC,d2,16 - 4,12,2.02,Dallas Hinton St. C4,,,,,0.0517,,4.07,,65.0,28.25,31.461452,20.9229,1970-01-01T00:00:00+00:00,1970-01-01T00:00:00+00:00,50985.426,39600.0,49.399994,0.0,49.399994,8.0,22.539564,40.68,110.20472,22.45,4.4496374,25.318487,78.041664,100.0,4.0,18.1,21.05,19.529167,4.4496374,81.16574,98.77866,54.133682,0.0,1011.87476,1013.7,1010.1,996.5041,998.42126,994.632,25.335001,12.341566,12.24,3.8773184,20.685036,22.070055,19.14054,1.7583005,20.4,23.275002,133.0
IEM Dallas 2024,Dallas,2024-05-31,Vitality,HEROIC,nuke,14 - 13,1,0.94,Dallas Hinton St. C4,,,,,0.0517,,4.07,,65.0,28.25,31.461452,20.9229,1970-01-01T00:00:00+00:00,1970-01-01T00:00:00+00:00,50985.426,39600.0,49.399994,0.0,49.399994,8.0,22.539564,40.68,110.20472,22.45,4.4496374,25.318487,78.041664,100.0,4.0,18.1,21.05,19.529167,4.4496374,81.16574,98.77866,54.133682,0.0,1011.87476,1013.7,1010.1,996.5041,998.42126,994.632,25.335001,12.341566,12.24,3.8773184,20.685036,22.070055,19.14054,1.7583005,20.4,23.275002,133.0
IEM Dallas 2024,Dallas,2024-06-01,Vitality,Spirit,d2,22 - 10,12,1.56,Dallas Hinton St. C4,,,,,0.04,,4.92,,63.0,27.9,31.05841,21.066854,1970-01-01T00:00:00+00:00,1970-01-01T00:00:00+00:00,51035.086,38010.438,6.8,0.0,6.8,5.0,16.1198,30.239998,141.80772,20.62,4.059381,26.041412,40.916668,100.0,0.0,17.9,21.65,19.702082,4.059381,80.531456,92.49414,56.830406,0.0,1013.64594,1016.1,1011.0,998.253,1000.7188,995.8775,16.83,8.453657,6.8399997,0.8049845,20.76282,23.321003,18.248434,1.6215215,19.2,23.372915,133.0
IEM Dallas 2024,Dallas,2024-06-01,Vitality,Spirit,mrg,22 - 14,8,1.54,Dallas Hinton St. C4,,,,,0.04,,4.92,,63.0,27.9,31.05841,21.066854,1970-01-01T00:00:00+00:00,1970-01-01T00:00:00+00:00,51035.086,38010.438,6.8,0.0,6.8,5.0,16.1198,30.239998,141.80772,20.62,4.059381,26.041412,40.916668,100.0,0.0,17.9,21.65,19.702082,4.059381,80.531456,92.49414,56.830406,0.0,1013.64594,1016.1,1011.0,998.253,1000.7188,995.8775,16.83,8.453657,6.8399997,0.8049845,20.76282,23.321003,18.248434,1.6215215,19.2,23.372915,133.0
IEM Dallas 2024,Dallas,2024-06-02,Vitality,G2,anb,22 - 20,2,1.07,Dallas Hinton St. C4,,,,,0.031,,10.9,,51.0,29.05,32.93017,23.030397,1970-01-01T00:00:00+00:00,1970-01-01T00:00:00+00:00,51082.52,29559.143,1.3000001,0.0,1.3000001,6.0,23.540806,41.760002,139.01598,17.64,3.466094,26.87226,57.583332,100.0,0.0,19.8,23.95,21.581251,3.466094,86.96114,96.66536,69.69492,0.0,1012.7793,1014.2,1009.5,997.4305,998.6979,994.3477,24.105,13.218878,12.599999,7.42159,22.226782,25.176718,20.009285,1.2163138,20.5,23.981247,133.0
IEM Dallas 2024,Dallas,2024-06-02,Vitality,G2,inf,35 - 23,12,1.38,Dallas Hinton St. C4,,,,,0.031,,10.9,,51.0,29.05,32.93017,23.030397,1970-01-01T00:00:00+00:00,1970-01-01T00:00:00+00:00,51082.52,29559.143,1.3000001,0.0,1.3000001,6.0,23.540806,41.760002,139.01598,17.64,3.466094,26.87226,57.583332,100.0,0.0,19.8,23.95,21.581251,3.466094,86.96114,96.66536,69.69492,0.0,1012.7793,1014.2,1009.5,997.4305,998.6979,994.3477,24.105,13.218878,12.599999,7.42159,22.226782,25.176718,20.009285,1.2163138,20.5,23.981247,133.0
IEM Dallas 2024,Dallas,2024-06-02,Vitality,G2,nuke,9 - 16,-7,0.56,Dallas Hinton St. C4,,,,,0.031,,10.9,,51.0,29.05,32.93017,23.030397,1970-01-01T00:00:00+00:00,1970-01-01T00:00:00+00:00,51082.52,29559.143,1.3000001,0.0,1.3000001,6.0,23.540806,41.760002,139.01598,17.64,3.466094,26.87226,57.583332,100.0,0.0,19.8,23.95,21.581251,3.466094,86.96114,96.66536,69.69492,0.0,1012.7793,1014.2,1009.5,997.4305,998.6979,994.3477,24.105,13.218878,12.599999,7.42159,22.226782,25.176718,20.009285,1.2163138,20.5,23.981247,133.0
IEM Katowice 2019,Katowice,2019-02-20,Vitality,BIG,mrg,27 - 15,12,1.64,"Katowice, ul. Kossutha",,,28.6,,40.1,39.7,32.0,7.16,51.0,7.85,1.900423,-2.0162292,1970-01-01T00:00:00+00:00,1970-01-01T00:00:00+00:00,37423.348,35248.06,0.8000001,0.0,0.8000001,5.0,29.795301,54.36,281.28146,7.53,1.2541605,-0.08740615,51.666668,93.0,4.0,-0.7,2.85,0.5083333,1.2541605,75.645935,90.844986,55.1518,0.0,1021.5166,1024.9,1018.5,984.27704,987.2915,981.38293,33.735,18.248226,20.16,10.805999,2.3758633,3.6811485,1.2820606,0.47722054,2.5,4.6145835,303.0
IEM Katowice 2019,Katowice,2019-02-20,Vitality,Natus Vincere,mrg,32 - 31,1,1.05,"Katowice, ul. Kossutha",,,28.6,,40.1,39.7,32.0,7.16,51.0,7.85,1.900423,-2.0162292,1970-01-01T00:00:00+00:00,1970-01-01T00:00:00+00:00,37423.348,35248.06,0.8000001,0.0,0.8000001,5.0,29.795301,54.36,281.28146,7.53,1.2541605,-0.08740615,51.666668,93.0,4.0,-0.7,2.85,0.5083333,1.2541605,75.645935,90.844986,55.1518,0.0,1021.5166,1024.9,1018.5,984.27704,987.2915,981.38293,33.735,18.248226,20.16,10.805999,2.3758633,3.6811485,1.2820606,0.47722054,2.5,4.6145835,303.0
IEM Katowice 2019,Katowice,2019-02-21,Vitality,Cloud9,mrg,26 - 21,5,1.43,"Katowice, ul. Kossutha",,,29.0,,40.9,44.8,36.6,8.9,55.0,9.55,4.3553505,-1.3337152,1970-01-01T00:00:00+00:00,1970-01-01T00:00:00+00:00,37644.203,5460.189,5.9000006,0.0,5.9000006,11.0,21.322214,38.16,266.41702,3.77,0.94435143,0.8397867,98.083336,100.0,84.0,-0.3,3.9,1.6395836,0.94435143,79.15414,93.54563,52.295475,0.0,1024.0001,1025.5,1021.3,986.7332,988.31775,984.1138,29.535006,16.56544,18.359999,11.720751,3.1392841,5.056115,1.0149784,0.56941825,2.7,5.1,303.0
IEM Katowice 2019,Katowice,2019-02-22,Vitality,Renegades,cch,17 - 16,1,1.11,"Katowice, ul. Kossutha",,,15.2,,55.8,19.3,15.8,4.41,53.0,5.8,1.9332008,-11.723095,1970-01-01T00:00:00+00:00,1970-01-01T00:00:00+00:00,37865.395,24574.787,3.3000002,0.0,3.3000002,6.0,27.511158,52.199997,23.23057,8.71,1.1675303,-6.559832,46.458332,100.0,0.0,-14.75,5.3,-7.089583,1.1675303,64.30311,96.92583,40.14027,0.0,1032.4208,1043.9,1020.0,994.0643,1004.3248,982.9524,40.005,21.507843,23.039999,12.72283,-2.9025278,5.389324,-8.882963,0.3518881,-6.3,-0.6375001,303.0
IEM Katowice 2019,Katowice,2019-02-22,Vitality,Renegades,d2,12 - 17,-5,0.77,"Katowice, ul. Kossutha",,,15.2,,55.8,19.3,15.8,4.41,53.0,5.8,1.9332008,-11.723095,1970-01-01T00:00:00+00:00,1970-01-01T00:00:00+00:00,37865.395,24574.787,3.3000002,0.0,3.3000002,6.0,27.511158,52.199997,23.23057,8.71,1.1675303,-6.559832,46.458332,100.0,0.0,-14.75,5.3,-7.089583,1.1675303,64.30311,96.92583,40.14027,0.0,1032.4208,1043.9,1020.0,994.0643,1004.3248,982.9524,40.005,21.507843,23.039999,12.72283,-2.9025278,5.389324,-8.882963,0.3518881,-6.3,-0.6375001,303.0
IEM Katowice 2019,Katowice,2019-02-22,Vitality,Renegades,inf,18 - 18,0,0.92,"Katowice, ul. Kossutha",,,15.2,,55.8,19.3,15.8,4.41,53.0,5.8,1.9332008,-11.723095,1970-01-01T00:00:00+00:00,1970-01-01T00:00:00+00:00,37865.395,24574.787,3.3000002,0.0,3.3000002,6.0,27.511158,52.199997,23.23057,8.71,1.1675303,-6.559832,46.458332,100.0,0.0,-14.75,5.3,-7.089583,1.1675303,64.30311,96.92583,40.14027,0.0,1032.4208,1043.9,1020.0,994.0643,1004.3248,982.9524,40.005,21.507843,23.039999,12.72283,-2.9025278,5.389324,-8.882963,0.3518881,-6.3,-0.6375001,303.0
IEM Katowice 2019,Katowice,2019-02-24,Vitality,Ninjas in Pyjamas,cch,12 - 16,-4,0.95,"Katowice, ul. Kossutha",,,31.6,,36.8,76.4,62.9,19.9,71.0,2.15,-2.7661602,-8.679979,1970-01-01T00:00:00+00:00,1970-01-01T00:00:00+00:00,38308.016,8762.394,0.0,0.7,1.0,5.0,13.441071,25.56,256.59305,4.37,0.95701987,-5.5098286,86.416664,100.0,21.0,-12.15,-6.9,-9.506249,0.95701987,52.67692,62.18678,46.809513,1.0,1039.2833,1042.7,1037.2,1000.6311,1003.4362,998.6069,17.429998,8.91986,9.0,6.162207,-4.233297,-1.713721,-6.8691025,0.36697295,-4.45,-1.0041667,303.0
IEM Katowice 2019,Katowice,2019-02-24,Vitality,Ninjas in Pyjamas,mrg,15 - 19,-4,0.91,"Katowice, ul. Kossutha",,,31.6,,36.8,76.4,62.9,19.9,71.0,2.15,-2.7661602,-8.679979,1970-01-01T00:00:00+00:00,1970-01-01T00:00:00+00:00,38308.016,8762.394,0.0,0.7,1.0,5.0,13.441071,25.56,256.59305,4.37,0.95701987,-5.5098286,86.416664,100.0,21.0,-12.15,-6.9,-9.506249,0.95701987,52.67692,62.18678,46.809513,1.0,1039.2833,1042.7,1037.2,1000.6311,1003.4362,998.6069,17.429998,8.91986,9.0,6.162207,-4.233297,-1.713721,-6.8691025,0.36697295,-4.45,-1.0041667,303.0
IEM Katowice 2019,Katowice,2019-02-24,Vitality,Ninjas in Pyjamas,ovp,26 - 16,10,1.53,"Katowice, ul. Kossutha",,,31.6,,36.8,76.4,62.9,19.9,71.0,2.15,-2.7661602,-8.679979,1970-01-01T00:00:00+00:00,1970-01-01T00:00:00+00:00,38308.016,8762.394,0.0,0.7,1.0,5.0,13.441071,25.56,256.59305,4.37,0.95701987,-5.5098286,86.416664,100.0,21.0,-12.15,-6.9,-9.506249,0.95701987,52.67692,62.18678,46.809513,1.0,1039.2833,1042.7,1037.2,1000.6311,1003.4362,998.6069,17.429998,8.91986,9.0,6.162207,-4.233297,-1.713721,-6.8691025,0.36697295,-4.45,-1.0041667,303.0
IEM Katowice 2019 Challengers Stage,Katowice,2019-02-13,Vitality,Grayhound,nuke,33 - 24,9,1.42,"Katowice, ul. Kossutha",,,37.2,,27.2,40.7,34.4,11.9,73.0,4.95,0.69654846,-7.0222445,1970-01-01T00:00:00+00:00,1970-01-01T00:00:00+00:00,35902.277,0.0,0.0,0.63,0.90000004,4.0,24.187069,41.760002,266.82022,1.54,0.5541685,-2.971589,96.25,100.0,48.0,-5.1,3.7,-0.66666675,0.5541685,83.29217,92.249855,75.823524,0.90000004,1031.5625,1032.9,1030.6,993.5878,995.27795,992.8499,32.130005,18.304296,22.68,13.324863,0.40516493,4.089752,-3.7510207,0.18373346,-2.2,1.8729166,303.0
IEM Katowice 2019 Challengers Stage,Katowice,2019-02-13,Vitality,TYLOO,inf,15 - 18,-3,0.88,"Katowice, ul. Kossutha",,,37.2,,27.2,40.7,34.4,11.9,73.0,4.95,0.69654846,-7.0222445,1970-01-01T00:00:00+00:00,1970-01-01T00:00:00+00:00,35902.277,0.0,0.0,0.63,0.90000004,4.0,24.187069,41.760002,266.82022,1.54,0.5541685,-2.971589,96.25,100.0,48.0,-5.1,3.7,-0.66666675,0.5541685,83.29217,92.249855,75.823524,0.90000004,1031.5625,1032.9,1030.6,993.5878,995.27795,992.8499,32.130005,18.304296,22.68,13.324863,0.40516493,4.089752,-3.7510207,0.18373346,-2.2,1.8729166,303.0
IEM Katowice 2019 Challengers Stage,Katowice,2019-02-14,Vitality,Vega Squadron,ovp,17 - 4,13,1.74,"Katowice, ul. Kossutha",,,38.0,,11.7,44.2,37.5,10.0,51.0,7.2,3.224556,0.20642376,1970-01-01T00:00:00+00:00,1970-01-01T00:00:00+00:00,36115.516,0.0,0.4,0.0,0.4,3.0,19.513195,36.36,303.29285,2.68,0.50428873,1.6599098,99.791664,100.0,97.0,2.4,4.65,3.9270833,0.50428873,90.95425,97.588264,72.536705,0.0,1034.3958,1035.3,1033.2,996.7828,997.79517,995.52075,28.32,15.3370495,15.4800005,7.7043357,4.40342,5.0041227,3.6211033,0.27575988,4.4,5.3312497,303.0
IEM Katowice 2019 Challengers Stage,Katowice,2019-02-15,Vitality,ViCi,inf,41 - 30,11,1.36,"Katowice, ul. Kossutha",,,41.8,,20.2,67.3,54.6,12.1,3.0,9.5,5.838526,-2.833817,1970-01-01T00:00:00+00:00,1970-01-01T00:00:00+00:00,36330.445,31465.307,0.0,0.0,0.0,0.0,14.764389,27.72,281.11813,8.22,1.0372488,1.7077255,58.916668,100.0,0.0,-0.7,4.25,1.9791666,1.0372488,83.06716,97.24137,57.387165,0.0,1033.4584,1035.0,1032.0,995.8117,997.3004,993.81287,17.775002,9.229075,10.799999,5.6233797,3.1946785,5.6068163,-0.3536334,0.50354487,0.4,4.8416667,303.0
IEM Katowice 2019 Challengers Stage,Katowice,2019-02-15,Vitality,ViCi,nuke,24 - 14,10,1.31,"Katowice, ul. Kossutha",,,41.8,,20.2,67.3,54.6,12.1,3.0,9.5,5.838526,-2.833817,1970-01-01T00:00:00+00:00,1970-01-01T00:00:00+00:00,36330.445,31465.307,0.0,0.0,0.0,0.0,14.764389,27.72,281.11813,8.22,1.0372488,1.7077255,58.916668,100.0,0.0,-0.7,4.25,1.9791666,1.0372488,83.06716,97.24137,57.387165,0.0,1033.4584,1035.0,1032.0,995.8117,997.3004,993.81287,17.775002,9.229075,10.799999,5.6233797,3.1946785,5.6068163,-0.3536334,0.50354487,0.4,4.8416667,303.0
IEM Katowice 2020,Katowice,2020-02-24,Vitality,Ninjas in Pyjamas,nuke,22 - 15,7,1.29,"Katowice, ul. Kossutha",,,17.0,,58.5,16.2,10.7,6.97,51.0,6.5,1.2753592,-5.2698526,1970-01-01T00:00:00+00:00,1970-01-01T00:00:00+00:00,38240.484,3914.528,0.3,0.0,0.3,3.0,46.30725,85.67999,287.70917,3.9,1.3642768,-2.0088167,87.958336,100.0,34.0,-3.3,0.8,-1.3604168,1.3642768,67.91672,82.3423,53.852345,0.0,1015.31256,1019.3,1006.8,978.24176,982.2647,970.3404,50.955,26.466904,19.44,6.696387,1.3657728,3.4475145,0.0494709,0.43254077,2.3,4.16875,303.0
IEM Katowice 2020,Katowice,2020-02-24,Vitality,Ninjas in Pyjamas,vtg,23 - 19,4,1.31,"Katowice, ul. Kossutha",,,17.0,,58.5,16.2,10.7,6.97,51.0,6.5,1.2753592,-5.2698526,1970-01-01T00:00:00+00:00,1970-01-01T00:00:00+00:00,38240.484,3914.528,0.3,0.0,0.3,3.0,46.30725,85.67999,287.70917,3.9,1.3642768,-2.0088167,87.958336,100.0,34.0,-3.3,0.8,-1.3604168,1.3642768,67.91672,82.3423,53.852345,0.0,1015.31256,1019.3,1006.8,978.24176,982.2647,970.3404,50.955,26.466904,19.44,6.696387,1.3657728,3.4475145,0.0494709,0.43254077,2.3,4.16875,303.0
IEM Katowice 2020,Katowice,2020-02-25,Vitality,Astralis,ovp,9 - 17,-8,0.71,"Katowice, ul. Kossutha",,,22.5,,36.5,16.0,11.8,6.0,53.0,9.05,5.077853,-0.4545982,1970-01-01T00:00:00+00:00,1970-01-01T00:00:00+00:00,38460.33,0.0,7.5000005,0.0,7.5000005,22.0,33.425762,62.279995,228.74559,3.27,0.79453605,2.6703727,99.208336,100.0,89.0,0.9,6.65,5.097917,0.79453605,86.94525,91.3795,73.2625,0.0,1001.88324,1007.2,997.7,965.6833,970.57227,961.52576,40.905,22.591618,27.0,13.830749,5.834526,7.3224564,2.851838,0.25331593,5.3,7.1479154,303.0
IEM Katowice 2020,Katowice,2020-02-25,Vitality,Astralis,vtg,29 - 30,-1,1.11,"Katowice, ul. Kossutha",,,22.5,,36.5,16.0,11.8,6.0,53.0,9.05,5.077853,-0.4545982,1970-01-01T00:00:00+00:00,1970-01-01T00:00:00+00:00,38460.33,0.0,7.5000005,0.0,7.5000005,22.0,33.425762,62.279995,228.74559,3.27,0.79453605,2.6703727,99.208336,100.0,89.0,0.9,6.65,5.097917,0.79453605,86.94525,91.3795,73.2625,0.0,1001.88324,1007.2,997.7,965.6833,970.57227,961.52576,40.905,22.591618,27.0,13.830749,5.834526,7.3224564,2.851838,0.25331593,5.3,7.1479154,303.0
IEM Katowice 2020,Katowice,2020-02-26,Vitality,FaZe,inf,23 - 15,8,1.39,"Katowice, ul. Kossutha",,,27.1,,45.5,20.1,14.5,8.52,51.0,7.8,3.2989092,-4.651724,1970-01-01T00:00:00+00:00,1970-01-01T00:00:00+00:00,38681.79,18866.275,1.4000001,0.0,1.4000001,9.0,25.922499,46.8,251.1098,6.94,1.1490536,0.36317134,77.541664,100.0,0.0,-3.25,4.25,1.0562503,1.1490536,77.86867,92.2769,58.438957,0.0,996.1667,1000.4,993.9,959.86255,963.42847,958.0394,31.109999,16.677824,19.44,9.726665,2.690746,4.7199564,-1.5088739,0.4407434,0.45,4.714583,303.0
IEM Katowice 2020,Katowice,2020-02-26,Vitality,FaZe,mrg,32 - 16,16,1.84,"Katowice, ul. Kossutha",,,27.1,,45.5,20.1,14.5,8.52,51.0,7.8,3.2989092,-4.651724,1970-01-01T00:00:00+00:00,1970-01-01T00:00:00+00:00,38681.79,18866.275,1.4000001,0.0,1.4000001,9.0,25.922499,46.8,251.1098,6.94,1.1490536,0.36317134,77.541664,100.0,0.0,-3.25,4.25,1.0562503,1.1490536,77.86867,92.2769,58.438957,0.0,996.1667,1000.4,993.9,959.86255,963.42847,958.0394,31.109999,16.677824,19.44,9.726665,2.690746,4.7199564,-1.5088739,0.4407434,0.45,4.714583,303.0
IEM Katowice 2020,Katowice,2020-02-26,Vitality,FaZe,nuke,17 - 16,1,1.09,"Katowice, ul. Kossutha",,,27.1,,45.5,20.1,14.5,8.52,51.0,7.8,3.2989092,-4.651724,1970-01-01T00:00:00+00:00,1970-01-01T00:00:00+00:00,38681.79,18866.275,1.4000001,0.0,1.4000001,9.0,25.922499,46.8,251.1098,6.94,1.1490536,0.36317134,77.541664,100.0,0.0,-3.25,4.25,1.0562503,1.1490536,77.86867,92.2769,58.438957,0.0,996.1667,1000.4,993.9,959.86255,963.42847,958.0394,31.109999,16.677824,19.44,9.726665,2.690746,4.7199564,-1.5088739,0.4407434,0.45,4.714583,303.0
IEM Katowice 2022,Katowice,2022-02-17,Vitality,MOUZ,inf,28 - 24,4,1.17,"Katowice, ul. Kossutha",,,7.93,,72.5,5.37,2.58,5.01,63.0,10.75,4.0074673,-3.004806,1970-01-01T00:00:00+00:00,1970-01-01T00:00:00+00:00,36814.477,25186.08,9.400001,0.0,9.400001,10.0,50.610416,91.439995,256.31506,5.93,2.2469306,0.1813216,87.0,100.0,18.0,-3.95,7.3,0.9895833,2.2469306,63.984146,85.32816,44.170105,0.0,995.8293,1005.4,989.2,959.9162,968.6699,953.6759,71.11499,38.63528,52.56,29.834423,4.34433,8.232893,0.42114592,0.71068305,4.0,7.7083344,303.0
IEM Katowice 2022,Katowice,2022-02-17,Vitality,MOUZ,nuke,27 - 15,12,1.49,"Katowice, ul. Kossutha",,,7.93,,72.5,5.37,2.58,5.01,63.0,10.75,4.0074673,-3.004806,1970-01-01T00:00:00+00:00,1970-01-01T00:00:00+00:00,36814.477,25186.08,9.400001,0.0,9.400001,10.0,50.610416,91.439995,256.31506,5.93,2.2469306,0.1813216,87.0,100.0,18.0,-3.95,7.3,0.9895833,2.2469306,63.984146,85.32816,44.170105,0.0,995.8293,1005.4,989.2,959.9162,968.6699,953.6759,71.11499,38.63528,52.56,29.834423,4.34433,8.232893,0.42114592,0.71068305,4.0,7.7083344,303.0
IEM Katowice 2022,Katowice,2022-02-17,Vitality,MOUZ,vtg,42 - 21,21,1.59,"Katowice, ul. Kossutha",,,7.93,,72.5,5.37,2.58,5.01,63.0,10.75,4.0074673,-3.004806,1970-01-01T00:00:00+00:00,1970-01-01T00:00:00+00:00,36814.477,25186.08,9.400001,0.0,9.400001,10.0,50.610416,91.439995,256.31506,5.93,2.2469306,0.1813216,87.0,100.0,18.0,-3.95,7.3,0.9895833,2.2469306,63.984146,85.32816,44.170105,0.0,995.8293,1005.4,989.2,959.9162,968.6699,953.6759,71.11499,38.63528,52.56,29.834423,4.34433,8.232893,0.42114592,0.71068305,4.0,7.7083344,303.0
IEM Katowice 2022,Katowice,2022-02-18,Vitality,HEROIC,inf,20 - 28,-8,0.86,"Katowice, ul. Kossutha",,,9.6,,71.8,8.38,4.88,5.5,53.0,10.45,2.8097696,-3.3900988,1970-01-01T00:00:00+00:00,1970-01-01T00:00:00+00:00,37032.42,29286.867,1.6,0.0,1.6,5.0,39.724167,67.67999,244.93459,8.46,2.1621943,-0.02340136,67.166664,100.0,0.0,-4.7,3.85,-0.7916667,2.1621943,61.498978,84.86984,45.485775,0.0,1007.2292,1011.2,999.5,970.7207,974.73425,963.77716,49.034992,27.988943,38.519997,21.129885,2.7940776,5.9241,-0.2600031,0.5960358,2.85,6.260416,303.0
IEM Katowice 2022,Katowice,2022-02-18,Vitality,HEROIC,mrg,19 - 19,0,0.99,"Katowice, ul. Kossutha",,,9.6,,71.8,8.38,4.88,5.5,53.0,10.45,2.8097696,-3.3900988,1970-01-01T00:00:00+00:00,1970-01-01T00:00:00+00:00,37032.42,29286.867,1.6,0.0,1.6,5.0,39.724167,67.67999,244.93459,8.46,2.1621943,-0.02340136,67.166664,100.0,0.0,-4.7,3.85,-0.7916667,2.1621943,61.498978,84.86984,45.485775,0.0,1007.2292,1011.2,999.5,970.7207,974.73425,963.77716,49.034992,27.988943,38.519997,21.129885,2.7940776,5.9241,-0.2600031,0.5960358,2.85,6.260416,303.0
IEM Katowice 2022,Katowice,2022-02-19,Vitality,Gambit,inf,19 - 16,3,1.17,"Katowice, ul. Kossutha",,,7.9,,72.8,9.02,5.08,6.25,51.0,10.55,3.9843903,-4.583686,1970-01-01T00:00:00+00:00,1970-01-01T00:00:00+00:00,37251.797,36000.0,0.90000004,0.0,0.90000004,5.0,43.68033,74.520004,254.7395,9.15,2.7174685,-0.7809396,33.583332,100.0,0.0,-7.0,3.55,-4.21875,2.7174685,48.110302,64.17629,35.524853,0.0,1010.2126,1017.1,1000.8,973.5777,979.5553,965.0638,53.039997,29.204773,24.48,13.089354,1.6233449,6.5964537,-2.0775273,0.69067025,0.7,6.1354175,303.0
IEM Katowice 2022,Katowice,2022-02-19,Vitality,Gambit,mrg,3 - 18,-15,0.32,"Katowice, ul. Kossutha",,,7.9,,72.8,9.02,5.08,6.25,51.0,10.55,3.9843903,-4.583686,1970-01-01T00:00:00+00:00,1970-01-01T00:00:00+00:00,37251.797,36000.0,0.90000004,0.0,0.90000004,5.0,43.68033,74.520004,254.7395,9.15,2.7174685,-0.7809396,33.583332,100.0,0.0,-7.0,3.55,-4.21875,2.7174685,48.110302,64.17629,35.524853,0.0,1010.2126,1017.1,1000.8,973.5777,979.5553,965.0638,53.039997,29.204773,24.48,13.089354,1.6233449,6.5964537,-2.0775273,0.69067025,0.7,6.1354175,303.0
IEM Katowice 2024,Katowice,2024-02-03,Vitality,ENCE,anb,13 - 9,4,1.63,"Katowice, ul. Kossutha",,,13.1,,45.3,16.0,12.6,5.22,53.0,8.25,3.1769776,-0.43885064,1970-01-01T00:00:00+00:00,1970-01-01T00:00:00+00:00,33824.062,0.0,2.4,0.0,2.4,10.0,27.804028,48.6,266.17694,1.04,0.779053,1.8217025,100.0,100.0,100.0,2.1,5.9,4.2833333,0.779053,83.6393,89.85347,79.19155,0.0,1018.28754,1018.8,1017.5,981.4594,981.9507,980.6851,43.364998,25.316988,37.8,22.314192,5.2567763,6.620322,3.0903325,0.20398128,4.65,6.870834,303.0
IEM Katowice 2024,Katowice,2024-02-03,Vitality,ENCE,nuke,19 - 14,5,1.47,"Katowice, ul. Kossutha",,,13.1,,45.3,16.0,12.6,5.22,53.0,8.25,3.1769776,-0.43885064,1970-01-01T00:00:00+00:00,1970-01-01T00:00:00+00:00,33824.062,0.0,2.4,0.0,2.4,10.0,27.804028,48.6,266.17694,1.04,0.779053,1.8217025,100.0,100.0,100.0,2.1,5.9,4.2833333,0.779053,83.6393,89.85347,79.19155,0.0,1018.28754,1018.8,1017.5,981.4594,981.9507,980.6851,43.364998,25.316988,37.8,22.314192,5.2567763,6.620322,3.0903325,0.20398128,4.65,6.870834,303.0
IEM Katowice 2024,Katowice,2024-02-03,Vitality,ENCE,vtg,13 - 14,-1,1.02,"Katowice, ul. Kossutha",,,13.1,,45.3,16.0,12.6,5.22,53.0,8.25,3.1769776,-0.43885064,1970-01-01T00:00:00+00:00,1970-01-01T00:00:00+00:00,33824.062,0.0,2.4,0.0,2.4,10.0,27.804028,48.6,266.17694,1.04,0.779053,1.8217025,100.0,100.0,100.0,2.1,5.9,4.2833333,0.779053,83.6393,89.85347,79.19155,0.0,1018.28754,1018.8,1017.5,981.4594,981.9507,980.6851,43.364998,25.316988,37.8,22.314192,5.2567763,6.620322,3.0903325,0.20398128,4.65,6.870834,303.0
IEM Katowice 2024,Katowice,2024-02-05,Vitality,HEROIC,anb,19 - 14,5,1.21,"Katowice, ul. Kossutha",,,11.3,,55.5,10.0,7.3,3.31,61.0,9.7,4.778,-0.69860744,1970-01-01T00:00:00+00:00,1970-01-01T00:00:00+00:00,34213.516,0.0,9.3,0.0,9.3,16.0,36.871452,65.520004,273.13666,1.32,0.9294467,2.806389,100.0,100.0,100.0,2.3,7.35,5.1854167,0.9294467,82.44767,91.956535,68.19297,0.0,1010.29584,1012.0,1007.4,973.9086,975.7202,971.09644,51.225,28.128195,28.8,14.186923,6.299994,7.9355745,3.9755745,0.36045194,4.95,8.070832,303.0
IEM Katowice 2024,Katowice,2024-02-05,Vitality,HEROIC,mrg,20 - 20,0,1.07,"Katowice, ul. Kossutha",,,11.3,,55.5,10.0,7.3,3.31,61.0,9.7,4.778,-0.69860744,1970-01-01T00:00:00+00:00,1970-01-01T00:00:00+00:00,34213.516,0.0,9.3,0.0,9.3,16.0,36.871452,65.520004,273.13666,1.32,0.9294467,2.806389,100.0,100.0,100.0,2.3,7.35,5.1854167,0.9294467,82.44767,91.956535,68.19297,0.0,1010.29584,1012.0,1007.4,973.9086,975.7202,971.09644,51.225,28.128195,28.8,14.186923,6.299994,7.9355745,3.9755745,0.36045194,4.95,8.070832,303.0
IEM Katowice 2024,Katowice,2024-02-05,Vitality,HEROIC,vtg,21 - 16,5,1.2,"Katowice, ul. Kossutha",,,11.3,,55.5,10.0,7.3,3.31,61.0,9.7,4.778,-0.69860744,1970-01-01T00:00:00+00:00,1970-01-01T00:00:00+00:00,34213.516,0.0,9.3,0.0,9.3,16.0,36.871452,65.520004,273.13666,1.32,0.9294467,2.806389,100.0,100.0,100.0,2.3,7.35,5.1854167,0.9294467,82.44767,91.956535,68.19297,0.0,1010.29584,1012.0,1007.4,973.9086,975.7202,971.09644,51.225,28.128195,28.8,14.186923,6.299994,7.9355745,3.9755745,0.36045194,4.95,8.070832,303.0
IEM Katowice 2025,Katowice,2025-02-01,Vitality,3DMAX,inf,26 - 23,3,1.28,"Katowice, ul. Kossutha",,,23.2,,37.9,25.1,19.8,6.79,51.0,2.9,-0.3294711,-5.376591,1970-01-01T00:00:00+00:00,1970-01-01T00:00:00+00:00,33582.37,8547.376,0.2,0.0,0.2,2.0,10.5234585,20.880001,279.07086,2.9,0.43603352,-2.681842,72.541664,100.0,2.0,-4.2,-0.1,-2.0166667,0.43603352,82.1126,89.65659,75.80633,0.0,1032.0375,1033.5,1030.3,993.8892,995.35834,991.9705,15.224999,6.6723814,2.52,1.5273507,-0.8411088,0.9109974,-2.792675,0.1825664,-1.15,0.7,303.0
IEM Katowice 2025,Katowice,2025-02-01,Vitality,3DMAX,nuke,19 - 12,7,1.25,"Katowice, ul. Kossutha",,,23.2,,37.9,25.1,19.8,6.79,51.0,2.9,-0.3294711,-5.376591,1970-01-01T00:00:00+00:00,1970-01-01T00:00:00+00:00,33582.37,8547.376,0.2,0.0,0.2,2.0,10.5234585,20.880001,279.07086,2.9,0.43603352,-2.681842,72.541664,100.0,2.0,-4.2,-0.1,-2.0166667,0.43603352,82.1126,89.65659,75.80633,0.0,1032.0375,1033.5,1030.3,993.8892,995.35834,991.9705,15.224999,6.6723814,2.52,1.5273507,-0.8411088,0.9109974,-2.792675,0.1825664,-1.15,0.7,303.0
IEM Katowice 2025,Katowice,2025-02-02,Vitality,FaZe,anb,17 - 15,2,1.02,"Katowice, ul. Kossutha",,,25.6,,36.7,36.2,28.6,8.7,71.0,1.95,-1.6004088,-4.2734766,1970-01-01T00:00:00+00:00,1970-01-01T00:00:00+00:00,33776.418,1802.0853,0.0,0.07,0.1,1.0,6.5693827,17.28,290.38364,2.91,0.42236727,-2.7009325,93.666664,100.0,0.0,-4.5,-1.5,-2.7229166,0.42236727,80.4742,91.24283,62.561855,0.1,1027.2583,1030.0,1026.0,989.2402,991.661,988.07574,9.03,3.7650492,1.08,0.0,-1.2917181,-0.66240025,-2.293537,0.2640226,-1.25,0.35416663,303.0
IEM Katowice 2025,Katowice,2025-02-02,Vitality,FaZe,d2,37 - 23,14,1.6,"Katowice, ul. Kossutha",,,25.6,,36.7,36.2,28.6,8.7,71.0,1.95,-1.6004088,-4.2734766,1970-01-01T00:00:00+00:00,1970-01-01T00:00:00+00:00,33776.418,1802.0853,0.0,0.07,0.1,1.0,6.5693827,17.28,290.38364,2.91,0.42236727,-2.7009325,93.666664,100.0,0.0,-4.5,-1.5,-2.7229166,0.42236727,80.4742,91.24283,62.561855,0.1,1027.2583,1030.0,1026.0,989.2402,991.661,988.07574,9.03,3.7650492,1.08,0.0,-1.2917181,-0.66240025,-2.293537,0.2640226,-1.25,0.35416663,303.0
IEM Katowice 2025,Katowice,2025-02-02,Vitality,FaZe,nuke,9 - 11,-2,0.93,"Katowice, ul. Kossutha",,,25.6,,36.7,36.2,28.6,8.7,71.0,1.95,-1.6004088,-4.2734766,1970-01-01T00:00:00+00:00,1970-01-01T00:00:00+00:00,33776.418,1802.0853,0.0,0.07,0.1,1.0,6.5693827,17.28,290.38364,2.91,0.42236727,-2.7009325,93.666664,100.0,0.0,-4.5,-1.5,-2.7229166,0.42236727,80.4742,91.24283,62.561855,0.1,1027.2583,1030.0,1026.0,989.2402,991.661,988.07574,9.03,3.7650492,1.08,0.0,-1.2917181,-0.66240025,-2.293537,0.2640226,-1.25,0.35416663,303.0
IEM Katowice 2025,Katowice,2025-02-04,Vitality,Virtus.pro,anb,16 - 9,7,1.49,"Katowice, ul. Kossutha",,,44.4,,20.1,46.7,36.4,8.37,3.0,4.25,0.5483208,-7.51865,1970-01-01T00:00:00+00:00,1970-01-01T00:00:00+00:00,34172.137,33365.297,0.0,0.0,0.0,0.0,9.396275,16.199999,176.63359,7.91,0.82144684,-4.123159,22.125,95.0,0.0,-7.8,-2.5,-6.033333,0.82144684,69.30784,92.794876,41.465675,0.0,1031.8625,1032.7,1030.9,993.53864,994.5959,992.545,10.17,4.300384,3.2399998,1.1525624,-2.9984581,-0.28193855,-5.099555,0.48227146,-4.3,-0.6083333,303.0
IEM Katowice 2025,Katowice,2025-02-04,Vitality,Virtus.pro,inf,16 - 10,6,1.34,"Katowice, ul. Kossutha",,,44.4,,20.1,46.7,36.4,8.37,3.0,4.25,0.5483208,-7.51865,1970-01-01T00:00:00+00:00,1970-01-01T00:00:00+00:00,34172.137,33365.297,0.0,0.0,0.0,0.0,9.396275,16.199999,176.63359,7.91,0.82144684,-4.123159,22.125,95.0,0.0,-7.8,-2.5,-6.033333,0.82144684,69.30784,92.794876,41.465675,0.0,1031.8625,1032.7,1030.9,993.53864,994.5959,992.545,10.17,4.300384,3.2399998,1.1525624,-2.9984581,-0.28193855,-5.099555,0.48227146,-4.3,-0.6083333,303.0
IEM Katowice 2025,Katowice,2025-02-08,Vitality,The MongolZ,mrg,23 - 10,13,1.63,"Katowice, ul. Kossutha",,,22.3,,33.1,33.4,26.0,14.0,3.0,5.45,1.2746654,-5.837688,1970-01-01T00:00:00+00:00,1970-01-01T00:00:00+00:00,34987.33,29699.824,0.0,0.0,0.0,0.0,12.043869,25.199999,102.63902,6.49,1.0208268,-3.3607109,77.916664,100.0,16.0,-6.55,-3.95,-4.964583,1.0208268,65.79899,80.62004,50.165707,0.0,1033.5458,1035.6,1032.2,995.36835,997.08026,994.26495,22.230001,10.253402,17.28,7.9567327,-1.8187681,1.2039223,-3.8086128,0.44924322,-1.55,0.9104166,303.0
IEM Katowice 2025,Katowice,2025-02-08,Vitality,The MongolZ,nuke,18 - 13,5,1.42,"Katowice, ul. Kossutha",,,22.3,,33.1,33.4,26.0,14.0,3.0,5.45,1.2746654,-5.837688,1970-01-01T00:00:00+00:00,1970-01-01T00:00:00+00:00,34987.33,29699.824,0.0,0.0,0.0,0.0,12.043869,25.199999,102.63902,6.49,1.0208268,-3.3607109,77.916664,100.0,16.0,-6.55,-3.95,-4.964583,1.0208268,65.79899,80.62004,50.165707,0.0,1033.5458,1035.6,1032.2,995.36835,997.08026,994.26495,22.230001,10.253402,17.28,7.9567327,-1.8187681,1.2039223,-3.8086128,0.44924322,-1.55,0.9104166,303.0
IEM Katowice 2025,Katowice,2025-02-09,Vitality,Spirit,d2,19 - 10,9,1.3,"Katowice, ul. Kossutha",,,31.0,,17.5,50.6,39.8,16.8,3.0,6.75,3.8848686,-6.487193,1970-01-01T00:00:00+00:00,1970-01-01T00:00:00+00:00,35194.746,27262.28,0.0,0.0,0.0,0.0,8.797931,17.28,106.094894,7.06,0.9680239,-2.8189466,61.041668,100.0,8.0,-7.15,-2.55,-5.360417,0.9680239,64.10908,82.63555,46.15602,0.0,1032.2291,1033.2,1031.4,994.0986,994.8917,993.6126,14.084998,6.2417927,8.28,2.5959969,-1.9467233,2.42558,-4.091262,0.49944422,-2.45,0.90833324,303.0
IEM Katowice 2025,Katowice,2025-02-09,Vitality,Spirit,mrg,22 - 13,9,1.26,"Katowice, ul. Kossutha",,,31.0,,17.5,50.6,39.8,16.8,3.0,6.75,3.8848686,-6.487193,1970-01-01T00:00:00+00:00,1970-01-01T00:00:00+00:00,35194.746,27262.28,0.0,0.0,0.0,0.0,8.797931,17.28,106.094894,7.06,0.9680239,-2.8189466,61.041668,100.0,8.0,-7.15,-2.55,-5.360417,0.9680239,64.10908,82.63555,46.15602,0.0,1032.2291,1033.2,1031.4,994.0986,994.8917,993.6126,14.084998,6.2417927,8.28,2.5959969,-1.9467233,2.42558,-4.091262,0.49944422,-2.45,0.90833324,303.0
IEM Katowice 2025,Katowice,2025-02-09,Vitality,Spirit,nuke,26 - 6,20,2.26,"Katowice, ul. Kossutha",,,31.0,,17.5,50.6,39.8,16.8,3.0,6.75,3.8848686,-6.487193,1970-01-01T00:00:00+00:00,1970-01-01T00:00:00+00:00,35194.746,27262.28,0.0,0.0,0.0,0.0,8.797931,17.28,106.094894,7.06,0.9680239,-2.8189466,61.041668,100.0,8.0,-7.15,-2.55,-5.360417,0.9680239,64.10908,82.63555,46.15602,0.0,1032.2291,1033.2,1031.4,994.0986,994.8917,993.6126,14.084998,6.2417927,8.28,2.5959969,-1.9467233,2.42558,-4.091262,0.49944422,-2.45,0.90833324,303.0
IEM Kraków 2026,Kraków,2026-01-31,Vitality,BC.Game,d2,14 - 10,4,1.03,"Kraków, ul. Bulwarowa",,,11.5,,,24.1,20.2,4.81,3.0,-3.35,-8.770666,-15.398537,1970-01-01T00:00:00+00:00,1970-01-01T00:00:00+00:00,33408.008,2196.352,0.0,0.0,0.0,0.0,20.66867,46.079998,67.561325,3.64,0.4948555,-13.3799515,100.0,100.0,100.0,-12.95,-5.4,-10.847917,0.4948555,76.0552,85.71288,66.630974,0.0,1014.29175,1018.8,1009.4,988.4869,992.6818,984.0943,41.684998,18.849606,37.8,17.114204,-8.873635,-4.5211153,-10.90134,0.11789234,-9.4,-7.3291664,201.0
IEM Kraków 2026,Kraków,2026-01-31,Vitality,BC.Game,ovp,15 - 8,7,1.26,"Kraków, ul. Bulwarowa",,,11.5,,,24.1,20.2,4.81,3.0,-3.35,-8.770666,-15.398537,1970-01-01T00:00:00+00:00,1970-01-01T00:00:00+00:00,33408.008,2196.352,0.0,0.0,0.0,0.0,20.66867,46.079998,67.561325,3.64,0.4948555,-13.3799515,100.0,100.0,100.0,-12.95,-5.4,-10.847917,0.4948555,76.0552,85.71288,66.630974,0.0,1014.29175,1018.8,1009.4,988.4869,992.6818,984.0943,41.684998,18.849606,37.8,17.114204,-8.873635,-4.5211153,-10.90134,0.11789234,-9.4,-7.3291664,201.0
IEM Kraków 2026,Kraków,2026-02-02,Vitality,3DMAX,d2,19 - 8,11,1.81,"Kraków, ul. Bulwarowa",,,13.3,,,32.4,25.2,10.2,3.0,-7.45,-12.971084,-16.968395,1970-01-01T00:00:00+00:00,1970-01-01T00:00:00+00:00,33792.246,15996.779,0.0,0.0,0.0,0.0,15.815435,36.719997,69.90323,4.95,0.51039416,-15.697024,80.0,100.0,21.0,-15.3,-13.65,-14.687499,0.51039416,69.364456,75.81985,56.98726,0.0,1017.3291,1018.3,1016.1,991.1805,992.0773,990.20575,31.845001,13.961711,26.28,12.016938,-11.777744,-9.737917,-12.750984,0.14964929,-11.3,-10.093749,201.0
IEM Kraków 2026,Kraków,2026-02-02,Vitality,3DMAX,inf,18 - 10,8,1.41,"Kraków, ul. Bulwarowa",,,13.3,,,32.4,25.2,10.2,3.0,-7.45,-12.971084,-16.968395,1970-01-01T00:00:00+00:00,1970-01-01T00:00:00+00:00,33792.246,15996.779,0.0,0.0,0.0,0.0,15.815435,36.719997,69.90323,4.95,0.51039416,-15.697024,80.0,100.0,21.0,-15.3,-13.65,-14.687499,0.51039416,69.364456,75.81985,56.98726,0.0,1017.3291,1018.3,1016.1,991.1805,992.0773,990.20575,31.845001,13.961711,26.28,12.016938,-11.777744,-9.737917,-12.750984,0.14964929,-11.3,-10.093749,201.0
IEM Kraków 2026,Kraków,2026-02-03,Vitality,Aurora,anc,53 - 26,27,1.65,"Kraków, ul. Bulwarowa",,,16.1,,,48.0,39.2,9.14,73.0,-1.3,-5.294386,-16.939117,1970-01-01T00:00:00+00:00,1970-01-01T00:00:00+00:00,33987.33,22640.414,0.19999999,0.84000003,1.4000001,7.0,16.011908,36.36,64.246086,6.04,0.4891274,-11.83027,86.5,100.0,2.0,-14.0,-2.4,-9.666667,0.4891274,79.74765,92.2194,67.121765,1.2,1015.63763,1018.4,1011.5,989.85345,992.1108,986.3301,29.234999,13.275466,20.519999,10.32924,-8.091948,-2.045174,-12.579826,0.14938816,-11.45,-6.714583,201.0
IEM Kraków 2026,Kraków,2026-02-03,Vitality,Aurora,ovp,23 - 10,13,2.1,"Kraków, ul. Bulwarowa",,,16.1,,,48.0,39.2,9.14,73.0,-1.3,-5.294386,-16.939117,1970-01-01T00:00:00+00:00,1970-01-01T00:00:00+00:00,33987.33,22640.414,0.19999999,0.84000003,1.4000001,7.0,16.011908,36.36,64.246086,6.04,0.4891274,-11.83027,86.5,100.0,2.0,-14.0,-2.4,-9.666667,0.4891274,79.74765,92.2194,67.121765,1.2,1015.63763,1018.4,1011.5,989.85345,992.1108,986.3301,29.234999,13.275466,20.519999,10.32924,-8.091948,-2.045174,-12.579826,0.14938816,-11.45,-6.714583,201.0
IEM Kraków 2026,Kraków,2026-02-07,Vitality,MOUZ,d2,18 - 8,10,1.7,"Kraków, ul. Bulwarowa",,,30.3,,,75.3,64.5,3.27,51.0,4.4,1.9147506,-1.8960276,1970-01-01T00:00:00+00:00,1970-01-01T00:00:00+00:00,34782.14,0.0,0.8,0.0,0.8,6.0,6.310277,15.4800005,275.85593,2.1,0.27512676,-0.47614655,99.916664,100.0,98.0,0.65,3.25,1.6520833,0.27512676,98.3373,100.0,92.23478,0.0,1004.50824,1008.2,1000.6,979.79803,983.3509,975.88495,7.8449993,3.5314682,2.52,0.9,1.6271676,3.600072,0.54310083,0.06512684,0.7,1.8916664,201.0
IEM Kraków 2026,Kraków,2026-02-07,Vitality,MOUZ,nuke,22 - 11,11,1.68,"Kraków, ul. Bulwarowa",,,30.3,,,75.3,64.5,3.27,51.0,4.4,1.9147506,-1.8960276,1970-01-01T00:00:00+00:00,1970-01-01T00:00:00+00:00,34782.14,0.0,0.8,0.0,0.8,6.0,6.310277,15.4800005,275.85593,2.1,0.27512676,-0.47614655,99.916664,100.0,98.0,0.65,3.25,1.6520833,0.27512676,98.3373,100.0,92.23478,0.0,1004.50824,1008.2,1000.6,979.79803,983.3509,975.88495,7.8449993,3.5314682,2.52,0.9,1.6271676,3.600072,0.54310083,0.06512684,0.7,1.8916664,201.0
IEM Kraków 2026,Kraków,2026-02-08,Vitality,FURIA,inf,27 - 10,17,2.22,"Kraków, ul. Bulwarowa",,,16.6,,,36.8,32.2,1.95,73.0,1.2,-1.6207354,-6.374195,1970-01-01T00:00:00+00:00,1970-01-01T00:00:00+00:00,34983.387,0.0,2.8,1.3300002,4.7,20.0,13.708391,28.44,54.308147,2.01,0.24627712,-3.0261695,100.0,100.0,100.0,-2.75,0.95,-0.19166666,0.24627712,97.00289,100.0,93.56956,1.9000001,1011.05005,1015.4,1008.1,986.02954,990.07794,983.1861,15.449999,7.593773,5.3999996,2.50064,-0.14285813,0.92612076,-2.5132804,0.035835683,-1.9,0.22916664,201.0
IEM Kraków 2026,Kraków,2026-02-08,Vitality,FURIA,mrg,21 - 13,8,1.28,"Kraków, ul. Bulwarowa",,,16.6,,,36.8,32.2,1.95,73.0,1.2,-1.6207354,-6.374195,1970-01-01T00:00:00+00:00,1970-01-01T00:00:00+00:00,34983.387,0.0,2.8,1.3300002,4.7,20.0,13.708391,28.44,54.308147,2.01,0.24627712,-3.0261695,100.0,100.0,100.0,-2.75,0.95,-0.19166666,0.24627712,97.00289,100.0,93.56956,1.9000001,1011.05005,1015.4,1008.1,986.02954,990.07794,983.1861,15.449999,7.593773,5.3999996,2.50064,-0.14285813,0.92612076,-2.5132804,0.035835683,-1.9,0.22916664,201.0
IEM Kraków 2026,Kraków,2026-02-08,Vitality,FURIA,nuke,17 - 6,11,1.83,"Kraków, ul. Bulwarowa",,,16.6,,,36.8,32.2,1.95,73.0,1.2,-1.6207354,-6.374195,1970-01-01T00:00:00+00:00,1970-01-01T00:00:00+00:00,34983.387,0.0,2.8,1.3300002,4.7,20.0,13.708391,28.44,54.308147,2.01,0.24627712,-3.0261695,100.0,100.0,100.0,-2.75,0.95,-0.19166666,0.24627712,97.00289,100.0,93.56956,1.9000001,1011.05005,1015.4,1008.1,986.02954,990.07794,983.1861,15.449999,7.593773,5.3999996,2.50064,-0.14285813,0.92612076,-2.5132804,0.035835683,-1.9,0.22916664,201.0
IEM Kraków 2026,Kraków,2026-02-08,Vitality,FURIA,ovp,25 - 12,13,1.52,"Kraków, ul. Bulwarowa",,,16.6,,,36.8,32.2,1.95,73.0,1.2,-1.6207354,-6.374195,1970-01-01T00:00:00+00:00,1970-01-01T00:00:00+00:00,34983.387,0.0,2.8,1.3300002,4.7,20.0,13.708391,28.44,54.308147,2.01,0.24627712,-3.0261695,100.0,100.0,100.0,-2.75,0.95,-0.19166666,0.24627712,97.00289,100.0,93.56956,1.9000001,1011.05005,1015.4,1008.1,986.02954,990.07794,983.1861,15.449999,7.593773,5.3999996,2.50064,-0.14285813,0.92612076,-2.5132804,0.035835683,-1.9,0.22916664,201.0
IEM Rio 2023,Rio de Janeiro,2023-04-17,Vitality,OG,ovp,23 - 21,2,1.01,Copacabana,,,,,17.4,18.2,,,2.0,29.55,34.25399,24.846281,1970-01-01T00:00:00+00:00,1970-01-01T00:00:00+00:00,41486.035,40501.58,0.0,0.0,0.0,0.0,11.304229,28.8,57.89812,20.57,4.0414777,28.487654,12.208333,65.0,0.0,20.4,23.6,21.4375,4.0414777,82.77973,95.80886,62.474308,0.0,1009.09174,1014.1,1004.2,1008.3975,1013.39905,1003.5185,22.739996,7.9013,12.24,4.072935,22.376234,24.951454,20.760233,1.5387981,21.35,24.754166,6.0
IEM Rio 2023,Rio de Janeiro,2023-04-19,Vitality,FaZe,anb,27 - 21,6,1.3,Copacabana,,,,,12.6,10.3,,,63.0,27.75,31.949162,25.69545,1970-01-01T00:00:00+00:00,1970-01-01T00:00:00+00:00,41338.39,6637.4062,10.1,0.0,10.1,9.0,21.67786,52.199997,233.41899,6.84,1.5669706,27.638748,99.583336,100.0,90.0,20.9,23.65,21.960417,1.5669706,86.14376,97.03462,71.548515,0.0,1005.6628,1009.9,1001.3,1004.9702,1009.20166,1000.611,34.949997,12.045121,12.959999,2.3051248,22.647726,23.911945,21.786942,1.0489225,23.15,24.487501,6.0
IEM Rio 2023,Rio de Janeiro,2023-04-19,Vitality,FaZe,ovp,16 - 14,2,1.1,Copacabana,,,,,12.6,10.3,,,63.0,27.75,31.949162,25.69545,1970-01-01T00:00:00+00:00,1970-01-01T00:00:00+00:00,41338.39,6637.4062,10.1,0.0,10.1,9.0,21.67786,52.199997,233.41899,6.84,1.5669706,27.638748,99.583336,100.0,90.0,20.9,23.65,21.960417,1.5669706,86.14376,97.03462,71.548515,0.0,1005.6628,1009.9,1001.3,1004.9702,1009.20166,1000.611,34.949997,12.045121,12.959999,2.3051248,22.647726,23.911945,21.786942,1.0489225,23.15,24.487501,6.0
IEM Rio 2023,Rio de Janeiro,2023-04-20,Vitality,OG,inf,33 - 12,21,2.31,Copacabana,,,,,13.8,23.5,,,55.0,24.6,27.255938,21.791023,1970-01-01T00:00:00+00:00,1970-01-01T00:00:00+00:00,41265.33,39747.582,2.3999999,0.0,2.3999999,8.0,24.967497,60.120003,228.14388,19.05,3.773038,24.47196,58.166668,100.0,5.0,15.15,21.5,18.331247,3.773038,76.60025,94.34565,58.94388,0.0,1013.8125,1018.2,1010.3,1013.1109,1017.49335,1009.59784,33.405,12.157738,11.159999,2.1897945,19.852037,21.91818,17.761591,1.2689795,21.3,22.947914,6.0
IEM Rio 2023,Rio de Janeiro,2023-04-20,Vitality,OG,mrg,18 - 18,0,1.02,Copacabana,,,,,13.8,23.5,,,55.0,24.6,27.255938,21.791023,1970-01-01T00:00:00+00:00,1970-01-01T00:00:00+00:00,41265.33,39747.582,2.3999999,0.0,2.3999999,8.0,24.967497,60.120003,228.14388,19.05,3.773038,24.47196,58.166668,100.0,5.0,15.15,21.5,18.331247,3.773038,76.60025,94.34565,58.94388,0.0,1013.8125,1018.2,1010.3,1013.1109,1017.49335,1009.59784,33.405,12.157738,11.159999,2.1897945,19.852037,21.91818,17.761591,1.2689795,21.3,22.947914,6.0
IEM Rio 2023,Rio de Janeiro,2023-04-20,Vitality,OG,ovp,21 - 12,9,1.32,Copacabana,,,,,13.8,23.5,,,55.0,24.6,27.255938,21.791023,1970-01-01T00:00:00+00:00,1970-01-01T00:00:00+00:00,41265.33,39747.582,2.3999999,0.0,2.3999999,8.0,24.967497,60.120003,228.14388,19.05,3.773038,24.47196,58.166668,100.0,5.0,15.15,21.5,18.331247,3.773038,76.60025,94.34565,58.94388,0.0,1013.8125,1018.2,1010.3,1013.1109,1017.49335,1009.59784,33.405,12.157738,11.159999,2.1897945,19.852037,21.91818,17.761591,1.2689795,21.3,22.947914,6.0
IEM Rio 2023,Rio de Janeiro,2023-04-21,Vitality,BIG,mrg,25 - 15,10,1.46,Copacabana,,,,,26.0,20.8,,,51.0,24.05,25.547932,21.670088,1970-01-01T00:00:00+00:00,1970-01-01T00:00:00+00:00,41192.848,40264.637,0.1,0.0,0.1,1.0,13.1041975,34.92,216.9996,19.99,3.8553226,23.196157,14.25,28.0,1.0,14.85,18.6,16.649998,3.8553226,73.10313,91.93925,56.43165,0.0,1019.38336,1020.9,1018.0,1018.6755,1020.195,1017.288,24.269999,8.613982,15.84,5.0911684,18.382442,18.960606,17.755358,1.3039372,19.55,21.889582,6.0
IEM Rio 2023,Rio de Janeiro,2023-04-21,Vitality,BIG,nuke,17 - 16,1,1.02,Copacabana,,,,,26.0,20.8,,,51.0,24.05,25.547932,21.670088,1970-01-01T00:00:00+00:00,1970-01-01T00:00:00+00:00,41192.848,40264.637,0.1,0.0,0.1,1.0,13.1041975,34.92,216.9996,19.99,3.8553226,23.196157,14.25,28.0,1.0,14.85,18.6,16.649998,3.8553226,73.10313,91.93925,56.43165,0.0,1019.38336,1020.9,1018.0,1018.6755,1020.195,1017.288,24.269999,8.613982,15.84,5.0911684,18.382442,18.960606,17.755358,1.3039372,19.55,21.889582,6.0
IEM Rio 2023,Rio de Janeiro,2023-04-22,Vitality,Cloud9,inf,12 - 14,-2,1.04,Copacabana,,,,,22.7,16.1,,,51.0,25.0,27.737831,19.941832,1970-01-01T00:00:00+00:00,1970-01-01T00:00:00+00:00,41121.01,39753.508,0.8,0.0,0.8,4.0,18.39878,43.56,91.06306,19.5,3.6233077,23.786283,16.041666,58.0,0.0,16.95,19.4,18.202082,3.6233077,79.91954,92.41921,65.76233,0.0,1019.675,1021.6,1018.2,1018.96686,1020.89484,1017.49786,25.409998,9.202185,15.119999,4.0249224,19.30841,20.924896,17.28653,1.0842416,18.2,21.908335,6.0
IEM Rio 2023,Rio de Janeiro,2023-04-22,Vitality,Cloud9,ovp,31 - 11,20,1.96,Copacabana,,,,,22.7,16.1,,,51.0,25.0,27.737831,19.941832,1970-01-01T00:00:00+00:00,1970-01-01T00:00:00+00:00,41121.01,39753.508,0.8,0.0,0.8,4.0,18.39878,43.56,91.06306,19.5,3.6233077,23.786283,16.041666,58.0,0.0,16.95,19.4,18.202082,3.6233077,79.91954,92.41921,65.76233,0.0,1019.675,1021.6,1018.2,1018.96686,1020.89484,1017.49786,25.409998,9.202185,15.119999,4.0249224,19.30841,20.924896,17.28653,1.0842416,18.2,21.908335,6.0
IEM Rio 2023,Rio de Janeiro,2023-04-22,Vitality,Cloud9,vtg,24 - 21,3,1.11,Copacabana,,,,,22.7,16.1,,,51.0,25.0,27.737831,19.941832,1970-01-01T00:00:00+00:00,1970-01-01T00:00:00+00:00,41121.01,39753.508,0.8,0.0,0.8,4.0,18.39878,43.56,91.06306,19.5,3.6233077,23.786283,16.041666,58.0,0.0,16.95,19.4,18.202082,3.6233077,79.91954,92.41921,65.76233,0.0,1019.675,1021.6,1018.2,1018.96686,1020.89484,1017.49786,25.409998,9.202185,15.119999,4.0249224,19.30841,20.924896,17.28653,1.0842416,18.2,21.908335,6.0
IEM Rio 2023,Rio de Janeiro,2023-04-23,Vitality,HEROIC,inf,23 - 17,6,1.38,Copacabana,,,,,23.5,15.7,,,51.0,24.7,27.166693,22.445812,1970-01-01T00:00:00+00:00,1970-01-01T00:00:00+00:00,41049.875,39497.945,0.3,0.0,0.3,3.0,18.171976,43.92,99.09021,16.48,3.2774742,24.41349,29.791666,99.0,0.0,17.9,19.4,18.639584,3.2774742,78.96583,94.2574,68.14315,0.0,1019.9543,1021.5,1018.6,1019.2475,1020.79517,1017.8905,28.529999,9.84241,15.119999,3.8939953,19.813145,20.651537,19.048773,0.9675851,19.75,22.554163,6.0
IEM Rio 2023,Rio de Janeiro,2023-04-23,Vitality,HEROIC,vtg,15 - 14,1,1.13,Copacabana,,,,,23.5,15.7,,,51.0,24.7,27.166693,22.445812,1970-01-01T00:00:00+00:00,1970-01-01T00:00:00+00:00,41049.875,39497.945,0.3,0.0,0.3,3.0,18.171976,43.92,99.09021,16.48,3.2774742,24.41349,29.791666,99.0,0.0,17.9,19.4,18.639584,3.2774742,78.96583,94.2574,68.14315,0.0,1019.9543,1021.5,1018.6,1019.2475,1020.79517,1017.8905,28.529999,9.84241,15.119999,3.8939953,19.813145,20.651537,19.048773,0.9675851,19.75,22.554163,6.0
IEM Rio 2024,Rio de Janeiro,2024-10-07,Vitality,9z,mrg,12 - 8,4,1.8,Centro Kunak ,0.317,,,,32.0,20.8,,,3.0,24.35,27.281538,18.50061,1970-01-01T00:00:00+00:00,1970-01-01T00:00:00+00:00,44819.27,43008.113,0.0,0.0,0.0,0.0,16.204998,37.079998,104.00581,25.89,4.797109,21.359877,21.458334,100.0,0.0,14.2,16.85,15.047916,4.797109,71.60454,86.08151,55.54182,0.0,1016.3833,1018.4,1013.8,1015.6741,1017.6875,1013.097,24.135004,9.075731,9.36,2.2768397,16.891462,18.45684,15.549122,1.3527822,17.3,20.514584,6.0
IEM Rio 2024,Rio de Janeiro,2024-10-08,Vitality,The MongolZ,inf,41 - 18,23,1.9,Centro Kunak ,0.19,,,,36.2,32.1,,,3.0,25.0,27.414429,19.500292,1970-01-01T00:00:00+00:00,1970-01-01T00:00:00+00:00,44898.707,40620.57,0.0,0.0,0.0,0.0,19.878391,42.839996,113.00495,24.17,4.495941,22.7662,61.083332,100.0,1.0,15.0,19.7,16.93125,4.495941,76.18946,86.80719,60.164917,0.0,1013.39996,1016.6,1009.7,1012.69507,1015.88934,1009.0056,25.935,10.291864,10.440001,2.34,18.345503,20.516802,16.273216,1.2504324,18.25,21.418753,6.0
IEM Rio 2024,Rio de Janeiro,2024-10-08,Vitality,The MongolZ,nuke,28 - 11,17,2.22,Centro Kunak ,0.19,,,,36.2,32.1,,,3.0,25.0,27.414429,19.500292,1970-01-01T00:00:00+00:00,1970-01-01T00:00:00+00:00,44898.707,40620.57,0.0,0.0,0.0,0.0,19.878391,42.839996,113.00495,24.17,4.495941,22.7662,61.083332,100.0,1.0,15.0,19.7,16.93125,4.495941,76.18946,86.80719,60.164917,0.0,1013.39996,1016.6,1009.7,1012.69507,1015.88934,1009.0056,25.935,10.291864,10.440001,2.34,18.345503,20.516802,16.273216,1.2504324,18.25,21.418753,6.0
IEM Rio 2024,Rio de Janeiro,2024-10-09,Vitality,HEROIC,anb,11 - 12,-1,1.01,Centro Kunak ,,,,,38.6,43.6,,,53.0,24.4,27.69348,22.281366,1970-01-01T00:00:00+00:00,1970-01-01T00:00:00+00:00,44978.027,42398.43,2.5,0.0,2.5,9.0,17.046865,39.96,184.83464,21.29,3.5803142,24.569391,53.958332,100.0,0.0,18.8,20.6,19.866667,3.5803142,88.77453,96.64287,77.68125,0.0,1015.05414,1018.2,1012.4,1014.3491,1017.49115,1011.6911,22.364996,8.896752,6.8399997,2.1674871,20.41464,21.669775,18.968044,0.6797924,19.45,21.856249,6.0
IEM Rio 2024,Rio de Janeiro,2024-10-09,Vitality,HEROIC,mrg,17 - 15,2,1.14,Centro Kunak ,,,,,38.6,43.6,,,53.0,24.4,27.69348,22.281366,1970-01-01T00:00:00+00:00,1970-01-01T00:00:00+00:00,44978.027,42398.43,2.5,0.0,2.5,9.0,17.046865,39.96,184.83464,21.29,3.5803142,24.569391,53.958332,100.0,0.0,18.8,20.6,19.866667,3.5803142,88.77453,96.64287,77.68125,0.0,1015.05414,1018.2,1012.4,1014.3491,1017.49115,1011.6911,22.364996,8.896752,6.8399997,2.1674871,20.41464,21.669775,18.968044,0.6797924,19.45,21.856249,6.0
IEM Rio 2024,Rio de Janeiro,2024-10-11,Vitality,MOUZ,inf,15 - 15,0,1.08,Centro Kunak ,,,,,29.2,22.5,,,53.0,30.15,34.514885,22.404404,1970-01-01T00:00:00+00:00,1970-01-01T00:00:00+00:00,45136.086,36859.81,0.6,0.0,0.6,2.0,16.443174,38.88,50.177456,21.39,4.524128,27.489992,88.958336,100.0,35.0,18.85,23.7,20.05625,4.524128,77.56491,91.11865,55.456017,0.0,1013.196,1017.4,1008.3,1012.49835,1016.69196,1007.617,23.265,8.431927,7.5599995,0.54,21.364044,24.85559,19.374258,1.9049938,20.55,24.48958,6.0
IEM Rio 2024,Rio de Janeiro,2024-10-11,Vitality,MOUZ,mrg,19 - 10,9,1.48,Centro Kunak ,,,,,29.2,22.5,,,53.0,30.15,34.514885,22.404404,1970-01-01T00:00:00+00:00,1970-01-01T00:00:00+00:00,45136.086,36859.81,0.6,0.0,0.6,2.0,16.443174,38.88,50.177456,21.39,4.524128,27.489992,88.958336,100.0,35.0,18.85,23.7,20.05625,4.524128,77.56491,91.11865,55.456017,0.0,1013.196,1017.4,1008.3,1012.49835,1016.69196,1007.617,23.265,8.431927,7.5599995,0.54,21.364044,24.85559,19.374258,1.9049938,20.55,24.48958,6.0
IEM Rio 2024,Rio de Janeiro,2024-10-11,Vitality,MOUZ,nuke,23 - 14,9,1.18,Centro Kunak ,,,,,29.2,22.5,,,53.0,30.15,34.514885,22.404404,1970-01-01T00:00:00+00:00,1970-01-01T00:00:00+00:00,45136.086,36859.81,0.6,0.0,0.6,2.0,16.443174,38.88,50.177456,21.39,4.524128,27.489992,88.958336,100.0,35.0,18.85,23.7,20.05625,4.524128,77.56491,91.11865,55.456017,0.0,1013.196,1017.4,1008.3,1012.49835,1016.69196,1007.617,23.265,8.431927,7.5599995,0.54,21.364044,24.85559,19.374258,1.9049938,20.55,24.48958,6.0
IEM Rio 2026,Rio de Janeiro,2026-04-13,Vitality,RED Canids,nuke,24 - 10,14,2.34,Centro,0.186,,,,25.9,18.9,4.5,,51.0,27.65,30.644657,23.723127,1970-01-01T00:00:00+00:00,1970-01-01T00:00:00+00:00,41764.496,40227.727,0.1,0.0,0.1,1.0,17.430283,44.28,88.760056,20.85,4.273345,26.025993,28.583334,100.0,0.0,17.3,19.8,18.910418,4.273345,74.90291,91.7156,53.813484,0.0,1017.85406,1020.0,1016.4,1017.15186,1019.29596,1015.7045,27.990004,9.825159,13.679999,3.7842832,20.447187,21.384495,19.69682,1.7098955,20.95,23.856249,6.0
IEM Rio 2026,Rio de Janeiro,2026-04-13,Vitality,RED Canids,ovp,21 - 8,13,1.86,Centro,0.186,,,,25.9,18.9,4.5,,51.0,27.65,30.644657,23.723127,1970-01-01T00:00:00+00:00,1970-01-01T00:00:00+00:00,41764.496,40227.727,0.1,0.0,0.1,1.0,17.430283,44.28,88.760056,20.85,4.273345,26.025993,28.583334,100.0,0.0,17.3,19.8,18.910418,4.273345,74.90291,91.7156,53.813484,0.0,1017.85406,1020.0,1016.4,1017.15186,1019.29596,1015.7045,27.990004,9.825159,13.679999,3.7842832,20.447187,21.384495,19.69682,1.7098955,20.95,23.856249,6.0
IEM Rio 2026,Rio de Janeiro,2026-04-14,Vitality,G2,d2,13 - 14,-1,1.01,Centro,0.293,,,,27.3,27.6,5.44,,3.0,26.65,28.530907,22.890688,1970-01-01T00:00:00+00:00,1970-01-01T00:00:00+00:00,41690.17,41231.445,0.0,0.0,0.0,0.0,12.108261,34.56,135.35257,21.23,4.0696087,25.575012,25.791666,100.0,0.0,14.65,20.45,17.933332,4.0696087,73.23088,87.93754,47.72814,0.0,1016.07916,1017.7,1014.2,1015.3768,1017.00037,1013.5041,19.8,6.268122,10.08,1.8089776,19.676113,21.0134,18.573517,1.825486,20.55,23.297915,6.0
IEM Rio 2026,Rio de Janeiro,2026-04-14,Vitality,G2,inf,29 - 15,14,1.65,Centro,0.293,,,,27.3,27.6,5.44,,3.0,26.65,28.530907,22.890688,1970-01-01T00:00:00+00:00,1970-01-01T00:00:00+00:00,41690.17,41231.445,0.0,0.0,0.0,0.0,12.108261,34.56,135.35257,21.23,4.0696087,25.575012,25.791666,100.0,0.0,14.65,20.45,17.933332,4.0696087,73.23088,87.93754,47.72814,0.0,1016.07916,1017.7,1014.2,1015.3768,1017.00037,1013.5041,19.8,6.268122,10.08,1.8089776,19.676113,21.0134,18.573517,1.825486,20.55,23.297915,6.0
IEM Rio 2026,Rio de Janeiro,2026-04-14,Vitality,G2,mrg,10 - 13,-3,1.0,Centro,0.293,,,,27.3,27.6,5.44,,3.0,26.65,28.530907,22.890688,1970-01-01T00:00:00+00:00,1970-01-01T00:00:00+00:00,41690.17,41231.445,0.0,0.0,0.0,0.0,12.108261,34.56,135.35257,21.23,4.0696087,25.575012,25.791666,100.0,0.0,14.65,20.45,17.933332,4.0696087,73.23088,87.93754,47.72814,0.0,1016.07916,1017.7,1014.2,1015.3768,1017.00037,1013.5041,19.8,6.268122,10.08,1.8089776,19.676113,21.0134,18.573517,1.825486,20.55,23.297915,6.0
IEM Rio 2026,Rio de Janeiro,2026-04-15,Vitality,Falcons,d2,15 - 11,4,0.98,Centro,0.366,,,,17.8,30.5,8.56,,51.0,25.75,28.889542,23.570835,1970-01-01T00:00:00+00:00,1970-01-01T00:00:00+00:00,41615.953,41156.79,0.70000005,0.0,0.70000005,5.0,10.310403,30.960001,203.07971,19.04,3.4966893,25.942778,16.083334,37.0,0.0,18.35,21.0,19.510418,3.4966893,82.235916,93.707344,65.271866,0.0,1016.175,1018.3,1014.8,1015.47174,1017.6003,1014.0919,15.780001,4.9643183,5.3999996,1.8532133,20.503485,21.313818,19.566933,1.1396189,20.45,22.856249,6.0
IEM Rio 2026,Rio de Janeiro,2026-04-15,Vitality,Falcons,mrg,19 - 16,3,1.08,Centro,0.366,,,,17.8,30.5,8.56,,51.0,25.75,28.889542,23.570835,1970-01-01T00:00:00+00:00,1970-01-01T00:00:00+00:00,41615.953,41156.79,0.70000005,0.0,0.70000005,5.0,10.310403,30.960001,203.07971,19.04,3.4966893,25.942778,16.083334,37.0,0.0,18.35,21.0,19.510418,3.4966893,82.235916,93.707344,65.271866,0.0,1016.175,1018.3,1014.8,1015.47174,1017.6003,1014.0919,15.780001,4.9643183,5.3999996,1.8532133,20.503485,21.313818,19.566933,1.1396189,20.45,22.856249,6.0
IEM Rio 2026,Rio de Janeiro,2026-04-15,Vitality,Falcons,nuke,19 - 19,0,0.85,Centro,0.366,,,,17.8,30.5,8.56,,51.0,25.75,28.889542,23.570835,1970-01-01T00:00:00+00:00,1970-01-01T00:00:00+00:00,41615.953,41156.79,0.70000005,0.0,0.70000005,5.0,10.310403,30.960001,203.07971,19.04,3.4966893,25.942778,16.083334,37.0,0.0,18.35,21.0,19.510418,3.4966893,82.235916,93.707344,65.271866,0.0,1016.175,1018.3,1014.8,1015.47174,1017.6003,1014.0919,15.780001,4.9643183,5.3999996,1.8532133,20.503485,21.313818,19.566933,1.1396189,20.45,22.856249,6.0
IEM Rio 2026,Rio de Janeiro,2026-04-17,Vitality,Natus Vincere,d2,14 - 8,6,1.44,Centro,0.248,,,,22.7,22.0,4.37,,3.0,29.6,33.605904,24.483381,1970-01-01T00:00:00+00:00,1970-01-01T00:00:00+00:00,41468.062,41008.01,0.0,0.0,0.0,0.0,13.874019,37.44,88.83247,20.65,4.1593447,27.75146,24.875,100.0,0.0,17.9,21.3,20.254168,4.1593447,78.60128,93.455086,49.722855,0.0,1010.74567,1013.4,1008.1,1010.0501,1012.698,1007.4146,21.555002,7.343558,11.5199995,2.7475805,21.553238,23.070538,20.538418,2.0718393,21.35,24.545835,6.0
IEM Rio 2026,Rio de Janeiro,2026-04-17,Vitality,Natus Vincere,mrg,30 - 7,23,2.53,Centro,0.248,,,,22.7,22.0,4.37,,3.0,29.6,33.605904,24.483381,1970-01-01T00:00:00+00:00,1970-01-01T00:00:00+00:00,41468.062,41008.01,0.0,0.0,0.0,0.0,13.874019,37.44,88.83247,20.65,4.1593447,27.75146,24.875,100.0,0.0,17.9,21.3,20.254168,4.1593447,78.60128,93.455086,49.722855,0.0,1010.74567,1013.4,1008.1,1010.0501,1012.698,1007.4146,21.555002,7.343558,11.5199995,2.7475805,21.553238,23.070538,20.538418,2.0718393,21.35,24.545835,6.0
IEM Rio 2026,Rio de Janeiro,2026-04-18,Vitality,FURIA,anc,27 - 14,13,1.57,Centro,0.42,,,,39.2,42.2,9.81,,3.0,29.8,34.422684,24.43103,1970-01-01T00:00:00+00:00,1970-01-01T00:00:00+00:00,41394.49,40509.28,0.0,0.0,0.0,0.0,11.634741,28.8,72.98192,19.29,3.8897936,28.27276,31.708334,100.0,0.0,19.8,21.05,20.372915,3.8897936,77.464165,95.198135,55.02842,0.0,1008.3501,1010.2,1006.6,1007.6567,1009.50024,1005.9174,17.115002,5.8797107,9.36,2.907989,21.711538,23.554264,20.644672,1.8851445,21.25,24.864584,6.0
IEM Rio 2026,Rio de Janeiro,2026-04-18,Vitality,FURIA,ovp,22 - 13,9,1.66,Centro,0.42,,,,39.2,42.2,9.81,,3.0,29.8,34.422684,24.43103,1970-01-01T00:00:00+00:00,1970-01-01T00:00:00+00:00,41394.49,40509.28,0.0,0.0,0.0,0.0,11.634741,28.8,72.98192,19.29,3.8897936,28.27276,31.708334,100.0,0.0,19.8,21.05,20.372915,3.8897936,77.464165,95.198135,55.02842,0.0,1008.3501,1010.2,1006.6,1007.6567,1009.50024,1005.9174,17.115002,5.8797107,9.36,2.907989,21.711538,23.554264,20.644672,1.8851445,21.25,24.864584,6.0
IEM Rio 2026,Rio de Janeiro,2026-04-19,Vitality,Spirit,d2,18 - 8,10,1.62,Centro,0.411,,,,38.4,36.5,8.41,,51.0,26.7,29.512928,25.054962,1970-01-01T00:00:00+00:00,1970-01-01T00:00:00+00:00,41321.24,40514.062,0.3,0.0,0.3,3.0,19.222954,47.88,240.58261,19.52,3.5553658,27.095854,15.958333,57.0,0.0,19.85,21.95,20.800001,3.5553658,82.62624,91.24941,70.75881,0.0,1011.56683,1014.6,1008.3,1010.8693,1013.89716,1007.6037,26.534998,9.488563,5.04,1.9469976,21.696007,23.085318,20.706102,1.0236914,22.35,24.002085,6.0
IEM Rio 2026,Rio de Janeiro,2026-04-19,Vitality,Spirit,mrg,21 - 19,2,1.16,Centro,0.411,,,,38.4,36.5,8.41,,51.0,26.7,29.512928,25.054962,1970-01-01T00:00:00+00:00,1970-01-01T00:00:00+00:00,41321.24,40514.062,0.3,0.0,0.3,3.0,19.222954,47.88,240.58261,19.52,3.5553658,27.095854,15.958333,57.0,0.0,19.85,21.95,20.800001,3.5553658,82.62624,91.24941,70.75881,0.0,1011.56683,1014.6,1008.3,1010.8693,1013.89716,1007.6037,26.534998,9.488563,5.04,1.9469976,21.696007,23.085318,20.706102,1.0236914,22.35,24.002085,6.0
IEM Rio 2026,Rio de Janeiro,2026-04-19,Vitality,Spirit,nuke,20 - 12,8,1.51,Centro,0.411,,,,38.4,36.5,8.41,,51.0,26.7,29.512928,25.054962,1970-01-01T00:00:00+00:00,1970-01-01T00:00:00+00:00,41321.24,40514.062,0.3,0.0,0.3,3.0,19.222954,47.88,240.58261,19.52,3.5553658,27.095854,15.958333,57.0,0.0,19.85,21.95,20.800001,3.5553658,82.62624,91.24941,70.75881,0.0,1011.56683,1014.6,1008.3,1010.8693,1013.89716,1007.6037,26.534998,9.488563,5.04,1.9469976,21.696007,23.085318,20.706102,1.0236914,22.35,24.002085,6.0
IEM Road to Rio 2022 Europe RMR B,Valletta,2022-10-04,Vitality,FANTASY,d2,26 - 9,17,1.91,MT00005,289.0,,29.3,,52.5,13.5,6.44,0.517,51.0,24.45,24.636108,22.013945,1970-01-01T00:00:00+00:00,1970-01-01T00:00:00+00:00,42142.215,39998.74,0.4,0.0,0.4,3.0,23.675303,37.8,87.2952,17.53,3.877763,23.35187,22.083334,93.0,0.0,16.65,20.0,17.835417,3.877763,73.43054,88.43642,63.00478,0.0,1018.84985,1022.8,1015.7,1013.1089,1017.00684,1009.96356,26.205002,17.278923,16.56,9.793058,19.441347,20.541359,18.456703,1.1338711,21.4,22.931252,49.0
IEM Road to Rio 2022 Europe RMR B,Valletta,2022-10-05,Vitality,BIG,d2,23 - 19,4,1.29,MT00005,313.0,,34.4,,59.1,15.7,7.44,0.609,51.0,24.0,24.480488,21.203932,1970-01-01T00:00:00+00:00,1970-01-01T00:00:00+00:00,42007.574,39421.93,0.1,0.0,0.1,1.0,20.721119,33.839996,73.814735,17.1,3.7958221,22.572416,26.458334,98.0,0.0,14.2,17.65,16.18125,3.7958221,68.7458,78.46096,56.27132,0.0,1024.2793,1026.4,1022.3,1018.4952,1020.57074,1016.5106,21.104998,13.473945,9.72,7.5685663,18.220732,19.028301,17.375711,1.2686851,20.6,22.297915,49.0
IEM Road to Rio 2022 Europe RMR B,Valletta,2022-10-06,Vitality,Monte,d2,25 - 7,18,1.94,MT00005,325.0,,37.0,,54.3,18.8,8.67,0.725,3.0,23.55,24.054169,19.643808,1970-01-01T00:00:00+00:00,1970-01-01T00:00:00+00:00,41873.51,39415.99,0.0,0.0,0.0,0.0,17.884428,28.44,49.177773,16.53,3.7228734,21.680391,13.208333,83.0,0.0,14.75,15.7,15.266665,3.7228734,67.32352,75.45419,60.007698,0.0,1025.4291,1026.4,1024.6,1019.626,1020.6246,1018.82025,19.634998,12.417454,12.599999,9.178235,17.433159,18.35251,16.347214,1.14758,19.35,21.650002,49.0
IEM Road to Rio 2022 Europe RMR B,Valletta,2022-10-08,Vitality,MOUZ,inf,23 - 17,6,1.11,MT00005,,,,,,30.1,14.4,,51.0,24.1,25.366499,20.716053,1970-01-01T00:00:00+00:00,1970-01-01T00:00:00+00:00,41607.48,39204.832,0.1,0.0,0.1,1.0,11.609651,22.68,198.69705,16.5,3.3446703,23.214584,30.875,100.0,0.0,15.1,17.4,15.770832,3.3446703,67.46194,80.900345,57.35888,0.0,1021.0083,1022.0,1020.0,1015.24,1016.24835,1014.2577,12.4800005,6.8714657,5.7599998,1.835647,17.919683,18.622953,17.12778,1.2799901,20.25,22.154167,49.0
IEM Road to Rio 2022 Europe RMR B,Valletta,2022-10-08,Vitality,MOUZ,mrg,23 - 11,12,1.76,MT00005,,,,,,30.1,14.4,,51.0,24.1,25.366499,20.716053,1970-01-01T00:00:00+00:00,1970-01-01T00:00:00+00:00,41607.48,39204.832,0.1,0.0,0.1,1.0,11.609651,22.68,198.69705,16.5,3.3446703,23.214584,30.875,100.0,0.0,15.1,17.4,15.770832,3.3446703,67.46194,80.900345,57.35888,0.0,1021.0083,1022.0,1020.0,1015.24,1016.24835,1014.2577,12.4800005,6.8714657,5.7599998,1.835647,17.919683,18.622953,17.12778,1.2799901,20.25,22.154167,49.0
IEM Road to Rio 2022 Europe RMR B,Valletta,2022-10-08,Vitality,MOUZ,vtg,25 - 15,10,1.57,MT00005,,,,,,30.1,14.4,,51.0,24.1,25.366499,20.716053,1970-01-01T00:00:00+00:00,1970-01-01T00:00:00+00:00,41607.48,39204.832,0.1,0.0,0.1,1.0,11.609651,22.68,198.69705,16.5,3.3446703,23.214584,30.875,100.0,0.0,15.1,17.4,15.770832,3.3446703,67.46194,80.900345,57.35888,0.0,1021.0083,1022.0,1020.0,1015.24,1016.24835,1014.2577,12.4800005,6.8714657,5.7599998,1.835647,17.919683,18.622953,17.12778,1.2799901,20.25,22.154167,49.0
IEM Road to Rio 2022 Europe RMR B,Valletta,2022-10-09,Vitality,HEROIC,inf,34 - 26,8,1.38,MT00005,,,,,,16.3,8.93,,3.0,24.75,25.934175,19.813896,1970-01-01T00:00:00+00:00,1970-01-01T00:00:00+00:00,41475.7,39154.46,0.0,0.0,0.0,0.0,15.5843,28.08,195.68112,17.04,3.647813,23.317034,32.416668,100.0,0.0,15.35,18.3,16.395834,3.647813,68.99674,81.187256,58.232063,0.0,1019.8208,1020.9,1018.6,1014.0652,1015.1621,1012.8792,16.485,10.080247,7.5599995,5.3999996,18.397223,19.641468,16.755445,1.2956283,19.05,22.464582,49.0
IEM Road to Rio 2022 Europe RMR B,Valletta,2022-10-09,Vitality,HEROIC,mrg,10 - 16,-6,0.74,MT00005,,,,,,16.3,8.93,,3.0,24.75,25.934175,19.813896,1970-01-01T00:00:00+00:00,1970-01-01T00:00:00+00:00,41475.7,39154.46,0.0,0.0,0.0,0.0,15.5843,28.08,195.68112,17.04,3.647813,23.317034,32.416668,100.0,0.0,15.35,18.3,16.395834,3.647813,68.99674,81.187256,58.232063,0.0,1019.8208,1020.9,1018.6,1014.0652,1015.1621,1012.8792,16.485,10.080247,7.5599995,5.3999996,18.397223,19.641468,16.755445,1.2956283,19.05,22.464582,49.0
IEM Road to Rio 2022 Europe RMR B,Valletta,2022-10-09,Vitality,HEROIC,ovp,13 - 18,-5,0.76,MT00005,,,,,,16.3,8.93,,3.0,24.75,25.934175,19.813896,1970-01-01T00:00:00+00:00,1970-01-01T00:00:00+00:00,41475.7,39154.46,0.0,0.0,0.0,0.0,15.5843,28.08,195.68112,17.04,3.647813,23.317034,32.416668,100.0,0.0,15.35,18.3,16.395834,3.647813,68.99674,81.187256,58.232063,0.0,1019.8208,1020.9,1018.6,1014.0652,1015.1621,1012.8792,16.485,10.080247,7.5599995,5.3999996,18.397223,19.641468,16.755445,1.2956283,19.05,22.464582,49.0
IEM Winter 2021,Stockholm,2021-12-02,Vitality,MOUZ,ovp,24 - 26,-2,0.97,Hornsgatan,,,0.0,,,15.3,10.8,,75.0,-1.35,-6.24218,-10.19446,1970-01-01T00:00:00+00:00,1970-01-01T00:00:00+00:00,23674.516,0.0,0.0,2.9399996,4.2,13.0,16.055355,32.760002,11.684573,0.89,0.24061742,-7.937689,100.0,100.0,100.0,-7.2,-3.8,-5.1958337,0.24061742,86.09607,94.50925,76.60292,4.2,991.66254,996.3,988.6,988.7812,993.37964,985.7402,27.464998,13.423122,21.599998,10.948973,-4.332483,-2.9491768,-6.4066696,0.120253384,-5.55,-3.1791668,23.0
IEM Winter 2021,Stockholm,2021-12-02,Vitality,Ninjas in Pyjamas,inf,29 - 11,18,2.13,Hornsgatan,,,0.0,,,15.3,10.8,,75.0,-1.35,-6.24218,-10.19446,1970-01-01T00:00:00+00:00,1970-01-01T00:00:00+00:00,23674.516,0.0,0.0,2.9399996,4.2,13.0,16.055355,32.760002,11.684573,0.89,0.24061742,-7.937689,100.0,100.0,100.0,-7.2,-3.8,-5.1958337,0.24061742,86.09607,94.50925,76.60292,4.2,991.66254,996.3,988.6,988.7812,993.37964,985.7402,27.464998,13.423122,21.599998,10.948973,-4.332483,-2.9491768,-6.4066696,0.120253384,-5.55,-3.1791668,23.0
IEM Winter 2021,Stockholm,2021-12-02,Vitality,Ninjas in Pyjamas,mrg,17 - 14,3,1.07,Hornsgatan,,,0.0,,,15.3,10.8,,75.0,-1.35,-6.24218,-10.19446,1970-01-01T00:00:00+00:00,1970-01-01T00:00:00+00:00,23674.516,0.0,0.0,2.9399996,4.2,13.0,16.055355,32.760002,11.684573,0.89,0.24061742,-7.937689,100.0,100.0,100.0,-7.2,-3.8,-5.1958337,0.24061742,86.09607,94.50925,76.60292,4.2,991.66254,996.3,988.6,988.7812,993.37964,985.7402,27.464998,13.423122,21.599998,10.948973,-4.332483,-2.9491768,-6.4066696,0.120253384,-5.55,-3.1791668,23.0
IEM Winter 2021,Stockholm,2021-12-04,Vitality,G2,inf,12 - 20,-8,0.81,Hornsgatan,,,16.3,,,10.2,7.23,,3.0,-2.15,-6.682911,-17.056973,1970-01-01T00:00:00+00:00,1970-01-01T00:00:00+00:00,23326.133,18445.291,0.0,0.0,0.0,0.0,12.7279215,24.48,30.801342,1.18,0.11639287,-10.225486,52.583332,100.0,0.0,-12.3,-4.6,-6.9458337,0.11639287,90.67569,96.45101,79.30866,0.0,1006.5625,1012.8,1002.5,1003.61066,1009.83093,999.5351,20.054998,10.9323635,15.119999,8.78872,-6.4620605,-3.7815788,-12.266457,0.10833591,-11.85,-5.652084,23.0
IEM Winter 2021,Stockholm,2021-12-04,Vitality,G2,mrg,26 - 14,12,1.34,Hornsgatan,,,16.3,,,10.2,7.23,,3.0,-2.15,-6.682911,-17.056973,1970-01-01T00:00:00+00:00,1970-01-01T00:00:00+00:00,23326.133,18445.291,0.0,0.0,0.0,0.0,12.7279215,24.48,30.801342,1.18,0.11639287,-10.225486,52.583332,100.0,0.0,-12.3,-4.6,-6.9458337,0.11639287,90.67569,96.45101,79.30866,0.0,1006.5625,1012.8,1002.5,1003.61066,1009.83093,999.5351,20.054998,10.9323635,15.119999,8.78872,-6.4620605,-3.7815788,-12.266457,0.10833591,-11.85,-5.652084,23.0
IEM Winter 2021,Stockholm,2021-12-04,Vitality,G2,vtg,22 - 20,2,1.02,Hornsgatan,,,16.3,,,10.2,7.23,,3.0,-2.15,-6.682911,-17.056973,1970-01-01T00:00:00+00:00,1970-01-01T00:00:00+00:00,23326.133,18445.291,0.0,0.0,0.0,0.0,12.7279215,24.48,30.801342,1.18,0.11639287,-10.225486,52.583332,100.0,0.0,-12.3,-4.6,-6.9458337,0.11639287,90.67569,96.45101,79.30866,0.0,1006.5625,1012.8,1002.5,1003.61066,1009.83093,999.5351,20.054998,10.9323635,15.119999,8.78872,-6.4620605,-3.7815788,-12.266457,0.10833591,-11.85,-5.652084,23.0
IEM Winter 2021,Stockholm,2021-12-05,Vitality,Gambit,d2,16 - 11,5,1.4,Hornsgatan,,,14.6,,,3.55,2.54,,3.0,-5.35,-10.727412,-15.48329,1970-01-01T00:00:00+00:00,1970-01-01T00:00:00+00:00,23163.148,10800.0,0.0,0.0,0.0,0.0,15.844089,33.12,18.001036,1.08,0.20108049,-12.189262,85.0,100.0,16.0,-13.05,-7.25,-9.393749,0.20108049,84.06679,90.17468,80.31823,0.0,1019.7209,1023.8,1013.8,1016.71387,1020.75586,1010.82446,26.175,12.570892,20.519999,9.346143,-8.320432,-6.6411347,-11.787282,0.07954779,-10.65,-7.15625,23.0
IEM Winter 2021,Stockholm,2021-12-05,Vitality,Gambit,mrg,36 - 19,17,1.61,Hornsgatan,,,14.6,,,3.55,2.54,,3.0,-5.35,-10.727412,-15.48329,1970-01-01T00:00:00+00:00,1970-01-01T00:00:00+00:00,23163.148,10800.0,0.0,0.0,0.0,0.0,15.844089,33.12,18.001036,1.08,0.20108049,-12.189262,85.0,100.0,16.0,-13.05,-7.25,-9.393749,0.20108049,84.06679,90.17468,80.31823,0.0,1019.7209,1023.8,1013.8,1016.71387,1020.75586,1010.82446,26.175,12.570892,20.519999,9.346143,-8.320432,-6.6411347,-11.787282,0.07954779,-10.65,-7.15625,23.0
IEM Winter 2021,Stockholm,2021-12-05,Vitality,Gambit,vtg,21 - 22,-1,1.17,Hornsgatan,,,14.6,,,3.55,2.54,,3.0,-5.35,-10.727412,-15.48329,1970-01-01T00:00:00+00:00,1970-01-01T00:00:00+00:00,23163.148,10800.0,0.0,0.0,0.0,0.0,15.844089,33.12,18.001036,1.08,0.20108049,-12.189262,85.0,100.0,16.0,-13.05,-7.25,-9.393749,0.20108049,84.06679,90.17468,80.31823,0.0,1019.7209,1023.8,1013.8,1016.71387,1020.75586,1010.82446,26.175,12.570892,20.519999,9.346143,-8.320432,-6.6411347,-11.787282,0.07954779,-10.65,-7.15625,23.0
IEM Winter 2021,Stockholm,2021-12-11,Vitality,Virtus.pro,mrg,21 - 19,2,1.02,Hornsgatan,,,19.4,,,7.58,5.36,,71.0,1.3,-1.3372655,-4.810935,1970-01-01T00:00:00+00:00,1970-01-01T00:00:00+00:00,22367.965,0.0,3.2,0.14,3.3999999,10.0,10.105681,19.44,127.25971,0.55,0.05986241,-2.6251156,99.916664,100.0,98.0,-1.75,1.2,0.28958327,0.05986241,99.62371,100.0,98.541084,0.2,1012.00836,1017.0,1008.4,1009.1057,1014.07104,1005.51483,11.445,6.10088,6.4799995,1.609969,0.18146889,1.116704,-1.8296297,0.008014679,-1.6,0.34166658,23.0
IEM Winter 2021,Stockholm,2021-12-11,Vitality,Virtus.pro,vtg,24 - 14,10,1.38,Hornsgatan,,,19.4,,,7.58,5.36,,71.0,1.3,-1.3372655,-4.810935,1970-01-01T00:00:00+00:00,1970-01-01T00:00:00+00:00,22367.965,0.0,3.2,0.14,3.3999999,10.0,10.105681,19.44,127.25971,0.55,0.05986241,-2.6251156,99.916664,100.0,98.0,-1.75,1.2,0.28958327,0.05986241,99.62371,100.0,98.541084,0.2,1012.00836,1017.0,1008.4,1009.1057,1014.07104,1005.51483,11.445,6.10088,6.4799995,1.609969,0.18146889,1.116704,-1.8296297,0.008014679,-1.6,0.34166658,23.0
IEM Winter 2021,Stockholm,2021-12-12,Vitality,Ninjas in Pyjamas,d2,21 - 12,9,1.27,Hornsgatan,,,39.5,,,21.8,15.4,,3.0,0.8,-1.6478469,-5.09223,1970-01-01T00:00:00+00:00,1970-01-01T00:00:00+00:00,22269.752,758.5824,0.0,0.0,0.0,0.0,7.208994,12.959999,148.0999,0.8,0.042728156,-3.8315172,95.5,100.0,40.0,-2.3,0.7,-1.0291667,0.042728156,98.93992,100.0,97.11405,0.0,1018.7876,1020.5,1017.7,1015.8523,1017.5594,1014.75385,8.580002,4.6122465,4.68,1.8,-1.105854,0.61365366,-2.404565,0.016885996,-2.2,-0.8833334,23.0
IEM Winter 2021,Stockholm,2021-12-12,Vitality,Ninjas in Pyjamas,inf,29 - 15,14,1.74,Hornsgatan,,,39.5,,,21.8,15.4,,3.0,0.8,-1.6478469,-5.09223,1970-01-01T00:00:00+00:00,1970-01-01T00:00:00+00:00,22269.752,758.5824,0.0,0.0,0.0,0.0,7.208994,12.959999,148.0999,0.8,0.042728156,-3.8315172,95.5,100.0,40.0,-2.3,0.7,-1.0291667,0.042728156,98.93992,100.0,97.11405,0.0,1018.7876,1020.5,1017.7,1015.8523,1017.5594,1014.75385,8.580002,4.6122465,4.68,1.8,-1.105854,0.61365366,-2.404565,0.016885996,-2.2,-0.8833334,23.0
IEM Winter 2021,Stockholm,2021-12-12,Vitality,Ninjas in Pyjamas,nuke,20 - 15,5,1.26,Hornsgatan,,,39.5,,,21.8,15.4,,3.0,0.8,-1.6478469,-5.09223,1970-01-01T00:00:00+00:00,1970-01-01T00:00:00+00:00,22269.752,758.5824,0.0,0.0,0.0,0.0,7.208994,12.959999,148.0999,0.8,0.042728156,-3.8315172,95.5,100.0,40.0,-2.3,0.7,-1.0291667,0.042728156,98.93992,100.0,97.11405,0.0,1018.7876,1020.5,1017.7,1015.8523,1017.5594,1014.75385,8.580002,4.6122465,4.68,1.8,-1.105854,0.61365366,-2.404565,0.016885996,-2.2,-0.8833334,23.0
La Coupe 3 Paris 2022,Paris,2022-11-20,Prodigy,GenOne,anc,21 - 16,5,1.28,PARIS 18eme,,,20.5,,45.0,11.6,7.45,,55.0,9.85,5.847927,0.5564842,1970-01-01T00:00:00+00:00,1970-01-01T00:00:00+00:00,32282.05,7164.63,1.8000001,0.0,1.8000001,4.0,24.569836,44.639996,237.63145,1.32,0.5915255,3.0123198,66.125,100.0,9.0,2.5,7.4,4.527083,0.5915255,85.002655,91.14667,78.10387,0.0,1012.7625,1015.3,1010.5,1007.46625,1009.9778,1005.2616,32.535004,17.644156,21.96,12.413477,5.3914495,8.106728,3.3428898,0.21686566,4.5,6.885416,43.0
La Coupe 3 Paris 2022,Paris,2022-11-20,Prodigy,GenOne,inf,22 - 16,6,1.21,PARIS 18eme,,,20.5,,45.0,11.6,7.45,,55.0,9.85,5.847927,0.5564842,1970-01-01T00:00:00+00:00,1970-01-01T00:00:00+00:00,32282.05,7164.63,1.8000001,0.0,1.8000001,4.0,24.569836,44.639996,237.63145,1.32,0.5915255,3.0123198,66.125,100.0,9.0,2.5,7.4,4.527083,0.5915255,85.002655,91.14667,78.10387,0.0,1012.7625,1015.3,1010.5,1007.46625,1009.9778,1005.2616,32.535004,17.644156,21.96,12.413477,5.3914495,8.106728,3.3428898,0.21686566,4.5,6.885416,43.0
La Coupe 3 Paris 2022,Paris,2022-11-20,Prodigy,LDLC,vtg,21 - 20,1,1.22,PARIS 18eme,,,20.5,,45.0,11.6,7.45,,55.0,9.85,5.847927,0.5564842,1970-01-01T00:00:00+00:00,1970-01-01T00:00:00+00:00,32282.05,7164.63,1.8000001,0.0,1.8000001,4.0,24.569836,44.639996,237.63145,1.32,0.5915255,3.0123198,66.125,100.0,9.0,2.5,7.4,4.527083,0.5915255,85.002655,91.14667,78.10387,0.0,1012.7625,1015.3,1010.5,1007.46625,1009.9778,1005.2616,32.535004,17.644156,21.96,12.413477,5.3914495,8.106728,3.3428898,0.21686566,4.5,6.885416,43.0
La Coupe 3 Paris 2022,Paris,2022-11-20,Prodigy,The Prodigies,anc,21 - 15,6,1.73,PARIS 18eme,,,20.5,,45.0,11.6,7.45,,55.0,9.85,5.847927,0.5564842,1970-01-01T00:00:00+00:00,1970-01-01T00:00:00+00:00,32282.05,7164.63,1.8000001,0.0,1.8000001,4.0,24.569836,44.639996,237.63145,1.32,0.5915255,3.0123198,66.125,100.0,9.0,2.5,7.4,4.527083,0.5915255,85.002655,91.14667,78.10387,0.0,1012.7625,1015.3,1010.5,1007.46625,1009.9778,1005.2616,32.535004,17.644156,21.96,12.413477,5.3914495,8.106728,3.3428898,0.21686566,4.5,6.885416,43.0
PGL CS2 Major Copenhagen 2024,Copenhagen,2024-03-23,Vitality,Complexity,anb,8 - 17,-9,0.6,"""Copenhagen/1259""",,,3.4,,83.8,,,,53.0,7.85,3.3047752,-1.356452,1970-01-01T00:00:00+00:00,1970-01-01T00:00:00+00:00,44843.535,42137.914,1.4,0.0,1.4,4.0,26.574244,44.639996,235.91748,13.23,1.45421,0.4455818,56.625,100.0,0.0,1.0,4.0,2.3312504,1.45421,82.62761,93.4743,67.59181,0.0,1000.8582,1005.3,997.7,999.13965,1003.5657,995.97974,34.725002,20.219402,24.84,14.8257065,3.4590676,5.3399096,2.2091932,0.33102673,3.0,5.127084,14.0
PGL CS2 Major Copenhagen 2024,Copenhagen,2024-03-23,Vitality,Complexity,inf,26 - 22,4,1.14,"""Copenhagen/1259""",,,3.4,,83.8,,,,53.0,7.85,3.3047752,-1.356452,1970-01-01T00:00:00+00:00,1970-01-01T00:00:00+00:00,44843.535,42137.914,1.4,0.0,1.4,4.0,26.574244,44.639996,235.91748,13.23,1.45421,0.4455818,56.625,100.0,0.0,1.0,4.0,2.3312504,1.45421,82.62761,93.4743,67.59181,0.0,1000.8582,1005.3,997.7,999.13965,1003.5657,995.97974,34.725002,20.219402,24.84,14.8257065,3.4590676,5.3399096,2.2091932,0.33102673,3.0,5.127084,14.0
PGL CS2 Major Copenhagen 2024,Copenhagen,2024-03-23,Vitality,Complexity,vtg,16 - 13,3,1.06,"""Copenhagen/1259""",,,3.4,,83.8,,,,53.0,7.85,3.3047752,-1.356452,1970-01-01T00:00:00+00:00,1970-01-01T00:00:00+00:00,44843.535,42137.914,1.4,0.0,1.4,4.0,26.574244,44.639996,235.91748,13.23,1.45421,0.4455818,56.625,100.0,0.0,1.0,4.0,2.3312504,1.45421,82.62761,93.4743,67.59181,0.0,1000.8582,1005.3,997.7,999.13965,1003.5657,995.97974,34.725002,20.219402,24.84,14.8257065,3.4590676,5.3399096,2.2091932,0.33102673,3.0,5.127084,14.0
PGL CS2 Major Copenhagen 2024,Copenhagen,2024-03-28,Vitality,Cloud9,anb,10 - 8,2,1.53,"""Copenhagen/1259""",,,11.0,,56.0,,,,53.0,9.95,6.3429794,1.1557045,1970-01-01T00:00:00+00:00,1970-01-01T00:00:00+00:00,46236.59,6961.2104,1.9000001,0.0,1.9000001,6.0,31.262014,53.28,152.78397,5.69,0.8505157,2.9516785,88.458336,100.0,25.0,3.6,7.95,5.443751,0.8505157,88.93014,93.610855,82.87466,0.0,985.45404,990.4,982.1,983.77435,988.7032,980.4318,35.820004,21.17979,20.519999,11.019764,6.0142264,8.608282,4.4247513,0.16558373,5.5,7.152084,14.0
PGL CS2 Major Copenhagen 2024,Copenhagen,2024-03-28,Vitality,Cloud9,inf,16 - 7,9,1.25,"""Copenhagen/1259""",,,11.0,,56.0,,,,53.0,9.95,6.3429794,1.1557045,1970-01-01T00:00:00+00:00,1970-01-01T00:00:00+00:00,46236.59,6961.2104,1.9000001,0.0,1.9000001,6.0,31.262014,53.28,152.78397,5.69,0.8505157,2.9516785,88.458336,100.0,25.0,3.6,7.95,5.443751,0.8505157,88.93014,93.610855,82.87466,0.0,985.45404,990.4,982.1,983.77435,988.7032,980.4318,35.820004,21.17979,20.519999,11.019764,6.0142264,8.608282,4.4247513,0.16558373,5.5,7.152084,14.0
PGL CS2 Major Copenhagen 2024,Copenhagen,2024-03-30,Vitality,FaZe,inf,16 - 15,1,1.05,"""Copenhagen/1259""",,,9.6,,52.9,,,,51.0,11.8,8.300269,0.59491825,1970-01-01T00:00:00+00:00,1970-01-01T00:00:00+00:00,46788.32,23597.555,0.2,0.0,0.2,2.0,26.987997,43.92,107.71775,9.6,1.1975225,4.111288,97.5,100.0,81.0,3.0,9.45,5.9604163,1.1975225,88.15246,95.853096,80.2479,0.0,1001.6125,1003.0,1000.2,999.9092,1001.29285,998.496,30.945002,18.717731,9.72,5.8603754,6.5911293,10.225663,3.1241708,0.23088467,3.6,7.8250003,14.0
PGL CS2 Major Copenhagen 2024,Copenhagen,2024-03-30,Vitality,FaZe,nuke,8 - 16,-8,0.82,"""Copenhagen/1259""",,,9.6,,52.9,,,,51.0,11.8,8.300269,0.59491825,1970-01-01T00:00:00+00:00,1970-01-01T00:00:00+00:00,46788.32,23597.555,0.2,0.0,0.2,2.0,26.987997,43.92,107.71775,9.6,1.1975225,4.111288,97.5,100.0,81.0,3.0,9.45,5.9604163,1.1975225,88.15246,95.853096,80.2479,0.0,1001.6125,1003.0,1000.2,999.9092,1001.29285,998.496,30.945002,18.717731,9.72,5.8603754,6.5911293,10.225663,3.1241708,0.23088467,3.6,7.8250003,14.0
PGL CS2 Major Copenhagen 2024,Copenhagen,2024-03-30,Vitality,FaZe,vtg,14 - 9,5,1.69,"""Copenhagen/1259""",,,9.6,,52.9,,,,51.0,11.8,8.300269,0.59491825,1970-01-01T00:00:00+00:00,1970-01-01T00:00:00+00:00,46788.32,23597.555,0.2,0.0,0.2,2.0,26.987997,43.92,107.71775,9.6,1.1975225,4.111288,97.5,100.0,81.0,3.0,9.45,5.9604163,1.1975225,88.15246,95.853096,80.2479,0.0,1001.6125,1003.0,1000.2,999.9092,1001.29285,998.496,30.945002,18.717731,9.72,5.8603754,6.5911293,10.225663,3.1241708,0.23088467,3.6,7.8250003,14.0
PGL Cluj-Napoca 2026,Cluj-Napoca,2026-02-14,Vitality,G2,anb,18 - 9,9,1.47,CJ-2,774.0,,28.4,,37.3,18.5,11.7,10.5,3.0,12.106,9.519049,-4.104947,1970-01-01T00:00:00+00:00,1970-01-01T00:00:00+00:00,37025.082,28822.59,0.0,0.0,0.0,0.0,9.621163,22.68,158.51208,10.53,1.4533583,3.2760746,66.958336,100.0,2.0,-1.744,3.306,1.6434999,1.4533583,76.33102,95.740654,47.585083,0.0,1002.67096,1005.4,998.3,961.24725,963.79224,956.65936,15.419999,5.6511164,10.08,1.8089776,3.571205,6.7064924,-1.624105,0.73658234,-1.144,5.9455833,346.0
PGL Cluj-Napoca 2026,Cluj-Napoca,2026-02-14,Vitality,G2,inf,14 - 13,1,0.91,CJ-2,774.0,,28.4,,37.3,18.5,11.7,10.5,3.0,12.106,9.519049,-4.104947,1970-01-01T00:00:00+00:00,1970-01-01T00:00:00+00:00,37025.082,28822.59,0.0,0.0,0.0,0.0,9.621163,22.68,158.51208,10.53,1.4533583,3.2760746,66.958336,100.0,2.0,-1.744,3.306,1.6434999,1.4533583,76.33102,95.740654,47.585083,0.0,1002.67096,1005.4,998.3,961.24725,963.79224,956.65936,15.419999,5.6511164,10.08,1.8089776,3.571205,6.7064924,-1.624105,0.73658234,-1.144,5.9455833,346.0
PGL Cluj-Napoca 2026,Cluj-Napoca,2026-02-14,Vitality,G2,mrg,21 - 13,8,1.85,CJ-2,774.0,,28.4,,37.3,18.5,11.7,10.5,3.0,12.106,9.519049,-4.104947,1970-01-01T00:00:00+00:00,1970-01-01T00:00:00+00:00,37025.082,28822.59,0.0,0.0,0.0,0.0,9.621163,22.68,158.51208,10.53,1.4533583,3.2760746,66.958336,100.0,2.0,-1.744,3.306,1.6434999,1.4533583,76.33102,95.740654,47.585083,0.0,1002.67096,1005.4,998.3,961.24725,963.79224,956.65936,15.419999,5.6511164,10.08,1.8089776,3.571205,6.7064924,-1.624105,0.73658234,-1.144,5.9455833,346.0
PGL Cluj-Napoca 2026,Cluj-Napoca,2026-02-15,Vitality,The MongolZ,d2,11 - 5,6,1.51,CJ-2,1080.0,,30.4,,21.2,34.7,21.8,12.1,73.0,5.7060003,4.0994434,-8.901245,1970-01-01T00:00:00+00:00,1970-01-01T00:00:00+00:00,37212.71,0.0,6.3999996,0.42000002,6.9999995,15.0,23.164816,51.48,293.69812,1.66,0.36631387,-0.038516264,92.125,100.0,2.0,-6.344,5.406,2.0434997,0.36631387,92.641685,98.9419,75.68866,0.6,1003.28754,1006.8,1000.6,961.4323,963.9276,959.17053,22.605,9.893295,6.8399997,1.1384199,2.4252942,5.3847103,-4.4806066,0.13469362,-2.644,3.1351664,346.0
PGL Cluj-Napoca 2026,Cluj-Napoca,2026-02-15,Vitality,The MongolZ,mrg,16 - 14,2,1.06,CJ-2,1080.0,,30.4,,21.2,34.7,21.8,12.1,73.0,5.7060003,4.0994434,-8.901245,1970-01-01T00:00:00+00:00,1970-01-01T00:00:00+00:00,37212.71,0.0,6.3999996,0.42000002,6.9999995,15.0,23.164816,51.48,293.69812,1.66,0.36631387,-0.038516264,92.125,100.0,2.0,-6.344,5.406,2.0434997,0.36631387,92.641685,98.9419,75.68866,0.6,1003.28754,1006.8,1000.6,961.4323,963.9276,959.17053,22.605,9.893295,6.8399997,1.1384199,2.4252942,5.3847103,-4.4806066,0.13469362,-2.644,3.1351664,346.0
PGL Cluj-Napoca 2026,Cluj-Napoca,2026-02-15,Vitality,The MongolZ,nuke,12 - 10,2,1.13,CJ-2,1080.0,,30.4,,21.2,34.7,21.8,12.1,73.0,5.7060003,4.0994434,-8.901245,1970-01-01T00:00:00+00:00,1970-01-01T00:00:00+00:00,37212.71,0.0,6.3999996,0.42000002,6.9999995,15.0,23.164816,51.48,293.69812,1.66,0.36631387,-0.038516264,92.125,100.0,2.0,-6.344,5.406,2.0434997,0.36631387,92.641685,98.9419,75.68866,0.6,1003.28754,1006.8,1000.6,961.4323,963.9276,959.17053,22.605,9.893295,6.8399997,1.1384199,2.4252942,5.3847103,-4.4806066,0.13469362,-2.644,3.1351664,346.0
PGL Cluj-Napoca 2026,Cluj-Napoca,2026-02-16,Vitality,MOUZ,d2,22 - 10,12,2.03,CJ-2,672.0,,13.9,,48.1,17.7,11.3,10.3,3.0,1.256,-2.8150315,-10.645835,1970-01-01T00:00:00+00:00,1970-01-01T00:00:00+00:00,37402.11,34306.31,0.0,0.0,0.0,0.0,19.272614,49.68,63.833733,8.4,0.8005067,-6.281035,77.541664,100.0,1.0,-7.5440006,-2.994,-5.473166,0.8005067,79.4163,90.912605,60.428017,0.0,1007.41656,1010.5,1003.6,964.5701,967.4001,961.0475,22.635,8.0075035,10.440001,2.4216523,-3.9181452,-1.5297234,-6.7693467,0.25799158,-5.7440004,-2.2856667,346.0
PGL Cluj-Napoca 2026,Cluj-Napoca,2026-02-16,Vitality,MOUZ,inf,22 - 12,10,1.63,CJ-2,672.0,,13.9,,48.1,17.7,11.3,10.3,3.0,1.256,-2.8150315,-10.645835,1970-01-01T00:00:00+00:00,1970-01-01T00:00:00+00:00,37402.11,34306.31,0.0,0.0,0.0,0.0,19.272614,49.68,63.833733,8.4,0.8005067,-6.281035,77.541664,100.0,1.0,-7.5440006,-2.994,-5.473166,0.8005067,79.4163,90.912605,60.428017,0.0,1007.41656,1010.5,1003.6,964.5701,967.4001,961.0475,22.635,8.0075035,10.440001,2.4216523,-3.9181452,-1.5297234,-6.7693467,0.25799158,-5.7440004,-2.2856667,346.0
PGL Cluj-Napoca 2026,Cluj-Napoca,2026-02-20,Vitality,Aurora,inf,19 - 10,9,1.46,CJ-2,714.0,,25.0,,53.3,15.6,8.99,9.16,71.0,10.556,7.402548,-2.5297403,1970-01-01T00:00:00+00:00,1970-01-01T00:00:00+00:00,38173.64,22266.877,0.2,0.28,0.6,5.0,16.572712,36.0,99.71022,7.81,1.3314296,1.2826649,95.958336,100.0,10.0,-2.094,2.906,-0.041916657,1.3314296,72.685776,95.41889,53.304966,0.4,1016.17505,1023.6,1012.0,974.0137,980.6922,969.5785,21.795,8.93548,11.879999,4.278551,2.1701076,5.964901,-0.40811157,0.58601296,0.456,4.708083,346.0
PGL Cluj-Napoca 2026,Cluj-Napoca,2026-02-20,Vitality,Aurora,ovp,25 - 10,15,1.86,CJ-2,714.0,,25.0,,53.3,15.6,8.99,9.16,71.0,10.556,7.402548,-2.5297403,1970-01-01T00:00:00+00:00,1970-01-01T00:00:00+00:00,38173.64,22266.877,0.2,0.28,0.6,5.0,16.572712,36.0,99.71022,7.81,1.3314296,1.2826649,95.958336,100.0,10.0,-2.094,2.906,-0.041916657,1.3314296,72.685776,95.41889,53.304966,0.4,1016.17505,1023.6,1012.0,974.0137,980.6922,969.5785,21.795,8.93548,11.879999,4.278551,2.1701076,5.964901,-0.40811157,0.58601296,0.456,4.708083,346.0
PGL Cluj-Napoca 2026,Cluj-Napoca,2026-02-21,Vitality,The MongolZ,d2,10 - 6,4,1.34,CJ-2,612.0,,15.1,,73.1,8.84,5.46,9.0,71.0,2.4559999,-0.7739775,-4.8876495,1970-01-01T00:00:00+00:00,1970-01-01T00:00:00+00:00,38369.137,0.0,0.0,0.84,1.2,8.0,17.462782,39.6,151.07611,3.42,0.7430996,-2.4122887,99.791664,100.0,95.0,-7.4940004,0.306,-2.95025,0.7430996,74.16015,92.71618,54.630146,1.2,1024.8876,1026.3,1023.9,981.8591,983.0645,981.02527,21.51,8.358598,3.6,0.35999998,-0.77941364,0.6711612,-2.727851,0.3044248,0.15600002,1.3205832,346.0
PGL Cluj-Napoca 2026,Cluj-Napoca,2026-02-21,Vitality,The MongolZ,mrg,26 - 16,10,1.44,CJ-2,612.0,,15.1,,73.1,8.84,5.46,9.0,71.0,2.4559999,-0.7739775,-4.8876495,1970-01-01T00:00:00+00:00,1970-01-01T00:00:00+00:00,38369.137,0.0,0.0,0.84,1.2,8.0,17.462782,39.6,151.07611,3.42,0.7430996,-2.4122887,99.791664,100.0,95.0,-7.4940004,0.306,-2.95025,0.7430996,74.16015,92.71618,54.630146,1.2,1024.8876,1026.3,1023.9,981.8591,983.0645,981.02527,21.51,8.358598,3.6,0.35999998,-0.77941364,0.6711612,-2.727851,0.3044248,0.15600002,1.3205832,346.0
PGL Cluj-Napoca 2026,Cluj-Napoca,2026-02-22,Vitality,PARIVISION,d2,12 - 5,7,1.33,CJ-2,739.0,,23.2,,48.8,22.7,13.5,10.0,3.0,6.5559998,3.5047898,-1.6089737,1970-01-01T00:00:00+00:00,1970-01-01T00:00:00+00:00,38565.332,26116.277,0.0,0.0,0.0,0.0,7.4932766,23.039999,324.30466,7.7,0.9334742,0.36355606,92.083336,100.0,10.0,-0.844,0.906,0.053916663,0.9334742,82.16458,95.068405,59.62675,0.0,1024.4958,1026.2,1021.1,981.73615,983.24585,978.297,10.74,3.5423937,3.2399998,0.0,1.3483095,2.9232655,0.27074957,0.39321256,0.806,2.9955833,346.0
PGL Cluj-Napoca 2026,Cluj-Napoca,2026-02-22,Vitality,PARIVISION,inf,20 - 19,1,1.28,CJ-2,739.0,,23.2,,48.8,22.7,13.5,10.0,3.0,6.5559998,3.5047898,-1.6089737,1970-01-01T00:00:00+00:00,1970-01-01T00:00:00+00:00,38565.332,26116.277,0.0,0.0,0.0,0.0,7.4932766,23.039999,324.30466,7.7,0.9334742,0.36355606,92.083336,100.0,10.0,-0.844,0.906,0.053916663,0.9334742,82.16458,95.068405,59.62675,0.0,1024.4958,1026.2,1021.1,981.73615,983.24585,978.297,10.74,3.5423937,3.2399998,0.0,1.3483095,2.9232655,0.27074957,0.39321256,0.806,2.9955833,346.0
PGL Cluj-Napoca 2026,Cluj-Napoca,2026-02-22,Vitality,PARIVISION,ovp,16 - 15,1,1.07,CJ-2,739.0,,23.2,,48.8,22.7,13.5,10.0,3.0,6.5559998,3.5047898,-1.6089737,1970-01-01T00:00:00+00:00,1970-01-01T00:00:00+00:00,38565.332,26116.277,0.0,0.0,0.0,0.0,7.4932766,23.039999,324.30466,7.7,0.9334742,0.36355606,92.083336,100.0,10.0,-0.844,0.906,0.053916663,0.9334742,82.16458,95.068405,59.62675,0.0,1024.4958,1026.2,1021.1,981.73615,983.24585,978.297,10.74,3.5423937,3.2399998,0.0,1.3483095,2.9232655,0.27074957,0.39321256,0.806,2.9955833,346.0
PGL Major Antwerp 2022,Antwerp,2022-05-14,Vitality,Ninjas in Pyjamas,ovp,11 - 14,-3,0.94,42M802 - ANTWERPEN,,,18.5,,,15.9,5.64,,2.0,21.85,21.229908,6.737958,1970-01-01T00:00:00+00:00,1970-01-01T00:00:00+00:00,55898.477,54000.0,0.0,0.0,0.0,0.0,13.708391,25.199999,274.6858,26.64,4.660038,14.193589,12.291667,67.0,0.0,6.45,10.0,8.4625,4.660038,65.277245,93.75286,38.404766,0.0,1021.38336,1022.3,1020.3,1019.5723,1020.5056,1018.5253,21.3,9.57272,16.56,5.4119864,11.39386,13.940197,7.907919,1.6145515,8.6,15.635415,15.0
PGL Major Antwerp 2022,Antwerp,2022-05-14,Vitality,Outsiders,mrg,16 - 18,-2,0.88,42M802 - ANTWERPEN,,,18.5,,,15.9,5.64,,2.0,21.85,21.229908,6.737958,1970-01-01T00:00:00+00:00,1970-01-01T00:00:00+00:00,55898.477,54000.0,0.0,0.0,0.0,0.0,13.708391,25.199999,274.6858,26.64,4.660038,14.193589,12.291667,67.0,0.0,6.45,10.0,8.4625,4.660038,65.277245,93.75286,38.404766,0.0,1021.38336,1022.3,1020.3,1019.5723,1020.5056,1018.5253,21.3,9.57272,16.56,5.4119864,11.39386,13.940197,7.907919,1.6145515,8.6,15.635415,15.0
PGL Major Antwerp 2022,Antwerp,2022-05-15,Vitality,Liquid,d2,21 - 13,8,1.27,42M802 - ANTWERPEN,,,14.0,,,31.9,15.0,,3.0,26.6,25.001596,8.662096,1970-01-01T00:00:00+00:00,1970-01-01T00:00:00+00:00,56078.277,50400.0,0.0,0.0,0.0,0.0,17.64,32.039997,101.364555,24.74,5.9347324,18.070171,74.458336,100.0,0.0,7.25,9.5,8.181249,5.9347324,49.55623,80.322495,30.658474,0.0,1016.84174,1020.4,1013.0,1015.0664,1018.5767,1011.22797,25.755003,12.923594,15.4800005,9.028754,13.244931,16.261692,8.584785,2.4024262,10.65,20.183334,15.0
PGL Major Antwerp 2022,Antwerp,2022-05-15,Vitality,Liquid,mrg,22 - 13,9,1.44,42M802 - ANTWERPEN,,,14.0,,,31.9,15.0,,3.0,26.6,25.001596,8.662096,1970-01-01T00:00:00+00:00,1970-01-01T00:00:00+00:00,56078.277,50400.0,0.0,0.0,0.0,0.0,17.64,32.039997,101.364555,24.74,5.9347324,18.070171,74.458336,100.0,0.0,7.25,9.5,8.181249,5.9347324,49.55623,80.322495,30.658474,0.0,1016.84174,1020.4,1013.0,1015.0664,1018.5767,1011.22797,25.755003,12.923594,15.4800005,9.028754,13.244931,16.261692,8.584785,2.4024262,10.65,20.183334,15.0
PGL Major Antwerp 2022,Antwerp,2022-05-16,Vitality,BIG,mrg,24 - 13,11,1.54,42M802 - ANTWERPEN,,,11.0,,,19.4,8.46,,61.0,23.3,21.72829,14.543018,1970-01-01T00:00:00+00:00,1970-01-01T00:00:00+00:00,56254.953,42136.934,2.6,0.0,2.6,3.0,21.758419,45.36,232.68953,17.79,3.8940012,17.868258,68.041664,100.0,0.0,8.65,15.3,11.95,3.8940012,63.87341,83.975464,47.69234,0.0,1015.92914,1020.2,1011.8,1014.1496,1018.3933,1010.0047,27.299997,12.978009,10.799999,5.937272,14.632377,17.647228,12.075781,1.3383797,15.3,19.104166,15.0
PGL Major Antwerp 2022,Antwerp,2022-05-16,Vitality,BIG,nuke,38 - 24,14,1.57,42M802 - ANTWERPEN,,,11.0,,,19.4,8.46,,61.0,23.3,21.72829,14.543018,1970-01-01T00:00:00+00:00,1970-01-01T00:00:00+00:00,56254.953,42136.934,2.6,0.0,2.6,3.0,21.758419,45.36,232.68953,17.79,3.8940012,17.868258,68.041664,100.0,0.0,8.65,15.3,11.95,3.8940012,63.87341,83.975464,47.69234,0.0,1015.92914,1020.2,1011.8,1014.1496,1018.3933,1010.0047,27.299997,12.978009,10.799999,5.937272,14.632377,17.647228,12.075781,1.3383797,15.3,19.104166,15.0
PGL Major Antwerp 2022,Antwerp,2022-05-16,Vitality,BIG,vtg,31 - 27,4,1.09,42M802 - ANTWERPEN,,,11.0,,,19.4,8.46,,61.0,23.3,21.72829,14.543018,1970-01-01T00:00:00+00:00,1970-01-01T00:00:00+00:00,56254.953,42136.934,2.6,0.0,2.6,3.0,21.758419,45.36,232.68953,17.79,3.8940012,17.868258,68.041664,100.0,0.0,8.65,15.3,11.95,3.8940012,63.87341,83.975464,47.69234,0.0,1015.92914,1020.2,1011.8,1014.1496,1018.3933,1010.0047,27.299997,12.978009,10.799999,5.937272,14.632377,17.647228,12.075781,1.3383797,15.3,19.104166,15.0
PGL Major Antwerp 2022,Antwerp,2022-05-17,Vitality,HEROIC,inf,23 - 20,3,1.25,42M802 - ANTWERPEN,,,47.3,,,22.8,7.14,,51.0,26.5,25.838198,12.385809,1970-01-01T00:00:00+00:00,1970-01-01T00:00:00+00:00,56428.266,43200.0,0.1,0.0,0.1,1.0,17.309975,38.88,207.3062,21.84,4.564202,19.009954,61.875,100.0,0.0,10.4,15.4,12.435416,4.564202,67.48324,89.7167,39.234146,0.0,1019.2957,1020.4,1017.8,1017.5114,1018.6076,1016.0565,18.87,8.870975,5.04,2.9024127,15.002571,17.95388,11.844294,2.007835,13.0,19.331251,15.0
PGL Major Antwerp 2022,Antwerp,2022-05-17,Vitality,HEROIC,mrg,14 - 17,-3,1.01,42M802 - ANTWERPEN,,,47.3,,,22.8,7.14,,51.0,26.5,25.838198,12.385809,1970-01-01T00:00:00+00:00,1970-01-01T00:00:00+00:00,56428.266,43200.0,0.1,0.0,0.1,1.0,17.309975,38.88,207.3062,21.84,4.564202,19.009954,61.875,100.0,0.0,10.4,15.4,12.435416,4.564202,67.48324,89.7167,39.234146,0.0,1019.2957,1020.4,1017.8,1017.5114,1018.6076,1016.0565,18.87,8.870975,5.04,2.9024127,15.002571,17.95388,11.844294,2.007835,13.0,19.331251,15.0
PGL Major Antwerp 2022,Antwerp,2022-05-17,Vitality,HEROIC,ovp,15 - 14,1,0.95,42M802 - ANTWERPEN,,,47.3,,,22.8,7.14,,51.0,26.5,25.838198,12.385809,1970-01-01T00:00:00+00:00,1970-01-01T00:00:00+00:00,56428.266,43200.0,0.1,0.0,0.1,1.0,17.309975,38.88,207.3062,21.84,4.564202,19.009954,61.875,100.0,0.0,10.4,15.4,12.435416,4.564202,67.48324,89.7167,39.234146,0.0,1019.2957,1020.4,1017.8,1017.5114,1018.6076,1016.0565,18.87,8.870975,5.04,2.9024127,15.002571,17.95388,11.844294,2.007835,13.0,19.331251,15.0
PGL Major Antwerp 2022 Challengers Stage,Antwerp,2022-05-09,Vitality,Astralis,mrg,24 - 11,13,1.72,42M802 - ANTWERPEN,,,12.0,,,17.4,7.52,,3.0,23.75,22.672382,4.829817,1970-01-01T00:00:00+00:00,1970-01-01T00:00:00+00:00,54960.023,50770.406,0.0,0.0,0.0,0.0,14.48972,27.0,167.79959,25.46,4.761,14.581046,45.291668,100.0,0.0,4.1,9.4,7.029167,4.761,58.103,84.4983,36.33817,0.0,1024.4208,1027.5,1021.1,1022.60675,1025.6357,1019.27856,17.414999,7.3674316,9.36,1.9386592,10.843591,15.003174,5.301629,1.8703132,7.2,16.05,15.0
PGL Major Antwerp 2022 Challengers Stage,Antwerp,2022-05-09,Vitality,Complexity,inf,11 - 0,11,1.58,42M802 - ANTWERPEN,,,12.0,,,17.4,7.52,,3.0,23.75,22.672382,4.829817,1970-01-01T00:00:00+00:00,1970-01-01T00:00:00+00:00,54960.023,50770.406,0.0,0.0,0.0,0.0,14.48972,27.0,167.79959,25.46,4.761,14.581046,45.291668,100.0,0.0,4.1,9.4,7.029167,4.761,58.103,84.4983,36.33817,0.0,1024.4208,1027.5,1021.1,1022.60675,1025.6357,1019.27856,17.414999,7.3674316,9.36,1.9386592,10.843591,15.003174,5.301629,1.8703132,7.2,16.05,15.0
PGL Major Antwerp 2022 Challengers Stage,Antwerp,2022-05-10,Vitality,FORZE,d2,22 - 13,9,1.32,42M802 - ANTWERPEN,,,72.0,,,31.9,12.7,,3.0,24.3,21.22846,10.876598,1970-01-01T00:00:00+00:00,1970-01-01T00:00:00+00:00,55152.277,21753.066,0.0,0.0,0.0,0.0,29.03752,56.16,230.5669,13.66,4.1837406,15.541424,98.875,100.0,84.0,4.05,10.95,9.077083,4.1837406,57.289032,83.82673,37.56536,0.0,1016.97076,1021.0,1014.7,1015.18335,1019.1692,1012.9015,32.61,16.65493,9.0,6.130579,12.808082,15.953396,10.158546,1.7977115,11.95,18.141666,15.0
PGL Major Antwerp 2022 Challengers Stage,Antwerp,2022-05-10,Vitality,FORZE,mrg,16 - 13,3,1.13,42M802 - ANTWERPEN,,,72.0,,,31.9,12.7,,3.0,24.3,21.22846,10.876598,1970-01-01T00:00:00+00:00,1970-01-01T00:00:00+00:00,55152.277,21753.066,0.0,0.0,0.0,0.0,29.03752,56.16,230.5669,13.66,4.1837406,15.541424,98.875,100.0,84.0,4.05,10.95,9.077083,4.1837406,57.289032,83.82673,37.56536,0.0,1016.97076,1021.0,1014.7,1015.18335,1019.1692,1012.9015,32.61,16.65493,9.0,6.130579,12.808082,15.953396,10.158546,1.7977115,11.95,18.141666,15.0
PGL Major Antwerp 2022 Challengers Stage,Antwerp,2022-05-10,Vitality,FORZE,nuke,22 - 18,4,1.32,42M802 - ANTWERPEN,,,72.0,,,31.9,12.7,,3.0,24.3,21.22846,10.876598,1970-01-01T00:00:00+00:00,1970-01-01T00:00:00+00:00,55152.277,21753.066,0.0,0.0,0.0,0.0,29.03752,56.16,230.5669,13.66,4.1837406,15.541424,98.875,100.0,84.0,4.05,10.95,9.077083,4.1837406,57.289032,83.82673,37.56536,0.0,1016.97076,1021.0,1014.7,1015.18335,1019.1692,1012.9015,32.61,16.65493,9.0,6.130579,12.808082,15.953396,10.158546,1.7977115,11.95,18.141666,15.0
PGL Major Antwerp 2022 Europe RMR A,Bucharest,2022-04-17,Vitality,Dignitas,vtg,21 - 8,13,1.66,RO0065A,,,9.32,,56.1,7.09,2.89,,55.0,8.7,3.538662,-1.7188022,1970-01-01T00:00:00+00:00,1970-01-01T00:00:00+00:00,48840.008,0.0,8.3,0.0,8.3,20.0,27.971327,49.32,54.61205,4.63,0.98201203,0.30693105,100.0,100.0,100.0,-1.4,5.35,2.0729167,0.98201203,80.355675,91.58221,61.771103,0.0,1017.88727,1019.5,1015.6,1007.82916,1009.3901,1005.56854,38.984997,21.700895,11.879999,6.6087217,3.3961341,6.632867,1.9810252,0.342555,3.85,5.24375,81.0
PGL Major Antwerp 2022 Europe RMR A,Bucharest,2022-04-17,Vitality,FaZe,mrg,23 - 19,4,1.13,RO0065A,,,9.32,,56.1,7.09,2.89,,55.0,8.7,3.538662,-1.7188022,1970-01-01T00:00:00+00:00,1970-01-01T00:00:00+00:00,48840.008,0.0,8.3,0.0,8.3,20.0,27.971327,49.32,54.61205,4.63,0.98201203,0.30693105,100.0,100.0,100.0,-1.4,5.35,2.0729167,0.98201203,80.355675,91.58221,61.771103,0.0,1017.88727,1019.5,1015.6,1007.82916,1009.3901,1005.56854,38.984997,21.700895,11.879999,6.6087217,3.3961341,6.632867,1.9810252,0.342555,3.85,5.24375,81.0
PGL Major Antwerp 2022 Europe RMR A,Bucharest,2022-04-18,Vitality,Eternal Fire,d2,18 - 12,6,1.2,RO0065A,,,13.8,,46.8,7.5,3.82,,51.0,11.0,7.4093227,0.91155195,1970-01-01T00:00:00+00:00,1970-01-01T00:00:00+00:00,49015.41,21600.0,0.1,0.0,0.1,1.0,15.349684,31.68,16.101288,17.44,2.5804894,3.7220886,97.458336,100.0,67.0,-3.8,2.45,-1.5500001,2.5804894,56.698532,94.15683,35.235497,0.0,1014.0291,1016.0,1012.9,1004.0718,1005.95,1003.09283,16.785002,7.485744,6.8399997,3.563818,2.9970744,4.537486,2.0100107,0.8515676,3.3,7.0208335,81.0
PGL Major Antwerp 2022 Europe RMR A,Bucharest,2022-04-19,Vitality,Natus Vincere,inf,23 - 20,3,1.14,RO0065A,,,20.7,,38.3,3.06,4.06,,51.0,9.2,6.1248484,-0.36629248,1970-01-01T00:00:00+00:00,1970-01-01T00:00:00+00:00,49190.395,11599.355,1.8000002,0.0,1.8000002,11.0,10.514218,24.119999,261.4822,13.41,1.7598563,2.9116046,90.958336,100.0,0.0,1.3,3.7,2.3729167,1.7598563,79.348465,95.13464,60.714596,0.0,1014.1167,1014.9,1012.9,1004.1163,1004.9571,1002.8376,17.384998,8.177387,9.72,4.3349743,3.8339446,5.369194,1.9645491,0.45802307,2.5,5.8229175,81.0
PGL Major Antwerp 2022 Europe RMR A,Bucharest,2022-04-19,Vitality,Natus Vincere,mrg,22 - 19,3,1.11,RO0065A,,,20.7,,38.3,3.06,4.06,,51.0,9.2,6.1248484,-0.36629248,1970-01-01T00:00:00+00:00,1970-01-01T00:00:00+00:00,49190.395,11599.355,1.8000002,0.0,1.8000002,11.0,10.514218,24.119999,261.4822,13.41,1.7598563,2.9116046,90.958336,100.0,0.0,1.3,3.7,2.3729167,1.7598563,79.348465,95.13464,60.714596,0.0,1014.1167,1014.9,1012.9,1004.1163,1004.9571,1002.8376,17.384998,8.177387,9.72,4.3349743,3.8339446,5.369194,1.9645491,0.45802307,2.5,5.8229175,81.0
PGL Major Antwerp 2022 Europe RMR A,Bucharest,2022-04-20,Vitality,MOUZ,d2,30 - 12,18,1.89,RO0065A,,,16.6,,46.6,14.7,10.1,,51.0,12.75,10.866631,-2.8966107,1970-01-01T00:00:00+00:00,1970-01-01T00:00:00+00:00,49364.844,31472.455,0.4,0.0,0.4,4.0,15.683776,27.0,248.80925,18.64,2.7617664,4.437839,64.25,100.0,0.0,0.05,4.55,2.5916667,2.7617664,74.00584,97.1467,44.92942,0.0,1013.86664,1014.9,1012.3,1003.9274,1004.9126,1002.5345,20.564999,10.575648,11.159999,4.6800003,4.851459,7.046687,0.085329056,0.80468494,0.45,7.5291667,81.0
PGL Major Antwerp 2022 Europe RMR A,Bucharest,2022-04-20,Vitality,MOUZ,mrg,26 - 18,8,1.4,RO0065A,,,16.6,,46.6,14.7,10.1,,51.0,12.75,10.866631,-2.8966107,1970-01-01T00:00:00+00:00,1970-01-01T00:00:00+00:00,49364.844,31472.455,0.4,0.0,0.4,4.0,15.683776,27.0,248.80925,18.64,2.7617664,4.437839,64.25,100.0,0.0,0.05,4.55,2.5916667,2.7617664,74.00584,97.1467,44.92942,0.0,1013.86664,1014.9,1012.3,1003.9274,1004.9126,1002.5345,20.564999,10.575648,11.159999,4.6800003,4.851459,7.046687,0.085329056,0.80468494,0.45,7.5291667,81.0
PGL Major Antwerp 2022 Europe RMR A,Bucharest,2022-04-20,Vitality,MOUZ,nuke,22 - 24,-2,1.11,RO0065A,,,16.6,,46.6,14.7,10.1,,51.0,12.75,10.866631,-2.8966107,1970-01-01T00:00:00+00:00,1970-01-01T00:00:00+00:00,49364.844,31472.455,0.4,0.0,0.4,4.0,15.683776,27.0,248.80925,18.64,2.7617664,4.437839,64.25,100.0,0.0,0.05,4.55,2.5916667,2.7617664,74.00584,97.1467,44.92942,0.0,1013.86664,1014.9,1012.3,1003.9274,1004.9126,1002.5345,20.564999,10.575648,11.159999,4.6800003,4.851459,7.046687,0.085329056,0.80468494,0.45,7.5291667,81.0
Perfect World Shanghai Major 2024,Shanghai,2024-12-05,Vitality,FURIA,mrg,24 - 11,13,1.46,Shanghai,,,,,,,39.6,,3.0,12.55,10.201569,4.7602634,1970-01-01T00:00:00+00:00,1970-01-01T00:00:00+00:00,36753.953,10672.357,0.0,0.0,0.0,0.0,7.406295,20.880001,322.81003,4.98,0.9337902,7.155323,71.75,100.0,2.0,4.4,6.35,5.0020833,0.9337902,76.01034,88.60432,58.59377,0.0,1022.86255,1024.1,1021.1,1022.3675,1023.6054,1020.611,12.479999,5.2763877,5.7599998,3.0758414,6.6865253,8.171553,5.479947,0.6030207,6.75,9.139584,4.0
Perfect World Shanghai Major 2024,Shanghai,2024-12-05,Vitality,GamerLegion,mrg,24 - 9,15,1.9,Shanghai,,,,,,,39.6,,3.0,12.55,10.201569,4.7602634,1970-01-01T00:00:00+00:00,1970-01-01T00:00:00+00:00,36753.953,10672.357,0.0,0.0,0.0,0.0,7.406295,20.880001,322.81003,4.98,0.9337902,7.155323,71.75,100.0,2.0,4.4,6.35,5.0020833,0.9337902,76.01034,88.60432,58.59377,0.0,1022.86255,1024.1,1021.1,1022.3675,1023.6054,1020.611,12.479999,5.2763877,5.7599998,3.0758414,6.6865253,8.171553,5.479947,0.6030207,6.75,9.139584,4.0
Perfect World Shanghai Major 2024,Shanghai,2024-12-06,Vitality,MIBR,anb,14 - 9,5,1.38,Shanghai,,,,,,,110.0,,3.0,13.3,10.496328,3.0493727,1970-01-01T00:00:00+00:00,1970-01-01T00:00:00+00:00,36712.72,23260.148,0.0,0.0,0.0,0.0,8.281956,22.68,324.4927,8.67,1.34058,6.605677,40.791668,100.0,0.0,2.0,6.2,4.435416,1.34058,76.48375,94.923096,46.27329,0.0,1024.2709,1025.9,1022.1,1023.7745,1025.3969,1021.6121,12.869999,5.5278597,5.7599998,2.1674871,6.304462,7.5440207,4.763941,0.8217764,5.45,8.7375,4.0
Perfect World Shanghai Major 2024,Shanghai,2024-12-06,Vitality,MIBR,mrg,11 - 8,3,1.38,Shanghai,,,,,,,110.0,,3.0,13.3,10.496328,3.0493727,1970-01-01T00:00:00+00:00,1970-01-01T00:00:00+00:00,36712.72,23260.148,0.0,0.0,0.0,0.0,8.281956,22.68,324.4927,8.67,1.34058,6.605677,40.791668,100.0,0.0,2.0,6.2,4.435416,1.34058,76.48375,94.923096,46.27329,0.0,1024.2709,1025.9,1022.1,1023.7745,1025.3969,1021.6121,12.869999,5.5278597,5.7599998,2.1674871,6.304462,7.5440207,4.763941,0.8217764,5.45,8.7375,4.0
Perfect World Shanghai Major 2024,Shanghai,2024-12-13,Vitality,FaZe,anb,21 - 15,6,1.53,Shanghai,,,,,,,53.3,,51.0,9.85,5.7639647,-2.293301,1970-01-01T00:00:00+00:00,1970-01-01T00:00:00+00:00,36492.996,13206.874,0.1,0.0,0.1,1.0,15.951087,42.12,312.15814,5.36,1.2181683,2.4524763,42.416668,100.0,0.0,-1.65,3.5,0.95625013,1.2181683,70.08166,79.20364,57.412815,0.0,1028.7542,1032.6,1024.8,1028.2509,1032.087,1024.3054,27.48,11.545545,13.32,5.8298883,3.301749,5.7923393,-0.104093075,0.5066336,1.8,6.097916,4.0
Perfect World Shanghai Major 2024,Shanghai,2024-12-13,Vitality,FaZe,mrg,12 - 12,0,0.94,Shanghai,,,,,,,53.3,,51.0,9.85,5.7639647,-2.293301,1970-01-01T00:00:00+00:00,1970-01-01T00:00:00+00:00,36492.996,13206.874,0.1,0.0,0.1,1.0,15.951087,42.12,312.15814,5.36,1.2181683,2.4524763,42.416668,100.0,0.0,-1.65,3.5,0.95625013,1.2181683,70.08166,79.20364,57.412815,0.0,1028.7542,1032.6,1024.8,1028.2509,1032.087,1024.3054,27.48,11.545545,13.32,5.8298883,3.301749,5.7923393,-0.104093075,0.5066336,1.8,6.097916,4.0
Perfect World Shanghai Major 2024,Shanghai,2024-12-13,Vitality,FaZe,nuke,15 - 7,8,1.4,Shanghai,,,,,,,53.3,,51.0,9.85,5.7639647,-2.293301,1970-01-01T00:00:00+00:00,1970-01-01T00:00:00+00:00,36492.996,13206.874,0.1,0.0,0.1,1.0,15.951087,42.12,312.15814,5.36,1.2181683,2.4524763,42.416668,100.0,0.0,-1.65,3.5,0.95625013,1.2181683,70.08166,79.20364,57.412815,0.0,1028.7542,1032.6,1024.8,1028.2509,1032.087,1024.3054,27.48,11.545545,13.32,5.8298883,3.301749,5.7923393,-0.104093075,0.5066336,1.8,6.097916,4.0
Perfect World Shanghai Major 2024 Europe RMR A,Shanghai,2024-11-17,Vitality,BetBoom,nuke,10 - 10,0,0.83,Shanghai,,,,,,,13.9,,53.0,17.0,15.879444,9.176929,1970-01-01T00:00:00+00:00,1970-01-01T00:00:00+00:00,37863.652,1150.9285,0.7,0.0,0.7,2.0,20.264194,54.0,20.762495,4.35,1.943379,11.861596,98.208336,100.0,86.0,6.0,14.7,8.73125,1.943379,67.981224,86.87836,63.579338,0.0,1027.5292,1030.7,1022.4,1027.0414,1030.2074,1021.91846,41.34,16.858112,33.12,13.723745,11.053756,15.352474,8.760101,0.699628,12.55,14.6125,4.0
Perfect World Shanghai Major 2024 Europe RMR A,Shanghai,2024-11-17,Vitality,GamerLegion,inf,21 - 9,12,1.82,Shanghai,,,,,,,13.9,,53.0,17.0,15.879444,9.176929,1970-01-01T00:00:00+00:00,1970-01-01T00:00:00+00:00,37863.652,1150.9285,0.7,0.0,0.7,2.0,20.264194,54.0,20.762495,4.35,1.943379,11.861596,98.208336,100.0,86.0,6.0,14.7,8.73125,1.943379,67.981224,86.87836,63.579338,0.0,1027.5292,1030.7,1022.4,1027.0414,1030.2074,1021.91846,41.34,16.858112,33.12,13.723745,11.053756,15.352474,8.760101,0.699628,12.55,14.6125,4.0
Perfect World Shanghai Major 2024 Europe RMR A,Shanghai,2024-11-18,Vitality,FaZe,d2,21 - 13,8,1.53,Shanghai,,,,,,,14.0,,51.0,14.1,10.662228,9.031258,1970-01-01T00:00:00+00:00,1970-01-01T00:00:00+00:00,37784.418,2688.7354,0.1,0.0,0.1,1.0,18.022486,49.68,26.565,5.88,1.7609369,9.843068,89.916664,100.0,41.0,5.5,7.25,6.414583,1.7609369,66.304344,76.14556,56.777786,0.0,1031.1666,1032.8,1029.4,1030.6737,1032.3081,1028.9055,31.349998,12.592343,14.4,7.0199995,8.975658,9.775153,8.305883,0.6963174,11.15,12.583332,4.0
Perfect World Shanghai Major 2024 Europe RMR A,Shanghai,2024-11-18,Vitality,FaZe,mrg,15 - 10,5,1.22,Shanghai,,,,,,,14.0,,51.0,14.1,10.662228,9.031258,1970-01-01T00:00:00+00:00,1970-01-01T00:00:00+00:00,37784.418,2688.7354,0.1,0.0,0.1,1.0,18.022486,49.68,26.565,5.88,1.7609369,9.843068,89.916664,100.0,41.0,5.5,7.25,6.414583,1.7609369,66.304344,76.14556,56.777786,0.0,1031.1666,1032.8,1029.4,1030.6737,1032.3081,1028.9055,31.349998,12.592343,14.4,7.0199995,8.975658,9.775153,8.305883,0.6963174,11.15,12.583332,4.0
StarLadder Budapest Major 2025,Budapest,2025-12-04,Vitality,3DMAX,nuke,12 - 7,5,1.16,"""Budapest Teleki""",,,27.2,,,20.7,,6.5,51.0,8.05,5.806999,3.135335,1970-01-01T00:00:00+00:00,1970-01-01T00:00:00+00:00,31156.426,0.0,0.1,0.0,0.1,1.0,12.931218,28.08,84.07201,2.14,0.4126764,4.4900894,100.0,100.0,100.0,5.2,5.95,5.49375,0.4126764,91.2703,99.65394,84.5097,0.0,1014.61664,1017.9,1009.7,1000.74194,1003.9211,995.9437,18.975,8.591122,8.64,4.5891175,5.9318433,6.618105,5.314829,0.16639537,5.5,6.8541665,113.0
StarLadder Budapest Major 2025,Budapest,2025-12-04,Vitality,FaZe,nuke,18 - 17,1,1.11,"""Budapest Teleki""",,,27.2,,,20.7,,6.5,51.0,8.05,5.806999,3.135335,1970-01-01T00:00:00+00:00,1970-01-01T00:00:00+00:00,31156.426,0.0,0.1,0.0,0.1,1.0,12.931218,28.08,84.07201,2.14,0.4126764,4.4900894,100.0,100.0,100.0,5.2,5.95,5.49375,0.4126764,91.2703,99.65394,84.5097,0.0,1014.61664,1017.9,1009.7,1000.74194,1003.9211,995.9437,18.975,8.591122,8.64,4.5891175,5.9318433,6.618105,5.314829,0.16639537,5.5,6.8541665,113.0
StarLadder Budapest Major 2025,Budapest,2025-12-05,Vitality,B8,inf,17 - 8,9,2.05,"""Budapest Teleki""",,,33.6,,,16.2,,5.98,53.0,9.5,7.205968,4.274911,1970-01-01T00:00:00+00:00,1970-01-01T00:00:00+00:00,31069.63,459.30838,3.4,0.0,3.4,13.0,13.701299,27.72,73.97348,1.65,0.35354456,5.62302,99.916664,100.0,98.0,5.65,7.25,6.5687504,0.35354456,91.77253,97.967926,80.71516,0.0,1011.8667,1014.8,1009.0,998.0783,1000.96234,995.2217,19.754997,9.280625,10.799999,4.542994,6.963194,7.8295135,6.089695,0.22940898,7.0,7.8437495,113.0
StarLadder Budapest Major 2025,Budapest,2025-12-06,Vitality,Natus Vincere,inf,19 - 15,4,1.26,"""Budapest Teleki""",,,41.5,,,21.2,,6.03,51.0,9.25,7.894762,4.7315836,1970-01-01T00:00:00+00:00,1970-01-01T00:00:00+00:00,30987.521,18645.111,0.3,0.0,0.3,2.0,9.375563,17.64,18.904655,3.81,0.44246575,6.139221,84.458336,100.0,38.0,5.2,6.95,6.1749997,0.44246575,90.52245,95.95343,79.018074,0.0,1015.58746,1016.5,1014.6,1001.7388,1002.6609,1000.7553,9.945,3.7877426,1.8,0.5091169,6.6510787,7.714855,5.828991,0.24461704,6.45,7.6499996,113.0
StarLadder Budapest Major 2025,Budapest,2025-12-06,Vitality,Natus Vincere,trn,21 - 15,6,1.43,"""Budapest Teleki""",,,41.5,,,21.2,,6.03,51.0,9.25,7.894762,4.7315836,1970-01-01T00:00:00+00:00,1970-01-01T00:00:00+00:00,30987.521,18645.111,0.3,0.0,0.3,2.0,9.375563,17.64,18.904655,3.81,0.44246575,6.139221,84.458336,100.0,38.0,5.2,6.95,6.1749997,0.44246575,90.52245,95.95343,79.018074,0.0,1015.58746,1016.5,1014.6,1001.7388,1002.6609,1000.7553,9.945,3.7877426,1.8,0.5091169,6.6510787,7.714855,5.828991,0.24461704,6.45,7.6499996,113.0
StarLadder Budapest Major 2025,Budapest,2025-12-11,Vitality,The MongolZ,d2,21 - 10,11,1.74,"""Budapest Teleki""",,,29.8,,,20.0,,6.12,3.0,7.1,4.731719,1.1161094,1970-01-01T00:00:00+00:00,1970-01-01T00:00:00+00:00,30653.537,2925.192,0.0,0.0,0.0,0.0,9.292254,22.319998,293.50748,2.91,0.33327627,3.258311,99.875,100.0,98.0,3.1,5.5,4.502084,0.33327627,94.82612,99.299706,86.765656,0.0,1024.8875,1025.4,1024.4,1010.794,1011.3158,1010.3295,11.835001,4.8335323,5.04,1.8792552,4.704313,5.7936573,3.14471,0.13033992,3.5,5.2812495,113.0
StarLadder Budapest Major 2025,Budapest,2025-12-11,Vitality,The MongolZ,mrg,25 - 8,17,2.47,"""Budapest Teleki""",,,29.8,,,20.0,,6.12,3.0,7.1,4.731719,1.1161094,1970-01-01T00:00:00+00:00,1970-01-01T00:00:00+00:00,30653.537,2925.192,0.0,0.0,0.0,0.0,9.292254,22.319998,293.50748,2.91,0.33327627,3.258311,99.875,100.0,98.0,3.1,5.5,4.502084,0.33327627,94.82612,99.299706,86.765656,0.0,1024.8875,1025.4,1024.4,1010.794,1011.3158,1010.3295,11.835001,4.8335323,5.04,1.8792552,4.704313,5.7936573,3.14471,0.13033992,3.5,5.2812495,113.0
StarLadder Budapest Major 2025,Budapest,2025-12-13,Vitality,Spirit,d2,18 - 9,9,1.42,"""Budapest Teleki""",,,27.4,,,16.0,,5.47,3.0,3.5,1.3748775,0.32478428,1970-01-01T00:00:00+00:00,1970-01-01T00:00:00+00:00,30558.89,0.0,0.0,0.0,0.0,0.0,6.341009,14.759999,189.24602,1.92,0.23705734,0.8553842,100.0,100.0,100.0,2.2,2.95,2.5729167,0.23705734,95.808624,99.29489,91.52646,0.0,1029.9625,1031.0,1028.9,1015.6928,1016.70416,1014.64343,11.595,4.3364825,4.32,0.742159,2.7023678,2.885131,2.322135,0.066714585,2.6,3.1812503,113.0
StarLadder Budapest Major 2025,Budapest,2025-12-13,Vitality,Spirit,mrg,25 - 23,2,1.08,"""Budapest Teleki""",,,27.4,,,16.0,,5.47,3.0,3.5,1.3748775,0.32478428,1970-01-01T00:00:00+00:00,1970-01-01T00:00:00+00:00,30558.89,0.0,0.0,0.0,0.0,0.0,6.341009,14.759999,189.24602,1.92,0.23705734,0.8553842,100.0,100.0,100.0,2.2,2.95,2.5729167,0.23705734,95.808624,99.29489,91.52646,0.0,1029.9625,1031.0,1028.9,1015.6928,1016.70416,1014.64343,11.595,4.3364825,4.32,0.742159,2.7023678,2.885131,2.322135,0.066714585,2.6,3.1812503,113.0
StarLadder Budapest Major 2025,Budapest,2025-12-14,Vitality,FaZe,d2,17 - 8,9,1.6,"""Budapest Teleki""",,,19.1,,,5.19,,5.48,3.0,3.85,1.3770552,-0.81283474,1970-01-01T00:00:00+00:00,1970-01-01T00:00:00+00:00,30519.717,0.0,0.0,0.0,0.0,0.0,8.149847,19.08,282.41205,1.98,0.26603144,0.21214099,100.0,100.0,100.0,0.95,2.25,1.5,0.26603144,91.27122,95.82827,84.64256,0.0,1030.1125,1030.9,1029.6,1015.8205,1016.6055,1015.2951,12.539998,4.771789,4.68,0.6489992,1.9235662,2.4553628,1.333209,0.12392789,2.15,2.7895832,113.0
StarLadder Budapest Major 2025,Budapest,2025-12-14,Vitality,FaZe,inf,16 - 12,4,1.06,"""Budapest Teleki""",,,19.1,,,5.19,,5.48,3.0,3.85,1.3770552,-0.81283474,1970-01-01T00:00:00+00:00,1970-01-01T00:00:00+00:00,30519.717,0.0,0.0,0.0,0.0,0.0,8.149847,19.08,282.41205,1.98,0.26603144,0.21214099,100.0,100.0,100.0,0.95,2.25,1.5,0.26603144,91.27122,95.82827,84.64256,0.0,1030.1125,1030.9,1029.6,1015.8205,1016.6055,1015.2951,12.539998,4.771789,4.68,0.6489992,1.9235662,2.4553628,1.333209,0.12392789,2.15,2.7895832,113.0
StarLadder Budapest Major 2025,Budapest,2025-12-14,Vitality,FaZe,nuke,11 - 13,-2,0.83,"""Budapest Teleki""",,,19.1,,,5.19,,5.48,3.0,3.85,1.3770552,-0.81283474,1970-01-01T00:00:00+00:00,1970-01-01T00:00:00+00:00,30519.717,0.0,0.0,0.0,0.0,0.0,8.149847,19.08,282.41205,1.98,0.26603144,0.21214099,100.0,100.0,100.0,0.95,2.25,1.5,0.26603144,91.27122,95.82827,84.64256,0.0,1030.1125,1030.9,1029.6,1015.8205,1016.6055,1015.2951,12.539998,4.771789,4.68,0.6489992,1.9235662,2.4553628,1.333209,0.12392789,2.15,2.7895832,113.0
StarLadder Budapest Major 2025,Budapest,2025-12-14,Vitality,FaZe,ovp,14 - 6,8,1.7,"""Budapest Teleki""",,,19.1,,,5.19,,5.48,3.0,3.85,1.3770552,-0.81283474,1970-01-01T00:00:00+00:00,1970-01-01T00:00:00+00:00,30519.717,0.0,0.0,0.0,0.0,0.0,8.149847,19.08,282.41205,1.98,0.26603144,0.21214099,100.0,100.0,100.0,0.95,2.25,1.5,0.26603144,91.27122,95.82827,84.64256,0.0,1030.1125,1030.9,1029.6,1015.8205,1016.6055,1015.2951,12.539998,4.771789,4.68,0.6489992,1.9235662,2.4553628,1.333209,0.12392789,2.15,2.7895832,113.0
StarLadder Major 2019 Challengers Stage,Berlin,2019-08-23,Vitality,INTZ,mrg,26 - 14,12,1.79,Berlin Neukölln,,,9.25,,18.6,6.2,,,0.0,27.75,27.419086,13.716141,1970-01-01T00:00:00+00:00,1970-01-01T00:00:00+00:00,51245.098,49960.773,0.0,0.0,0.0,0.0,12.031756,28.08,128.6777,21.82,4.7429614,20.752348,0.0,0.0,0.0,7.5,12.8,10.743751,4.7429614,54.116863,90.08785,30.24337,0.0,1026.0415,1027.4,1024.6,1021.7695,1023.1099,1020.36346,18.165,8.49623,11.159999,5.95906,15.107536,17.013906,12.86941,2.5458012,14.0,21.55625,36.0
StarLadder Major 2019 Challengers Stage,Berlin,2019-08-23,Vitality,Syman,d2,20 - 19,1,1.21,Berlin Neukölln,,,9.25,,18.6,6.2,,,0.0,27.75,27.419086,13.716141,1970-01-01T00:00:00+00:00,1970-01-01T00:00:00+00:00,51245.098,49960.773,0.0,0.0,0.0,0.0,12.031756,28.08,128.6777,21.82,4.7429614,20.752348,0.0,0.0,0.0,7.5,12.8,10.743751,4.7429614,54.116863,90.08785,30.24337,0.0,1026.0415,1027.4,1024.6,1021.7695,1023.1099,1020.36346,18.165,8.49623,11.159999,5.95906,15.107536,17.013906,12.86941,2.5458012,14.0,21.55625,36.0
StarLadder Major 2019 Challengers Stage,Berlin,2019-08-24,Vitality,DreamEaters,inf,22 - 18,4,1.08,Berlin Neukölln,,,5.44,,15.2,0.0,,,2.0,29.05,27.434559,14.072954,1970-01-01T00:00:00+00:00,1970-01-01T00:00:00+00:00,51014.008,49861.914,0.0,0.0,0.0,0.0,18.775303,36.719997,92.92139,20.04,5.424879,21.52565,19.75,79.0,0.0,10.0,12.8,11.435416,5.424879,51.540543,84.39229,31.39552,0.0,1023.6126,1025.1,1021.8,1019.36847,1020.80566,1017.5419,24.359997,12.701424,10.08,6.519877,15.913714,18.315815,12.683327,2.755999,14.45,22.831247,36.0
StarLadder Major 2019 Challengers Stage,Berlin,2019-08-25,Vitality,HellRaisers,inf,31 - 10,21,1.88,Berlin Neukölln,,,2.7,,24.1,0.0,,,2.0,29.95,28.941772,18.327427,1970-01-01T00:00:00+00:00,1970-01-01T00:00:00+00:00,50782.945,48443.457,0.0,0.0,0.0,0.0,19.211996,38.519997,97.77038,18.42,5.6033535,23.810593,29.583334,63.0,2.0,11.8,13.9,13.089584,5.6033535,48.79759,60.61912,36.61128,0.0,1021.11676,1021.8,1019.8,1016.91284,1017.5955,1015.6687,27.63,14.671295,16.919998,9.531505,17.53793,19.828024,14.895828,2.6733332,19.85,24.897919,36.0
StarLadder Major 2019 Challengers Stage,Berlin,2019-08-25,Vitality,HellRaisers,mrg,17 - 12,5,1.15,Berlin Neukölln,,,2.7,,24.1,0.0,,,2.0,29.95,28.941772,18.327427,1970-01-01T00:00:00+00:00,1970-01-01T00:00:00+00:00,50782.945,48443.457,0.0,0.0,0.0,0.0,19.211996,38.519997,97.77038,18.42,5.6033535,23.810593,29.583334,63.0,2.0,11.8,13.9,13.089584,5.6033535,48.79759,60.61912,36.61128,0.0,1021.11676,1021.8,1019.8,1016.91284,1017.5955,1015.6687,27.63,14.671295,16.919998,9.531505,17.53793,19.828024,14.895828,2.6733332,19.85,24.897919,36.0
StarLadder Major 2019 Challengers Stage,Berlin,2019-08-26,Vitality,Grayhound,d2,23 - 9,14,1.74,Berlin Neukölln,,,0.0,,0.0,0.0,,,3.0,30.95,31.586979,17.737865,1970-01-01T00:00:00+00:00,1970-01-01T00:00:00+00:00,50552.043,45620.117,0.0,0.0,0.0,0.0,13.039754,29.519999,92.85318,16.92,4.723488,25.358038,33.333332,90.0,0.0,10.95,16.85,14.2541685,4.723488,51.658993,69.56971,37.826824,0.0,1019.82074,1021.3,1018.2,1015.627,1017.0606,1014.0873,19.529997,9.552635,11.5199995,6.28713,18.25749,21.154877,14.013954,2.7654228,18.55,25.239584,36.0
StarLadder Major 2019 Challengers Stage,Berlin,2019-08-26,Vitality,Grayhound,inf,17 - 18,-1,1.05,Berlin Neukölln,,,0.0,,0.0,0.0,,,3.0,30.95,31.586979,17.737865,1970-01-01T00:00:00+00:00,1970-01-01T00:00:00+00:00,50552.043,45620.117,0.0,0.0,0.0,0.0,13.039754,29.519999,92.85318,16.92,4.723488,25.358038,33.333332,90.0,0.0,10.95,16.85,14.2541685,4.723488,51.658993,69.56971,37.826824,0.0,1019.82074,1021.3,1018.2,1015.627,1017.0606,1014.0873,19.529997,9.552635,11.5199995,6.28713,18.25749,21.154877,14.013954,2.7654228,18.55,25.239584,36.0
StarLadder Major 2019 Challengers Stage,Berlin,2019-08-26,Vitality,Grayhound,ovp,27 - 21,6,1.35,Berlin Neukölln,,,0.0,,0.0,0.0,,,3.0,30.95,31.586979,17.737865,1970-01-01T00:00:00+00:00,1970-01-01T00:00:00+00:00,50552.043,45620.117,0.0,0.0,0.0,0.0,13.039754,29.519999,92.85318,16.92,4.723488,25.358038,33.333332,90.0,0.0,10.95,16.85,14.2541685,4.723488,51.658993,69.56971,37.826824,0.0,1019.82074,1021.3,1018.2,1015.627,1017.0606,1014.0873,19.529997,9.552635,11.5199995,6.28713,18.25749,21.154877,14.013954,2.7654228,18.55,25.239584,36.0
StarLadder Major Berlin 2019,Berlin,2019-08-28,Vitality,North,inf,21 - 15,6,1.38,Berlin Neukölln,,,4.54,,15.7,6.49,,,3.0,32.1,32.29931,21.801939,1970-01-01T00:00:00+00:00,1970-01-01T00:00:00+00:00,50088.68,45910.836,0.0,0.0,0.0,0.0,18.39878,33.839996,169.31313,17.0,4.224318,26.840797,51.833332,93.0,0.0,13.2,18.9,16.775002,4.224318,61.187244,90.52801,32.02821,0.0,1014.6499,1016.5,1013.3,1010.48486,1012.2763,1009.2273,20.805,9.513699,9.36,3.4152596,19.924479,21.715036,18.016811,3.249302,20.2,25.775,36.0
StarLadder Major Berlin 2019,Berlin,2019-08-29,Vitality,FaZe,d2,24 - 11,13,1.65,Berlin Neukölln,,,7.74,,15.1,4.34,,,3.0,30.05,30.992401,19.109222,1970-01-01T00:00:00+00:00,1970-01-01T00:00:00+00:00,49854.473,46519.492,0.0,0.0,0.0,0.0,13.493999,34.56,296.4872,18.95,4.3876457,25.007025,60.583332,97.0,0.0,14.3,17.8,16.21667,4.3876457,65.28239,95.66911,38.95524,0.0,1016.9875,1020.1,1014.7,1012.78827,1015.847,1010.42395,18.899998,8.595943,9.36,5.8603754,18.962275,20.400976,17.027847,2.571737,17.55,24.024996,36.0
StarLadder Major Berlin 2019,Berlin,2019-08-30,Vitality,ENCE,d2,12 - 18,-6,0.72,Berlin Neukölln,,,2.9,,20.9,3.79,,,51.0,29.05,30.07264,20.918703,1970-01-01T00:00:00+00:00,1970-01-01T00:00:00+00:00,49618.72,45807.594,0.9000001,0.0,0.9000001,7.0,11.542478,20.519999,56.013767,15.44,3.415489,25.125633,37.041668,100.0,1.0,15.0,18.25,16.729166,3.415489,67.78283,94.218956,42.571434,0.0,1021.5125,1023.0,1020.5,1017.28973,1018.7778,1016.2482,15.6449995,6.2747507,9.36,1.8,19.112387,20.157753,18.007147,2.3064232,18.85,23.664583,36.0
StarLadder Major Berlin 2019,Berlin,2019-08-30,Vitality,ENCE,nuke,15 - 17,-2,0.84,Berlin Neukölln,,,2.9,,20.9,3.79,,,51.0,29.05,30.07264,20.918703,1970-01-01T00:00:00+00:00,1970-01-01T00:00:00+00:00,49618.72,45807.594,0.9000001,0.0,0.9000001,7.0,11.542478,20.519999,56.013767,15.44,3.415489,25.125633,37.041668,100.0,1.0,15.0,18.25,16.729166,3.415489,67.78283,94.218956,42.571434,0.0,1021.5125,1023.0,1020.5,1017.28973,1018.7778,1016.2482,15.6449995,6.2747507,9.36,1.8,19.112387,20.157753,18.007147,2.3064232,18.85,23.664583,36.0
StarLadder Major Berlin 2019,Berlin,2019-08-31,Vitality,MOUZ,mrg,21 - 17,4,1.52,Berlin Neukölln,,,3.25,,21.6,5.25,,,3.0,32.5,32.430508,20.844662,1970-01-01T00:00:00+00:00,1970-01-01T00:00:00+00:00,49381.582,47451.28,0.0,0.0,0.0,0.0,15.683774,33.839996,131.88649,17.22,5.083812,26.614336,20.583334,85.0,1.0,12.1,17.6,15.247914,5.083812,53.90854,87.10674,29.014812,0.0,1015.28754,1019.7,1010.0,1011.1282,1015.4631,1005.8302,22.005,11.130962,11.879999,6.9153743,19.299175,21.474655,17.77541,3.451473,19.35,26.387497,36.0
StarLadder Major Berlin 2019,Berlin,2019-08-31,Vitality,MOUZ,vtg,19 - 12,7,1.44,Berlin Neukölln,,,3.25,,21.6,5.25,,,3.0,32.5,32.430508,20.844662,1970-01-01T00:00:00+00:00,1970-01-01T00:00:00+00:00,49381.582,47451.28,0.0,0.0,0.0,0.0,15.683774,33.839996,131.88649,17.22,5.083812,26.614336,20.583334,85.0,1.0,12.1,17.6,15.247914,5.083812,53.90854,87.10674,29.014812,0.0,1015.28754,1019.7,1010.0,1011.1282,1015.4631,1005.8302,22.005,11.130962,11.879999,6.9153743,19.299175,21.474655,17.77541,3.451473,19.35,26.387497,36.0
StarLadder Major Berlin 2019,Berlin,2019-09-05,Vitality,AVANGAR,d2,20 - 17,3,1.04,Berlin Neukölln,,,2.98,,17.1,4.62,,,51.0,22.1,17.256205,9.931484,1970-01-01T00:00:00+00:00,1970-01-01T00:00:00+00:00,48180.746,40520.734,0.5,0.0,0.5,3.0,30.141266,56.519997,270.7626,14.59,4.0650535,14.753884,53.541668,100.0,0.0,4.55,12.95,8.697917,4.0650535,57.535263,83.97511,31.816505,0.0,1014.95825,1021.4,1011.7,1010.6774,1017.0205,1007.44165,35.055,18.59191,13.679999,9.693296,12.512599,13.97377,9.464267,1.8148032,12.95,17.729166,36.0
StarLadder Major Berlin 2019,Berlin,2019-09-05,Vitality,AVANGAR,inf,28 - 12,16,1.63,Berlin Neukölln,,,2.98,,17.1,4.62,,,51.0,22.1,17.256205,9.931484,1970-01-01T00:00:00+00:00,1970-01-01T00:00:00+00:00,48180.746,40520.734,0.5,0.0,0.5,3.0,30.141266,56.519997,270.7626,14.59,4.0650535,14.753884,53.541668,100.0,0.0,4.55,12.95,8.697917,4.0650535,57.535263,83.97511,31.816505,0.0,1014.95825,1021.4,1011.7,1010.6774,1017.0205,1007.44165,35.055,18.59191,13.679999,9.693296,12.512599,13.97377,9.464267,1.8148032,12.95,17.729166,36.0
StarLadder Major Berlin 2019,Berlin,2019-09-05,Vitality,AVANGAR,mrg,12 - 18,-6,0.9,Berlin Neukölln,,,2.98,,17.1,4.62,,,51.0,22.1,17.256205,9.931484,1970-01-01T00:00:00+00:00,1970-01-01T00:00:00+00:00,48180.746,40520.734,0.5,0.0,0.5,3.0,30.141266,56.519997,270.7626,14.59,4.0650535,14.753884,53.541668,100.0,0.0,4.55,12.95,8.697917,4.0650535,57.535263,83.97511,31.816505,0.0,1014.95825,1021.4,1011.7,1010.6774,1017.0205,1007.44165,35.055,18.59191,13.679999,9.693296,12.512599,13.97377,9.464267,1.8148032,12.95,17.729166,36.0
StarSeries i-League Season 7,Shanghai,2019-03-30,Vitality,BIG,d2,34 - 14,20,2.13,普陀,907.0,,34.1,,111.0,73.8,56.9,5.21,51.0,18.75,17.609425,4.4207916,1970-01-01T00:00:00+00:00,1970-01-01T00:00:00+00:00,44767.445,38067.926,0.1,0.0,0.1,1.0,26.642431,43.92,12.795653,19.09,3.244973,8.747165,68.833336,100.0,1.0,0.95,13.6,5.4520836,3.244973,65.14051,84.6709,55.54354,0.0,1021.72076,1026.9,1017.0,1021.23096,1026.4023,1016.5167,25.725004,15.312318,9.36,5.8603754,8.233868,15.360537,4.451065,0.6831829,7.5,11.835418,4.0
StarSeries i-League Season 7,Shanghai,2019-03-30,Vitality,BIG,ovp,24 - 20,4,1.15,普陀,907.0,,34.1,,111.0,73.8,56.9,5.21,51.0,18.75,17.609425,4.4207916,1970-01-01T00:00:00+00:00,1970-01-01T00:00:00+00:00,44767.445,38067.926,0.1,0.0,0.1,1.0,26.642431,43.92,12.795653,19.09,3.244973,8.747165,68.833336,100.0,1.0,0.95,13.6,5.4520836,3.244973,65.14051,84.6709,55.54354,0.0,1021.72076,1026.9,1017.0,1021.23096,1026.4023,1016.5167,25.725004,15.312318,9.36,5.8603754,8.233868,15.360537,4.451065,0.6831829,7.5,11.835418,4.0
StarSeries i-League Season 7,Shanghai,2019-03-31,Vitality,ENCE,d2,21 - 9,12,1.83,普陀,624.0,,22.3,,111.0,54.8,14.7,5.29,3.0,13.25,11.186305,0.90362215,1970-01-01T00:00:00+00:00,1970-01-01T00:00:00+00:00,44882.31,37763.07,0.0,0.0,0.0,0.0,15.517629,25.919998,103.61569,18.92,3.0530703,5.3891206,30.75,99.0,0.0,-2.9,2.85,0.14166664,3.0530703,58.20053,81.7326,34.09243,0.0,1027.0957,1028.4,1025.7,1026.5978,1027.8972,1025.21,15.885001,8.927288,7.92,6.162207,4.432919,6.63659,2.3586836,0.97571963,4.25,8.589583,4.0
StarSeries i-League Season 7,Shanghai,2019-03-31,Vitality,ENCE,inf,19 - 18,1,1.22,普陀,624.0,,22.3,,111.0,54.8,14.7,5.29,3.0,13.25,11.186305,0.90362215,1970-01-01T00:00:00+00:00,1970-01-01T00:00:00+00:00,44882.31,37763.07,0.0,0.0,0.0,0.0,15.517629,25.919998,103.61569,18.92,3.0530703,5.3891206,30.75,99.0,0.0,-2.9,2.85,0.14166664,3.0530703,58.20053,81.7326,34.09243,0.0,1027.0957,1028.4,1025.7,1026.5978,1027.8972,1025.21,15.885001,8.927288,7.92,6.162207,4.432919,6.63659,2.3586836,0.97571963,4.25,8.589583,4.0
StarSeries i-League Season 7,Shanghai,2019-03-31,Vitality,ENCE,mrg,24 - 19,5,1.27,普陀,624.0,,22.3,,111.0,54.8,14.7,5.29,3.0,13.25,11.186305,0.90362215,1970-01-01T00:00:00+00:00,1970-01-01T00:00:00+00:00,44882.31,37763.07,0.0,0.0,0.0,0.0,15.517629,25.919998,103.61569,18.92,3.0530703,5.3891206,30.75,99.0,0.0,-2.9,2.85,0.14166664,3.0530703,58.20053,81.7326,34.09243,0.0,1027.0957,1028.4,1025.7,1026.5978,1027.8972,1025.21,15.885001,8.927288,7.92,6.162207,4.432919,6.63659,2.3586836,0.97571963,4.25,8.589583,4.0
StarSeries i-League Season 7,Shanghai,2019-04-01,Vitality,fnatic,mrg,17 - 18,-1,1.11,普陀,617.0,,33.4,,119.0,59.8,25.0,7.25,3.0,16.85,14.548729,5.050928,1970-01-01T00:00:00+00:00,1970-01-01T00:00:00+00:00,44996.89,41511.84,0.0,0.0,0.0,0.0,15.517629,28.44,179.04173,22.87,3.847907,8.401553,28.125,92.0,0.0,1.45,6.95,3.877083,3.847907,62.753246,86.0126,35.40949,0.0,1024.7916,1027.7,1023.1,1024.2998,1027.2113,1022.60297,21.87,13.223121,15.4800005,10.041354,7.390261,9.165884,6.0487976,1.2410417,8.05,11.447917,4.0
StarSeries i-League Season 7,Shanghai,2019-04-01,Vitality,fnatic,nuke,20 - 19,1,1.11,普陀,617.0,,33.4,,119.0,59.8,25.0,7.25,3.0,16.85,14.548729,5.050928,1970-01-01T00:00:00+00:00,1970-01-01T00:00:00+00:00,44996.89,41511.84,0.0,0.0,0.0,0.0,15.517629,28.44,179.04173,22.87,3.847907,8.401553,28.125,92.0,0.0,1.45,6.95,3.877083,3.847907,62.753246,86.0126,35.40949,0.0,1024.7916,1027.7,1023.1,1024.2998,1027.2113,1022.60297,21.87,13.223121,15.4800005,10.041354,7.390261,9.165884,6.0487976,1.2410417,8.05,11.447917,4.0
StarSeries i-League Season 7,Shanghai,2019-04-02,Vitality,Spirit,d2,15 - 17,-2,1.05,普陀,742.0,,41.8,,132.0,66.2,29.3,8.42,3.0,17.55,15.047466,7.7195597,1970-01-01T00:00:00+00:00,1970-01-01T00:00:00+00:00,45111.105,18239.287,0.0,0.0,0.0,0.0,18.584509,33.12,177.76161,13.7,2.5387778,10.534361,94.833336,100.0,72.0,5.75,8.75,7.7416663,2.5387778,74.02736,96.0209,46.1751,0.0,1022.63745,1024.3,1020.9,1022.1485,1023.8054,1020.41626,18.104996,10.747417,6.12,1.609969,9.711362,11.116421,8.381728,1.0808654,8.85,12.614583,4.0
StarSeries i-League Season 7,Shanghai,2019-04-02,Vitality,Spirit,inf,25 - 17,8,1.36,普陀,742.0,,41.8,,132.0,66.2,29.3,8.42,3.0,17.55,15.047466,7.7195597,1970-01-01T00:00:00+00:00,1970-01-01T00:00:00+00:00,45111.105,18239.287,0.0,0.0,0.0,0.0,18.584509,33.12,177.76161,13.7,2.5387778,10.534361,94.833336,100.0,72.0,5.75,8.75,7.7416663,2.5387778,74.02736,96.0209,46.1751,0.0,1022.63745,1024.3,1020.9,1022.1485,1023.8054,1020.41626,18.104996,10.747417,6.12,1.609969,9.711362,11.116421,8.381728,1.0808654,8.85,12.614583,4.0
StarSeries i-League Season 7,Shanghai,2019-04-02,Vitality,Spirit,mrg,16 - 17,-1,0.86,普陀,742.0,,41.8,,132.0,66.2,29.3,8.42,3.0,17.55,15.047466,7.7195597,1970-01-01T00:00:00+00:00,1970-01-01T00:00:00+00:00,45111.105,18239.287,0.0,0.0,0.0,0.0,18.584509,33.12,177.76161,13.7,2.5387778,10.534361,94.833336,100.0,72.0,5.75,8.75,7.7416663,2.5387778,74.02736,96.0209,46.1751,0.0,1022.63745,1024.3,1020.9,1022.1485,1023.8054,1020.41626,18.104996,10.747417,6.12,1.609969,9.711362,11.116421,8.381728,1.0808654,8.85,12.614583,4.0
StarSeries i-League Season 7,Shanghai,2019-04-05,Vitality,NRG,mrg,26 - 19,7,1.26,普陀,1100.0,,70.0,,179.0,104.0,76.5,7.0,3.0,22.45,22.622232,9.692579,1970-01-01T00:00:00+00:00,1970-01-01T00:00:00+00:00,45450.8,41903.695,0.0,0.0,0.0,0.0,13.237039,24.84,220.64168,22.08,3.8625414,15.599181,20.041666,90.0,0.0,9.4,12.75,10.933333,3.8625414,72.98413,89.89806,44.580875,0.0,1013.2043,1015.4,1011.8,1012.726,1014.92175,1011.3322,16.545,9.313164,7.5599995,3.319036,12.994761,15.281843,10.206972,1.4973693,11.35,16.3625,4.0
StarSeries i-League Season 7,Shanghai,2019-04-05,Vitality,NRG,ovp,30 - 33,-3,0.97,普陀,1100.0,,70.0,,179.0,104.0,76.5,7.0,3.0,22.45,22.622232,9.692579,1970-01-01T00:00:00+00:00,1970-01-01T00:00:00+00:00,45450.8,41903.695,0.0,0.0,0.0,0.0,13.237039,24.84,220.64168,22.08,3.8625414,15.599181,20.041666,90.0,0.0,9.4,12.75,10.933333,3.8625414,72.98413,89.89806,44.580875,0.0,1013.2043,1015.4,1011.8,1012.726,1014.92175,1011.3322,16.545,9.313164,7.5599995,3.319036,12.994761,15.281843,10.206972,1.4973693,11.35,16.3625,4.0
cs_summit 4,Los Angeles,2019-05-23,Vitality,Ghost,mrg,35 - 27,8,1.28,Los Angeles - N. Mai,0.249,,0.0156,,0.0188,36.3,11.6,0.0,55.0,18.3,16.359987,8.667006,1970-01-01T00:00:00+00:00,1970-01-01T00:00:00+00:00,50786.645,23190.195,2.0,0.0,2.0,5.0,18.228943,34.2,97.08733,12.59,2.5815115,12.190515,75.25,100.0,1.0,7.45,10.7,9.099999,2.5815115,72.09907,83.19815,59.910835,0.0,1011.2959,1015.3,1007.7,999.82916,1003.93,996.29443,22.53,11.909575,14.4,8.427383,11.009147,13.5306225,8.676439,0.83352804,10.8,14.154166,96.0
cs_summit 4,Los Angeles,2019-05-23,Vitality,Ghost,ovp,17 - 14,3,1.09,Los Angeles - N. Mai,0.249,,0.0156,,0.0188,36.3,11.6,0.0,55.0,18.3,16.359987,8.667006,1970-01-01T00:00:00+00:00,1970-01-01T00:00:00+00:00,50786.645,23190.195,2.0,0.0,2.0,5.0,18.228943,34.2,97.08733,12.59,2.5815115,12.190515,75.25,100.0,1.0,7.45,10.7,9.099999,2.5815115,72.09907,83.19815,59.910835,0.0,1011.2959,1015.3,1007.7,999.82916,1003.93,996.29443,22.53,11.909575,14.4,8.427383,11.009147,13.5306225,8.676439,0.83352804,10.8,14.154166,96.0
cs_summit 4,Los Angeles,2019-05-24,Vitality,Liquid,mrg,34 - 16,18,1.79,Los Angeles - N. Mai,0.319,,0.0131,,0.0203,23.0,10.3,0.0,51.0,22.3,23.889223,10.265876,1970-01-01T00:00:00+00:00,1970-01-01T00:00:00+00:00,50859.723,41442.66,0.2,0.0,0.2,2.0,20.65848,40.32,251.91646,27.16,4.574046,15.597371,24.541666,100.0,0.0,8.65,12.0,10.568749,4.574046,72.45497,91.7641,49.067352,0.0,1015.25,1016.9,1012.2,1003.80597,1005.37415,1001.0118,15.584997,6.859075,5.3999996,1.484318,12.563957,15.955912,9.786419,1.3356788,11.05,15.891666,96.0
cs_summit 4,Los Angeles,2019-05-24,Vitality,Liquid,nuke,15 - 12,3,1.46,Los Angeles - N. Mai,0.319,,0.0131,,0.0203,23.0,10.3,0.0,51.0,22.3,23.889223,10.265876,1970-01-01T00:00:00+00:00,1970-01-01T00:00:00+00:00,50859.723,41442.66,0.2,0.0,0.2,2.0,20.65848,40.32,251.91646,27.16,4.574046,15.597371,24.541666,100.0,0.0,8.65,12.0,10.568749,4.574046,72.45497,91.7641,49.067352,0.0,1015.25,1016.9,1012.2,1003.80597,1005.37415,1001.0118,15.584997,6.859075,5.3999996,1.484318,12.563957,15.955912,9.786419,1.3356788,11.05,15.891666,96.0
cs_summit 4,Los Angeles,2019-05-24,Vitality,NRG,inf,17 - 12,5,1.29,Los Angeles - N. Mai,0.319,,0.0131,,0.0203,23.0,10.3,0.0,51.0,22.3,23.889223,10.265876,1970-01-01T00:00:00+00:00,1970-01-01T00:00:00+00:00,50859.723,41442.66,0.2,0.0,0.2,2.0,20.65848,40.32,251.91646,27.16,4.574046,15.597371,24.541666,100.0,0.0,8.65,12.0,10.568749,4.574046,72.45497,91.7641,49.067352,0.0,1015.25,1016.9,1012.2,1003.80597,1005.37415,1001.0118,15.584997,6.859075,5.3999996,1.484318,12.563957,15.955912,9.786419,1.3356788,11.05,15.891666,96.0
cs_summit 4,Los Angeles,2019-05-24,Vitality,NRG,nuke,31 - 28,3,1.08,Los Angeles - N. Mai,0.319,,0.0131,,0.0203,23.0,10.3,0.0,51.0,22.3,23.889223,10.265876,1970-01-01T00:00:00+00:00,1970-01-01T00:00:00+00:00,50859.723,41442.66,0.2,0.0,0.2,2.0,20.65848,40.32,251.91646,27.16,4.574046,15.597371,24.541666,100.0,0.0,8.65,12.0,10.568749,4.574046,72.45497,91.7641,49.067352,0.0,1015.25,1016.9,1012.2,1003.80597,1005.37415,1001.0118,15.584997,6.859075,5.3999996,1.484318,12.563957,15.955912,9.786419,1.3356788,11.05,15.891666,96.0
cs_summit 4,Los Angeles,2019-05-25,Vitality,ENCE,nuke,22 - 16,6,1.52,Los Angeles - N. Mai,0.258,,0.0111,,0.0243,22.1,10.2,4.17e-05,3.0,22.4,22.202246,10.100985,1970-01-01T00:00:00+00:00,1970-01-01T00:00:00+00:00,50930.953,49775.113,0.0,0.0,0.0,0.0,17.610588,36.719997,197.04716,27.5,4.705116,15.55606,22.791666,83.0,0.0,9.6,11.9,10.55625,4.705116,72.08211,94.49434,44.702766,0.0,1012.2708,1013.1,1011.1,1000.873,1001.6902,999.8878,18.914997,8.620503,5.3999996,2.2768397,12.749379,15.127462,10.319862,1.4850308,10.95,16.220833,96.0
cs_summit 4,Los Angeles,2019-05-25,Vitality,ENCE,ovp,20 - 11,9,1.37,Los Angeles - N. Mai,0.258,,0.0111,,0.0243,22.1,10.2,4.17e-05,3.0,22.4,22.202246,10.100985,1970-01-01T00:00:00+00:00,1970-01-01T00:00:00+00:00,50930.953,49775.113,0.0,0.0,0.0,0.0,17.610588,36.719997,197.04716,27.5,4.705116,15.55606,22.791666,83.0,0.0,9.6,11.9,10.55625,4.705116,72.08211,94.49434,44.702766,0.0,1012.2708,1013.1,1011.1,1000.873,1001.6902,999.8878,18.914997,8.620503,5.3999996,2.2768397,12.749379,15.127462,10.319862,1.4850308,10.95,16.220833,96.0
cs_summit 4,Los Angeles,2019-05-25,Vitality,Renegades,vtg,21 - 16,5,1.18,Los Angeles - N. Mai,0.258,,0.0111,,0.0243,22.1,10.2,4.17e-05,3.0,22.4,22.202246,10.100985,1970-01-01T00:00:00+00:00,1970-01-01T00:00:00+00:00,50930.953,49775.113,0.0,0.0,0.0,0.0,17.610588,36.719997,197.04716,27.5,4.705116,15.55606,22.791666,83.0,0.0,9.6,11.9,10.55625,4.705116,72.08211,94.49434,44.702766,0.0,1012.2708,1013.1,1011.1,1000.873,1001.6902,999.8878,18.914997,8.620503,5.3999996,2.2768397,12.749379,15.127462,10.319862,1.4850308,10.95,16.220833,96.0
cs_summit 4,Los Angeles,2019-05-26,Vitality,ENCE,inf,31 - 22,9,1.38,Los Angeles - N. Mai,0.137,,0.00508,,0.0338,15.0,7.25,0.0,51.0,19.8,17.387222,12.145905,1970-01-01T00:00:00+00:00,1970-01-01T00:00:00+00:00,51000.258,33104.977,0.5,0.0,0.5,4.0,21.175837,39.6,217.65733,16.89,3.1809058,13.738399,57.166668,100.0,0.0,5.95,12.2,9.91875,3.1809058,72.27065,93.025246,42.98621,0.0,1012.3291,1014.2,1010.9,1000.8974,1002.8634,999.658,22.619997,11.576757,3.2399998,2.7416782,12.080906,13.695927,10.657762,1.2382476,12.75,15.333332,96.0
cs_summit 4,Los Angeles,2019-05-26,Vitality,ENCE,mrg,17 - 21,-4,0.81,Los Angeles - N. Mai,0.137,,0.00508,,0.0338,15.0,7.25,0.0,51.0,19.8,17.387222,12.145905,1970-01-01T00:00:00+00:00,1970-01-01T00:00:00+00:00,51000.258,33104.977,0.5,0.0,0.5,4.0,21.175837,39.6,217.65733,16.89,3.1809058,13.738399,57.166668,100.0,0.0,5.95,12.2,9.91875,3.1809058,72.27065,93.025246,42.98621,0.0,1012.3291,1014.2,1010.9,1000.8974,1002.8634,999.658,22.619997,11.576757,3.2399998,2.7416782,12.080906,13.695927,10.657762,1.2382476,12.75,15.333332,96.0
cs_summit 4,Los Angeles,2019-05-26,Vitality,ENCE,ovp,37 - 15,22,2.18,Los Angeles - N. Mai,0.137,,0.00508,,0.0338,15.0,7.25,0.0,51.0,19.8,17.387222,12.145905,1970-01-01T00:00:00+00:00,1970-01-01T00:00:00+00:00,51000.258,33104.977,0.5,0.0,0.5,4.0,21.175837,39.6,217.65733,16.89,3.1809058,13.738399,57.166668,100.0,0.0,5.95,12.2,9.91875,3.1809058,72.27065,93.025246,42.98621,0.0,1012.3291,1014.2,1010.9,1000.8974,1002.8634,999.658,22.619997,11.576757,3.2399998,2.7416782,12.080906,13.695927,10.657762,1.2382476,12.75,15.333332,96.0
cs_summit 4,Los Angeles,2019-05-26,Vitality,Renegades,mrg,25 - 20,5,1.21,Los Angeles - N. Mai,0.137,,0.00508,,0.0338,15.0,7.25,0.0,51.0,19.8,17.387222,12.145905,1970-01-01T00:00:00+00:00,1970-01-01T00:00:00+00:00,51000.258,33104.977,0.5,0.0,0.5,4.0,21.175837,39.6,217.65733,16.89,3.1809058,13.738399,57.166668,100.0,0.0,5.95,12.2,9.91875,3.1809058,72.27065,93.025246,42.98621,0.0,1012.3291,1014.2,1010.9,1000.8974,1002.8634,999.658,22.619997,11.576757,3.2399998,2.7416782,12.080906,13.695927,10.657762,1.2382476,12.75,15.333332,96.0
cs_summit 4,Los Angeles,2019-05-27,Vitality,Liquid,nuke,24 - 10,14,1.61,Los Angeles - N. Mai,0.214,,0.00742,,0.0284,15.3,7.17,0.0,53.0,20.35,19.800886,7.151681,1970-01-01T00:00:00+00:00,1970-01-01T00:00:00+00:00,51067.56,39600.0,1.8000001,0.0,1.8000001,4.0,17.786331,41.039997,232.27783,25.19,4.200034,12.623555,30.666666,100.0,0.0,5.35,10.6,8.206251,4.200034,71.919525,93.47407,38.63799,0.0,1015.25,1016.7,1014.2,1003.7254,1005.1063,1002.71893,19.635004,8.142888,6.12,2.1897945,10.531003,12.692905,7.6410666,1.467185,8.55,13.856251,96.0
cs_summit 4,Los Angeles,2019-05-27,Vitality,Liquid,ovp,22 - 17,5,1.3,Los Angeles - N. Mai,0.214,,0.00742,,0.0284,15.3,7.17,0.0,53.0,20.35,19.800886,7.151681,1970-01-01T00:00:00+00:00,1970-01-01T00:00:00+00:00,51067.56,39600.0,1.8000001,0.0,1.8000001,4.0,17.786331,41.039997,232.27783,25.19,4.200034,12.623555,30.666666,100.0,0.0,5.35,10.6,8.206251,4.200034,71.919525,93.47407,38.63799,0.0,1015.25,1016.7,1014.2,1003.7254,1005.1063,1002.71893,19.635004,8.142888,6.12,2.1897945,10.531003,12.692905,7.6410666,1.467185,8.55,13.856251,96.0
