date,player_team,opponent,map,kd,plus_minus,rating,source_url
27/08/26,Vitality,Inner Circle,cch,16 - 21,-5,0.69,https://www.hltv.org/stats/players/matches/11893/zywoo?event=8249
27/08/26,Vitality,Inner Circle,anb,11 - 15,-4,0.93,https://www.hltv.org/stats/players/matches/11893/zywoo?event=8249
21/08/26,Vitality,Spirit,mrg,5 - 14,-9,0.73,https://www.hltv.org/stats/players/matches/11893/zywoo?event=8261
21/08/26,Vitality,Spirit,nuke,25 - 17,+8,1.29,https://www.hltv.org/stats/players/matches/11893/zywoo?event=8261
21/08/26,Vitality,Spirit,anb,21 - 17,+4,1.02,https://www.hltv.org/stats/players/matches/11893/zywoo?event=8261
20/08/26,Vitality,FaZe,cch,25 - 10,+15,2.21,https://www.hltv.org/stats/players/matches/11893/zywoo?event=8261
20/08/26,Vitality,FaZe,d2,17 - 15,+2,1.17,https://www.hltv.org/stats/players/matches/11893/zywoo?event=8261
16/08/26,Vitality,Lynn Vision,inf,22 - 9,+13,2.18,https://www.hltv.org/stats/players/matches/11893/zywoo?event=8261
16/08/26,Vitality,Lynn Vision,d2,18 - 8,+10,2.22,https://www.hltv.org/stats/players/matches/11893/zywoo?event=8261
14/08/26,Vitality,B8,d2,9 - 12,-3,0.84,https://www.hltv.org/stats/players/matches/11893/zywoo?event=8261
14/08/26,Vitality,B8,inf,17 - 17,0,0.99,https://www.hltv.org/stats/players/matches/11893/zywoo?event=8261
14/08/26,Vitality,B8,mrg,23 - 17,+6,1.58,https://www.hltv.org/stats/players/matches/11893/zywoo?event=8261
12/08/26,Vitality,100 Thieves,nuke,15 - 7,+8,1.28,https://www.hltv.org/stats/players/matches/11893/zywoo?event=8261
24/07/26,Vitality,Liquid,nuke,12 - 14,-2,1.01,https://www.hltv.org/stats/players/matches/11893/zywoo?event=9154
24/07/26,Vitality,Liquid,anb,14 - 13,+1,1.08,https://www.hltv.org/stats/players/matches/11893/zywoo?event=9154
19/06/26,Vitality,Falcons,d2,13 - 15,-2,0.91,https://www.hltv.org/stats/players/matches/11893/zywoo?event=8301
19/06/26,Vitality,Falcons,inf,26 - 13,+13,1.67,https://www.hltv.org/stats/players/matches/11893/zywoo?event=8301
19/06/26,Vitality,Falcons,anb,15 - 14,+1,0.95,https://www.hltv.org/stats/players/matches/11893/zywoo?event=8301
14/06/26,Vitality,BetBoom,nuke,30 - 14,+16,1.70,https://www.hltv.org/stats/players/matches/11893/zywoo?event=8301
14/06/26,Vitality,BetBoom,ovp,23 - 10,+13,1.62,https://www.hltv.org/stats/players/matches/11893/zywoo?event=8301
13/06/26,Vitality,MOUZ,inf,23 - 8,+15,2.32,https://www.hltv.org/stats/players/matches/11893/zywoo?event=8301
13/06/26,Vitality,MOUZ,d2,15 - 14,+1,1.22,https://www.hltv.org/stats/players/matches/11893/zywoo?event=8301
13/06/26,Vitality,MOUZ,mrg,19 - 9,+10,1.56,https://www.hltv.org/stats/players/matches/11893/zywoo?event=8301
12/06/26,Vitality,9z,d2,20 - 16,+4,1.27,https://www.hltv.org/stats/players/matches/11893/zywoo?event=8301
12/06/26,Vitality,9z,mrg,15 - 13,+2,1.27,https://www.hltv.org/stats/players/matches/11893/zywoo?event=8301
12/06/26,Vitality,9z,inf,10 - 9,+1,1.03,https://www.hltv.org/stats/players/matches/11893/zywoo?event=8301
11/06/26,Vitality,FUT,nuke,27 - 10,+17,2.14,https://www.hltv.org/stats/players/matches/11893/zywoo?event=8301
11/06/26,Vitality,FUT,ovp,19 - 5,+14,2.38,https://www.hltv.org/stats/players/matches/11893/zywoo?event=8301
11/06/26,Vitality,FUT,anb,7 - 15,-8,0.68,https://www.hltv.org/stats/players/matches/11893/zywoo?event=8301
16/05/26,Vitality,Natus Vincere,inf,5 - 13,-8,0.54,https://www.hltv.org/stats/players/matches/11893/zywoo?event=8243
16/05/26,Vitality,Natus Vincere,anb,15 - 14,+1,1.04,https://www.hltv.org/stats/players/matches/11893/zywoo?event=8243
16/05/26,Vitality,Natus Vincere,d2,19 - 13,+6,1.28,https://www.hltv.org/stats/players/matches/11893/zywoo?event=8243
13/05/26,Vitality,B8,d2,15 - 10,+5,1.15,https://www.hltv.org/stats/players/matches/11893/zywoo?event=8243
13/05/26,Vitality,B8,mrg,19 - 9,+10,1.61,https://www.hltv.org/stats/players/matches/11893/zywoo?event=8243
13/05/26,Vitality,FaZe,d2,22 - 9,+13,1.86,https://www.hltv.org/stats/players/matches/11893/zywoo?event=8243
13/05/26,Vitality,FaZe,nuke,22 - 16,+6,1.27,https://www.hltv.org/stats/players/matches/11893/zywoo?event=8243
12/05/26,Vitality,BetBoom,nuke,15 - 14,+1,1.10,https://www.hltv.org/stats/players/matches/11893/zywoo?event=8243
12/05/26,Vitality,BetBoom,ovp,17 - 12,+5,1.46,https://www.hltv.org/stats/players/matches/11893/zywoo?event=8243
12/05/26,Vitality,BetBoom,anb,16 - 15,+1,1.38,https://www.hltv.org/stats/players/matches/11893/zywoo?event=8243
11/05/26,Vitality,BC.Game,d2,19 - 11,+8,1.28,https://www.hltv.org/stats/players/matches/11893/zywoo?event=8243
11/05/26,Vitality,BC.Game,mrg,19 - 9,+10,1.81,https://www.hltv.org/stats/players/matches/11893/zywoo?event=8243
03/05/26,Vitality,Natus Vincere,d2,19 - 9,+10,2.18,https://www.hltv.org/stats/players/matches/11893/zywoo?event=8250
03/05/26,Vitality,Natus Vincere,anb,17 - 19,-2,0.98,https://www.hltv.org/stats/players/matches/11893/zywoo?event=8250
03/05/26,Vitality,Natus Vincere,nuke,18 - 17,+1,1.20,https://www.hltv.org/stats/players/matches/11893/zywoo?event=8250
02/05/26,Vitality,GamerLegion,ovp,21 - 18,+3,1.09,https://www.hltv.org/stats/players/matches/11893/zywoo?event=8250
02/05/26,Vitality,GamerLegion,mrg,21 - 3,+18,2.12,https://www.hltv.org/stats/players/matches/11893/zywoo?event=8250
30/04/26,Vitality,G2,d2,18 - 9,+9,1.96,https://www.hltv.org/stats/players/matches/11893/zywoo?event=8250
30/04/26,Vitality,G2,ovp,18 - 15,+3,1.16,https://www.hltv.org/stats/players/matches/11893/zywoo?event=8250
30/04/26,Vitality,G2,mrg,20 - 18,+2,1.22,https://www.hltv.org/stats/players/matches/11893/zywoo?event=8250
29/04/26,Vitality,FUT,nuke,23 - 12,+11,1.36,https://www.hltv.org/stats/players/matches/11893/zywoo?event=8250
29/04/26,Vitality,FUT,d2,30 - 11,+19,1.78,https://www.hltv.org/stats/players/matches/11893/zywoo?event=8250
29/04/26,Vitality,FUT,mrg,16 - 14,+2,0.92,https://www.hltv.org/stats/players/matches/11893/zywoo?event=8250
19/04/26,Vitality,Spirit,d2,18 - 8,+10,1.62,https://www.hltv.org/stats/players/matches/11893/zywoo?event=8242
19/04/26,Vitality,Spirit,nuke,20 - 12,+8,1.51,https://www.hltv.org/stats/players/matches/11893/zywoo?event=8242
19/04/26,Vitality,Spirit,mrg,21 - 19,+2,1.16,https://www.hltv.org/stats/players/matches/11893/zywoo?event=8242
18/04/26,Vitality,FURIA,anc,27 - 14,+13,1.57,https://www.hltv.org/stats/players/matches/11893/zywoo?event=8242
18/04/26,Vitality,FURIA,ovp,22 - 13,+9,1.66,https://www.hltv.org/stats/players/matches/11893/zywoo?event=8242
17/04/26,Vitality,Natus Vincere,d2,14 - 8,+6,1.44,https://www.hltv.org/stats/players/matches/11893/zywoo?event=8242
17/04/26,Vitality,Natus Vincere,mrg,30 - 7,+23,2.53,https://www.hltv.org/stats/players/matches/11893/zywoo?event=8242
15/04/26,Vitality,Falcons,nuke,19 - 19,0,0.85,https://www.hltv.org/stats/players/matches/11893/zywoo?event=8242
15/04/26,Vitality,Falcons,d2,15 - 11,+4,0.98,https://www.hltv.org/stats/players/matches/11893/zywoo?event=8242
15/04/26,Vitality,Falcons,mrg,19 - 16,+3,1.08,https://www.hltv.org/stats/players/matches/11893/zywoo?event=8242
14/04/26,Vitality,G2,d2,13 - 14,-1,1.01,https://www.hltv.org/stats/players/matches/11893/zywoo?event=8242
14/04/26,Vitality,G2,inf,29 - 15,+14,1.65,https://www.hltv.org/stats/players/matches/11893/zywoo?event=8242
14/04/26,Vitality,G2,mrg,10 - 13,-3,1.00,https://www.hltv.org/stats/players/matches/11893/zywoo?event=8242
13/04/26,Vitality,RED Canids,ovp,21 - 8,+13,1.86,https://www.hltv.org/stats/players/matches/11893/zywoo?event=8242
13/04/26,Vitality,RED Canids,nuke,24 - 10,+14,2.34,https://www.hltv.org/stats/players/matches/11893/zywoo?event=8242
29/03/26,Vitality,Natus Vincere,d2,16 - 8,+8,1.26,https://www.hltv.org/stats/players/matches/11893/zywoo?event=8248
29/03/26,Vitality,Natus Vincere,anb,15 - 12,+3,1.04,https://www.hltv.org/stats/players/matches/11893/zywoo?event=8248
29/03/26,Vitality,Natus Vincere,inf,16 - 12,+4,1.42,https://www.hltv.org/stats/players/matches/11893/zywoo?event=8248
28/03/26,Vitality,Aurora,nuke,18 - 10,+8,1.83,https://www.hltv.org/stats/players/matches/11893/zywoo?event=8248
28/03/26,Vitality,Aurora,inf,10 - 8,+2,1.03,https://www.hltv.org/stats/players/matches/11893/zywoo?event=8248
23/03/26,Vitality,PARIVISION,inf,28 - 15,+13,1.67,https://www.hltv.org/stats/players/matches/11893/zywoo?event=8248
23/03/26,Vitality,PARIVISION,mrg,17 - 11,+6,1.12,https://www.hltv.org/stats/players/matches/11893/zywoo?event=8248
21/03/26,Vitality,The MongolZ,ovp,23 - 14,+9,1.42,https://www.hltv.org/stats/players/matches/11893/zywoo?event=8248
21/03/26,Vitality,The MongolZ,mrg,19 - 9,+10,2.22,https://www.hltv.org/stats/players/matches/11893/zywoo?event=8248
19/03/26,Vitality,9z,nuke,14 - 7,+7,1.57,https://www.hltv.org/stats/players/matches/11893/zywoo?event=8248
19/03/26,Vitality,9z,ovp,23 - 8,+15,2.38,https://www.hltv.org/stats/players/matches/11893/zywoo?event=8248
22/02/26,Vitality,PARIVISION,inf,20 - 19,+1,1.28,https://www.hltv.org/stats/players/matches/11893/zywoo?event=8047
22/02/26,Vitality,PARIVISION,d2,12 - 5,+7,1.33,https://www.hltv.org/stats/players/matches/11893/zywoo?event=8047
22/02/26,Vitality,PARIVISION,ovp,16 - 15,+1,1.07,https://www.hltv.org/stats/players/matches/11893/zywoo?event=8047
21/02/26,Vitality,The MongolZ,d2,10 - 6,+4,1.34,https://www.hltv.org/stats/players/matches/11893/zywoo?event=8047
21/02/26,Vitality,The MongolZ,mrg,26 - 16,+10,1.44,https://www.hltv.org/stats/players/matches/11893/zywoo?event=8047
20/02/26,Vitality,Aurora,ovp,25 - 10,+15,1.86,https://www.hltv.org/stats/players/matches/11893/zywoo?event=8047
20/02/26,Vitality,Aurora,inf,19 - 10,+9,1.46,https://www.hltv.org/stats/players/matches/11893/zywoo?event=8047
16/02/26,Vitality,MOUZ,inf,22 - 12,+10,1.63,https://www.hltv.org/stats/players/matches/11893/zywoo?event=8047
16/02/26,Vitality,MOUZ,d2,22 - 10,+12,2.03,https://www.hltv.org/stats/players/matches/11893/zywoo?event=8047
15/02/26,Vitality,The MongolZ,nuke,12 - 10,+2,1.13,https://www.hltv.org/stats/players/matches/11893/zywoo?event=8047
15/02/26,Vitality,The MongolZ,d2,11 - 5,+6,1.51,https://www.hltv.org/stats/players/matches/11893/zywoo?event=8047
15/02/26,Vitality,The MongolZ,mrg,16 - 14,+2,1.06,https://www.hltv.org/stats/players/matches/11893/zywoo?event=8047
14/02/26,Vitality,G2,anb,18 - 9,+9,1.47,https://www.hltv.org/stats/players/matches/11893/zywoo?event=8047
14/02/26,Vitality,G2,inf,14 - 13,+1,0.91,https://www.hltv.org/stats/players/matches/11893/zywoo?event=8047
14/02/26,Vitality,G2,mrg,21 - 13,+8,1.85,https://www.hltv.org/stats/players/matches/11893/zywoo?event=8047
08/02/26,Vitality,FURIA,ovp,25 - 12,+13,1.52,https://www.hltv.org/stats/players/matches/11893/zywoo?event=8240
08/02/26,Vitality,FURIA,nuke,17 - 6,+11,1.83,https://www.hltv.org/stats/players/matches/11893/zywoo?event=8240
08/02/26,Vitality,FURIA,inf,27 - 10,+17,2.22,https://www.hltv.org/stats/players/matches/11893/zywoo?event=8240
08/02/26,Vitality,FURIA,mrg,21 - 13,+8,1.28,https://www.hltv.org/stats/players/matches/11893/zywoo?event=8240
07/02/26,Vitality,MOUZ,d2,18 - 8,+10,1.70,https://www.hltv.org/stats/players/matches/11893/zywoo?event=8240
07/02/26,Vitality,MOUZ,nuke,22 - 11,+11,1.68,https://www.hltv.org/stats/players/matches/11893/zywoo?event=8240
03/02/26,Vitality,Aurora,ovp,23 - 10,+13,2.10,https://www.hltv.org/stats/players/matches/11893/zywoo?event=8240
03/02/26,Vitality,Aurora,anc,53 - 26,+27,1.65,https://www.hltv.org/stats/players/matches/11893/zywoo?event=8240
02/02/26,Vitality,3DMAX,d2,19 - 8,+11,1.81,https://www.hltv.org/stats/players/matches/11893/zywoo?event=8240
02/02/26,Vitality,3DMAX,inf,18 - 10,+8,1.41,https://www.hltv.org/stats/players/matches/11893/zywoo?event=8240
31/01/26,Vitality,BC.Game,ovp,15 - 8,+7,1.26,https://www.hltv.org/stats/players/matches/11893/zywoo?event=8240
31/01/26,Vitality,BC.Game,d2,14 - 10,+4,1.03,https://www.hltv.org/stats/players/matches/11893/zywoo?event=8240
24/01/26,Vitality,Falcons,mrg,5 - 15,-10,0.56,https://www.hltv.org/stats/players/matches/11893/zywoo?event=8246
24/01/26,Vitality,Falcons,anb,19 - 8,+11,1.83,https://www.hltv.org/stats/players/matches/11893/zywoo?event=8246
24/01/26,Vitality,Falcons,inf,13 - 17,-4,0.54,https://www.hltv.org/stats/players/matches/11893/zywoo?event=8246
23/01/26,Vitality,GamerLegion,d2,20 - 13,+7,1.35,https://www.hltv.org/stats/players/matches/11893/zywoo?event=8246
23/01/26,Vitality,GamerLegion,inf,15 - 16,-1,1.28,https://www.hltv.org/stats/players/matches/11893/zywoo?event=8246
18/01/26,Vitality,EYEBALLERS,ovp,25 - 9,+16,1.85,https://www.hltv.org/stats/players/matches/11893/zywoo?event=8876
18/01/26,Vitality,EYEBALLERS,anb,24 - 21,+3,1.10,https://www.hltv.org/stats/players/matches/11893/zywoo?event=8876
14/01/26,Vitality,Virtus.pro,d2,19 - 9,+10,2.02,https://www.hltv.org/stats/players/matches/11893/zywoo?event=8876
14/01/26,Vitality,Virtus.pro,ovp,21 - 8,+13,1.74,https://www.hltv.org/stats/players/matches/11893/zywoo?event=8876
14/12/25,Vitality,FaZe,ovp,14 - 6,+8,1.70,https://www.hltv.org/stats/players/matches/11893/zywoo?event=8042
14/12/25,Vitality,FaZe,inf,16 - 12,+4,1.06,https://www.hltv.org/stats/players/matches/11893/zywoo?event=8042
14/12/25,Vitality,FaZe,d2,17 - 8,+9,1.60,https://www.hltv.org/stats/players/matches/11893/zywoo?event=8042
14/12/25,Vitality,FaZe,nuke,11 - 13,-2,0.83,https://www.hltv.org/stats/players/matches/11893/zywoo?event=8042
13/12/25,Vitality,Spirit,d2,18 - 9,+9,1.42,https://www.hltv.org/stats/players/matches/11893/zywoo?event=8042
13/12/25,Vitality,Spirit,mrg,25 - 23,+2,1.08,https://www.hltv.org/stats/players/matches/11893/zywoo?event=8042
11/12/25,Vitality,The MongolZ,d2,21 - 10,+11,1.74,https://www.hltv.org/stats/players/matches/11893/zywoo?event=8042
11/12/25,Vitality,The MongolZ,mrg,25 - 8,+17,2.47,https://www.hltv.org/stats/players/matches/11893/zywoo?event=8042
06/12/25,Vitality,Natus Vincere,trn,21 - 15,+6,1.43,https://www.hltv.org/stats/players/matches/11893/zywoo?event=8042
06/12/25,Vitality,Natus Vincere,inf,19 - 15,+4,1.26,https://www.hltv.org/stats/players/matches/11893/zywoo?event=8042
05/12/25,Vitality,B8,inf,17 - 8,+9,2.05,https://www.hltv.org/stats/players/matches/11893/zywoo?event=8042
04/12/25,Vitality,3DMAX,nuke,12 - 7,+5,1.16,https://www.hltv.org/stats/players/matches/11893/zywoo?event=8042
04/12/25,Vitality,FaZe,nuke,18 - 17,+1,1.11,https://www.hltv.org/stats/players/matches/11893/zywoo?event=8042
15/11/25,Vitality,Falcons,nuke,18 - 12,+6,1.68,https://www.hltv.org/stats/players/matches/11893/zywoo?event=7908
15/11/25,Vitality,Falcons,inf,19 - 16,+3,1.14,https://www.hltv.org/stats/players/matches/11893/zywoo?event=7908
14/11/25,Vitality,Spirit,mrg,24 - 13,+11,1.62,https://www.hltv.org/stats/players/matches/11893/zywoo?event=7908
14/11/25,Vitality,Spirit,nuke,33 - 25,+8,1.41,https://www.hltv.org/stats/players/matches/11893/zywoo?event=7908
14/11/25,Vitality,Spirit,d2,13 - 15,-2,0.78,https://www.hltv.org/stats/players/matches/11893/zywoo?event=7908
13/11/25,Vitality,FURIA,inf,7 - 13,-6,0.96,https://www.hltv.org/stats/players/matches/11893/zywoo?event=7908
13/11/25,Vitality,FURIA,ovp,20 - 17,+3,1.03,https://www.hltv.org/stats/players/matches/11893/zywoo?event=7908
13/11/25,Vitality,FURIA,nuke,20 - 16,+4,1.19,https://www.hltv.org/stats/players/matches/11893/zywoo?event=7908
12/11/25,Vitality,TYLOO,inf,19 - 16,+3,1.38,https://www.hltv.org/stats/players/matches/11893/zywoo?event=7908
12/11/25,Vitality,TYLOO,nuke,9 - 15,-6,0.86,https://www.hltv.org/stats/players/matches/11893/zywoo?event=7908
12/11/25,Vitality,TYLOO,ovp,14 - 7,+7,1.69,https://www.hltv.org/stats/players/matches/11893/zywoo?event=7908
09/11/25,Vitality,FURIA,ovp,16 - 17,-1,1.08,https://www.hltv.org/stats/players/matches/11893/zywoo?event=8041
09/11/25,Vitality,FURIA,inf,21 - 16,+5,1.36,https://www.hltv.org/stats/players/matches/11893/zywoo?event=8041
09/11/25,Vitality,FURIA,anc,15 - 16,-1,1.05,https://www.hltv.org/stats/players/matches/11893/zywoo?event=8041
08/11/25,Vitality,MOUZ,inf,19 - 14,+5,1.48,https://www.hltv.org/stats/players/matches/11893/zywoo?event=8041
08/11/25,Vitality,MOUZ,trn,14 - 16,-2,0.93,https://www.hltv.org/stats/players/matches/11893/zywoo?event=8041
08/11/25,Vitality,MOUZ,nuke,30 - 16,+14,1.75,https://www.hltv.org/stats/players/matches/11893/zywoo?event=8041
07/11/25,Vitality,Astralis,mrg,19 - 11,+8,1.64,https://www.hltv.org/stats/players/matches/11893/zywoo?event=8041
07/11/25,Vitality,Astralis,nuke,19 - 19,0,0.94,https://www.hltv.org/stats/players/matches/11893/zywoo?event=8041
07/11/25,Vitality,Astralis,inf,15 - 11,+4,1.33,https://www.hltv.org/stats/players/matches/11893/zywoo?event=8041
05/11/25,Vitality,G2,mrg,16 - 14,+2,1.02,https://www.hltv.org/stats/players/matches/11893/zywoo?event=8041
05/11/25,Vitality,G2,trn,25 - 7,+18,2.43,https://www.hltv.org/stats/players/matches/11893/zywoo?event=8041
05/11/25,Vitality,Lynn Vision,nuke,14 - 11,+3,1.39,https://www.hltv.org/stats/players/matches/11893/zywoo?event=8041
05/11/25,Vitality,Lynn Vision,d2,12 - 5,+7,1.38,https://www.hltv.org/stats/players/matches/11893/zywoo?event=8041
04/11/25,Vitality,MOUZ,inf,36 - 29,+7,1.38,https://www.hltv.org/stats/players/matches/11893/zywoo?event=8041
04/11/25,Vitality,MOUZ,nuke,21 - 10,+11,1.82,https://www.hltv.org/stats/players/matches/11893/zywoo?event=8041
04/11/25,Vitality,MOUZ,trn,10 - 13,-3,0.95,https://www.hltv.org/stats/players/matches/11893/zywoo?event=8041
03/11/25,Vitality,Virtus.pro,mrg,18 - 3,+15,2.02,https://www.hltv.org/stats/players/matches/11893/zywoo?event=8041
03/11/25,Vitality,Virtus.pro,d2,12 - 12,0,1.13,https://www.hltv.org/stats/players/matches/11893/zywoo?event=8041
03/11/25,Vitality,Virtus.pro,ovp,8 - 15,-7,0.62,https://www.hltv.org/stats/players/matches/11893/zywoo?event=8041
12/10/25,Vitality,Falcons,d2,12 - 10,+2,1.17,https://www.hltv.org/stats/players/matches/11893/zywoo?event=8040
12/10/25,Vitality,Falcons,trn,17 - 9,+8,1.12,https://www.hltv.org/stats/players/matches/11893/zywoo?event=8040
12/10/25,Vitality,Falcons,inf,13 - 8,+5,0.99,https://www.hltv.org/stats/players/matches/11893/zywoo?event=8040
11/10/25,Vitality,FaZe,d2,22 - 8,+14,1.88,https://www.hltv.org/stats/players/matches/11893/zywoo?event=8040
11/10/25,Vitality,FaZe,inf,16 - 15,+1,1.33,https://www.hltv.org/stats/players/matches/11893/zywoo?event=8040
11/10/25,Vitality,FaZe,mrg,39 - 25,+14,1.51,https://www.hltv.org/stats/players/matches/11893/zywoo?event=8040
10/10/25,Vitality,FURIA,nuke,23 - 11,+12,1.68,https://www.hltv.org/stats/players/matches/11893/zywoo?event=8040
10/10/25,Vitality,FURIA,inf,18 - 13,+5,1.35,https://www.hltv.org/stats/players/matches/11893/zywoo?event=8040
10/10/25,Vitality,FURIA,ovp,19 - 19,0,1.10,https://www.hltv.org/stats/players/matches/11893/zywoo?event=8040
07/10/25,Vitality,G2,mrg,25 - 22,+3,1.14,https://www.hltv.org/stats/players/matches/11893/zywoo?event=8040
07/10/25,Vitality,G2,inf,12 - 4,+8,1.51,https://www.hltv.org/stats/players/matches/11893/zywoo?event=8040
06/10/25,Vitality,HOTU,d2,9 - 9,0,0.90,https://www.hltv.org/stats/players/matches/11893/zywoo?event=8040
06/10/25,Vitality,HOTU,ovp,20 - 10,+10,1.59,https://www.hltv.org/stats/players/matches/11893/zywoo?event=8040
05/10/25,Vitality,GamerLegion,d2,21 - 8,+13,2.47,https://www.hltv.org/stats/players/matches/11893/zywoo?event=8040
05/10/25,Vitality,GamerLegion,ovp,19 - 5,+14,1.77,https://www.hltv.org/stats/players/matches/11893/zywoo?event=8040
04/10/25,Vitality,Gentle Mates,trn,15 - 13,+2,0.98,https://www.hltv.org/stats/players/matches/11893/zywoo?event=8040
04/10/25,Vitality,Gentle Mates,nuke,14 - 14,0,0.91,https://www.hltv.org/stats/players/matches/11893/zywoo?event=8040
07/09/25,Vitality,G2,trn,11 - 16,-5,0.85,https://www.hltv.org/stats/players/matches/11893/zywoo?event=7912
07/09/25,Vitality,G2,inf,17 - 22,-5,0.72,https://www.hltv.org/stats/players/matches/11893/zywoo?event=7912
07/09/25,Vitality,G2,ovp,20 - 10,+10,1.90,https://www.hltv.org/stats/players/matches/11893/zywoo?event=7912
07/09/25,Vitality,G2,mrg,30 - 6,+24,2.61,https://www.hltv.org/stats/players/matches/11893/zywoo?event=7912
07/09/25,Vitality,G2,d2,9 - 13,-4,1.03,https://www.hltv.org/stats/players/matches/11893/zywoo?event=7912
06/09/25,Vitality,MOUZ,inf,19 - 12,+7,1.56,https://www.hltv.org/stats/players/matches/11893/zywoo?event=7912
06/09/25,Vitality,MOUZ,mrg,16 - 9,+7,1.32,https://www.hltv.org/stats/players/matches/11893/zywoo?event=7912
01/09/25,Vitality,FaZe,inf,21 - 10,+11,1.60,https://www.hltv.org/stats/players/matches/11893/zywoo?event=7907
01/09/25,Vitality,FaZe,nuke,16 - 22,-6,0.92,https://www.hltv.org/stats/players/matches/11893/zywoo?event=7907
01/09/25,Vitality,FaZe,mrg,26 - 26,0,1.03,https://www.hltv.org/stats/players/matches/11893/zywoo?event=7907
29/08/25,Vitality,GamerLegion,nuke,12 - 7,+5,1.55,https://www.hltv.org/stats/players/matches/11893/zywoo?event=7907
29/08/25,Vitality,GamerLegion,inf,13 - 13,0,1.08,https://www.hltv.org/stats/players/matches/11893/zywoo?event=7907
29/08/25,Vitality,GamerLegion,trn,21 - 11,+10,1.50,https://www.hltv.org/stats/players/matches/11893/zywoo?event=7907
27/08/25,Vitality,M80,inf,13 - 14,-1,1.27,https://www.hltv.org/stats/players/matches/11893/zywoo?event=7907
27/08/25,Vitality,M80,d2,24 - 13,+11,1.73,https://www.hltv.org/stats/players/matches/11893/zywoo?event=7907
27/08/25,Vitality,M80,ovp,6 - 12,-6,0.49,https://www.hltv.org/stats/players/matches/11893/zywoo?event=7907
24/08/25,Vitality,Falcons,nuke,12 - 15,-3,0.97,https://www.hltv.org/stats/players/matches/11893/zywoo?event=8039
24/08/25,Vitality,Falcons,trn,10 - 14,-4,0.87,https://www.hltv.org/stats/players/matches/11893/zywoo?event=8039
24/08/25,Vitality,Falcons,inf,9 - 13,-4,0.72,https://www.hltv.org/stats/players/matches/11893/zywoo?event=8039
23/08/25,Vitality,The MongolZ,nuke,14 - 14,0,1.20,https://www.hltv.org/stats/players/matches/11893/zywoo?event=8039
23/08/25,Vitality,The MongolZ,d2,11 - 14,-3,0.81,https://www.hltv.org/stats/players/matches/11893/zywoo?event=8039
23/08/25,Vitality,The MongolZ,mrg,17 - 15,+2,1.33,https://www.hltv.org/stats/players/matches/11893/zywoo?event=8039
21/08/25,Vitality,TYLOO,nuke,20 - 12,+8,1.45,https://www.hltv.org/stats/players/matches/11893/zywoo?event=8039
21/08/25,Vitality,TYLOO,inf,24 - 7,+17,2.73,https://www.hltv.org/stats/players/matches/11893/zywoo?event=8039
20/08/25,Vitality,Liquid,d2,24 - 20,+4,1.18,https://www.hltv.org/stats/players/matches/11893/zywoo?event=8039
20/08/25,Vitality,Liquid,mrg,27 - 14,+13,1.95,https://www.hltv.org/stats/players/matches/11893/zywoo?event=8039
16/08/25,Vitality,The MongolZ,inf,17 - 16,+1,0.96,https://www.hltv.org/stats/players/matches/11893/zywoo?event=7910
16/08/25,Vitality,The MongolZ,mrg,15 - 13,+2,1.13,https://www.hltv.org/stats/players/matches/11893/zywoo?event=7910
15/08/25,Vitality,Liquid,nuke,30 - 21,+9,1.34,https://www.hltv.org/stats/players/matches/11893/zywoo?event=7910
15/08/25,Vitality,Liquid,trn,25 - 17,+8,1.13,https://www.hltv.org/stats/players/matches/11893/zywoo?event=7910
10/08/25,Vitality,Legacy,d2,15 - 11,+4,1.32,https://www.hltv.org/stats/players/matches/11893/zywoo?event=7906
10/08/25,Vitality,Legacy,mrg,25 - 15,+10,1.42,https://www.hltv.org/stats/players/matches/11893/zywoo?event=7906
08/08/25,Vitality,NRG,d2,15 - 6,+9,1.55,https://www.hltv.org/stats/players/matches/11893/zywoo?event=7906
08/08/25,Vitality,NRG,mrg,23 - 5,+18,1.97,https://www.hltv.org/stats/players/matches/11893/zywoo?event=7906
02/08/25,Vitality,MOUZ,trn,13 - 18,-5,0.79,https://www.hltv.org/stats/players/matches/11893/zywoo?event=8038
02/08/25,Vitality,MOUZ,mrg,8 - 19,-11,0.45,https://www.hltv.org/stats/players/matches/11893/zywoo?event=8038
29/07/25,Vitality,The MongolZ,inf,20 - 12,+8,1.64,https://www.hltv.org/stats/players/matches/11893/zywoo?event=8038
29/07/25,Vitality,The MongolZ,mrg,23 - 9,+14,1.78,https://www.hltv.org/stats/players/matches/11893/zywoo?event=8038
27/07/25,Vitality,G2,trn,23 - 15,+8,1.45,https://www.hltv.org/stats/players/matches/11893/zywoo?event=8038
27/07/25,Vitality,G2,inf,10 - 10,0,0.90,https://www.hltv.org/stats/players/matches/11893/zywoo?event=8038
26/07/25,Vitality,Astralis,ovp,12 - 12,0,1.01,https://www.hltv.org/stats/players/matches/11893/zywoo?event=8038
26/07/25,Vitality,Astralis,nuke,19 - 19,0,1.12,https://www.hltv.org/stats/players/matches/11893/zywoo?event=8038
22/06/25,Vitality,The MongolZ,inf,10 - 10,0,0.97,https://www.hltv.org/stats/players/matches/11893/zywoo?event=7902
22/06/25,Vitality,The MongolZ,d2,18 - 8,+10,1.97,https://www.hltv.org/stats/players/matches/11893/zywoo?event=7902
22/06/25,Vitality,The MongolZ,mrg,9 - 16,-7,0.69,https://www.hltv.org/stats/players/matches/11893/zywoo?event=7902
21/06/25,Vitality,MOUZ,trn,21 - 10,+11,1.77,https://www.hltv.org/stats/players/matches/11893/zywoo?event=7902
21/06/25,Vitality,MOUZ,inf,18 - 15,+3,1.51,https://www.hltv.org/stats/players/matches/11893/zywoo?event=7902
21/06/25,Vitality,MOUZ,mrg,14 - 7,+7,1.15,https://www.hltv.org/stats/players/matches/11893/zywoo?event=7902
20/06/25,Vitality,Natus Vincere,nuke,24 - 16,+8,1.49,https://www.hltv.org/stats/players/matches/11893/zywoo?event=7902
20/06/25,Vitality,Natus Vincere,mrg,17 - 11,+6,1.40,https://www.hltv.org/stats/players/matches/11893/zywoo?event=7902
14/06/25,Vitality,Virtus.pro,d2,22 - 6,+16,1.81,https://www.hltv.org/stats/players/matches/11893/zywoo?event=7902
14/06/25,Vitality,Virtus.pro,trn,16 - 9,+7,1.51,https://www.hltv.org/stats/players/matches/11893/zywoo?event=7902
13/06/25,Vitality,3DMAX,nuke,15 - 4,+11,1.98,https://www.hltv.org/stats/players/matches/11893/zywoo?event=7902
13/06/25,Vitality,Nemiga,d2,22 - 11,+11,1.46,https://www.hltv.org/stats/players/matches/11893/zywoo?event=7902
12/06/25,Vitality,Legacy,inf,11 - 10,+1,0.89,https://www.hltv.org/stats/players/matches/11893/zywoo?event=7902
25/05/25,Vitality,MOUZ,inf,13 - 11,+2,1.30,https://www.hltv.org/stats/players/matches/11893/zywoo?event=8037
25/05/25,Vitality,MOUZ,mrg,25 - 12,+13,1.80,https://www.hltv.org/stats/players/matches/11893/zywoo?event=8037
25/05/25,Vitality,MOUZ,d2,21 - 12,+9,1.45,https://www.hltv.org/stats/players/matches/11893/zywoo?event=8037
25/05/25,Vitality,Falcons,inf,22 - 17,+5,1.22,https://www.hltv.org/stats/players/matches/11893/zywoo?event=8037
25/05/25,Vitality,Falcons,trn,12 - 16,-4,1.05,https://www.hltv.org/stats/players/matches/11893/zywoo?event=8037
25/05/25,Vitality,Falcons,d2,16 - 12,+4,1.18,https://www.hltv.org/stats/players/matches/11893/zywoo?event=8037
22/05/25,Vitality,The MongolZ,mrg,17 - 17,0,1.09,https://www.hltv.org/stats/players/matches/11893/zywoo?event=8037
22/05/25,Vitality,The MongolZ,nuke,19 - 14,+5,1.65,https://www.hltv.org/stats/players/matches/11893/zywoo?event=8037
22/05/25,Vitality,The MongolZ,inf,20 - 13,+7,1.24,https://www.hltv.org/stats/players/matches/11893/zywoo?event=8037
20/05/25,Vitality,GamerLegion,nuke,17 - 12,+5,1.23,https://www.hltv.org/stats/players/matches/11893/zywoo?event=8037
20/05/25,Vitality,GamerLegion,mrg,16 - 11,+5,1.12,https://www.hltv.org/stats/players/matches/11893/zywoo?event=8037
19/05/25,Vitality,Legacy,d2,15 - 13,+2,1.11,https://www.hltv.org/stats/players/matches/11893/zywoo?event=8037
19/05/25,Vitality,Legacy,inf,13 - 8,+5,1.34,https://www.hltv.org/stats/players/matches/11893/zywoo?event=8037
04/05/25,Vitality,Falcons,nuke,20 - 11,+9,1.79,https://www.hltv.org/stats/players/matches/11893/zywoo?event=7905
04/05/25,Vitality,Falcons,mrg,25 - 21,+4,1.47,https://www.hltv.org/stats/players/matches/11893/zywoo?event=7905
04/05/25,Vitality,Falcons,trn,10 - 9,+1,0.98,https://www.hltv.org/stats/players/matches/11893/zywoo?event=7905
04/05/25,Vitality,Falcons,d2,17 - 10,+7,1.72,https://www.hltv.org/stats/players/matches/11893/zywoo?event=7905
04/05/25,Vitality,Falcons,inf,18 - 15,+3,1.26,https://www.hltv.org/stats/players/matches/11893/zywoo?event=7905
03/05/25,Vitality,Spirit,nuke,16 - 17,-1,0.89,https://www.hltv.org/stats/players/matches/11893/zywoo?event=7905
03/05/25,Vitality,Spirit,mrg,25 - 13,+12,2.06,https://www.hltv.org/stats/players/matches/11893/zywoo?event=7905
01/05/25,Vitality,MOUZ,trn,20 - 15,+5,1.54,https://www.hltv.org/stats/players/matches/11893/zywoo?event=7905
01/05/25,Vitality,MOUZ,inf,13 - 14,-1,0.96,https://www.hltv.org/stats/players/matches/11893/zywoo?event=7905
01/05/25,Vitality,MOUZ,mrg,18 - 17,+1,1.05,https://www.hltv.org/stats/players/matches/11893/zywoo?event=7905
30/04/25,Vitality,Wildcard,d2,14 - 11,+3,1.12,https://www.hltv.org/stats/players/matches/11893/zywoo?event=7905
30/04/25,Vitality,Wildcard,inf,13 - 12,+1,1.08,https://www.hltv.org/stats/players/matches/11893/zywoo?event=7905
27/04/25,Vitality,Falcons,nuke,35 - 31,+4,1.38,https://www.hltv.org/stats/players/matches/11893/zywoo?event=8036
27/04/25,Vitality,Falcons,mrg,18 - 15,+3,1.09,https://www.hltv.org/stats/players/matches/11893/zywoo?event=8036
27/04/25,Vitality,Falcons,trn,24 - 14,+10,1.54,https://www.hltv.org/stats/players/matches/11893/zywoo?event=8036
27/04/25,Vitality,Falcons,d2,16 - 17,-1,0.92,https://www.hltv.org/stats/players/matches/11893/zywoo?event=8036
27/04/25,Vitality,Falcons,inf,17 - 5,+12,2.36,https://www.hltv.org/stats/players/matches/11893/zywoo?event=8036
26/04/25,Vitality,The MongolZ,nuke,22 - 6,+16,2.33,https://www.hltv.org/stats/players/matches/11893/zywoo?event=8036
26/04/25,Vitality,The MongolZ,mrg,16 - 5,+11,1.75,https://www.hltv.org/stats/players/matches/11893/zywoo?event=8036
23/04/25,Vitality,Falcons,inf,18 - 11,+7,1.52,https://www.hltv.org/stats/players/matches/11893/zywoo?event=8036
23/04/25,Vitality,Falcons,mrg,18 - 17,+1,0.99,https://www.hltv.org/stats/players/matches/11893/zywoo?event=8036
22/04/25,Vitality,Liquid,nuke,13 - 16,-3,0.84,https://www.hltv.org/stats/players/matches/11893/zywoo?event=8036
22/04/25,Vitality,Liquid,mrg,16 - 10,+6,1.69,https://www.hltv.org/stats/players/matches/11893/zywoo?event=8036
21/04/25,Vitality,FlyQuest,nuke,17 - 12,+5,1.42,https://www.hltv.org/stats/players/matches/11893/zywoo?event=8036
21/04/25,Vitality,FlyQuest,anb,10 - 10,0,1.35,https://www.hltv.org/stats/players/matches/11893/zywoo?event=8036
30/03/25,Vitality,MOUZ,trn,18 - 12,+6,1.48,https://www.hltv.org/stats/players/matches/11893/zywoo?event=7904
30/03/25,Vitality,MOUZ,nuke,21 - 13,+8,1.65,https://www.hltv.org/stats/players/matches/11893/zywoo?event=7904
30/03/25,Vitality,MOUZ,d2,19 - 12,+7,1.40,https://www.hltv.org/stats/players/matches/11893/zywoo?event=7904
30/03/25,Vitality,MOUZ,mrg,12 - 16,-4,0.86,https://www.hltv.org/stats/players/matches/11893/zywoo?event=7904
30/03/25,Vitality,MOUZ,inf,13 - 2,+11,2.57,https://www.hltv.org/stats/players/matches/11893/zywoo?event=7904
29/03/25,Vitality,Spirit,mrg,26 - 14,+12,1.75,https://www.hltv.org/stats/players/matches/11893/zywoo?event=7904
29/03/25,Vitality,Spirit,nuke,12 - 16,-4,1.08,https://www.hltv.org/stats/players/matches/11893/zywoo?event=7904
29/03/25,Vitality,Spirit,anb,15 - 11,+4,1.54,https://www.hltv.org/stats/players/matches/11893/zywoo?event=7904
24/03/25,Vitality,MOUZ,d2,22 - 14,+8,1.76,https://www.hltv.org/stats/players/matches/11893/zywoo?event=7904
24/03/25,Vitality,MOUZ,mrg,20 - 14,+6,1.36,https://www.hltv.org/stats/players/matches/11893/zywoo?event=7904
21/03/25,Vitality,Virtus.pro,inf,17 - 12,+5,1.39,https://www.hltv.org/stats/players/matches/11893/zywoo?event=7904
21/03/25,Vitality,Virtus.pro,anb,19 - 6,+13,1.97,https://www.hltv.org/stats/players/matches/11893/zywoo?event=7904
19/03/25,Vitality,Astralis,d2,17 - 8,+9,1.57,https://www.hltv.org/stats/players/matches/11893/zywoo?event=7904
19/03/25,Vitality,Astralis,inf,13 - 6,+7,1.47,https://www.hltv.org/stats/players/matches/11893/zywoo?event=7904
16/03/25,Vitality,MOUZ,inf,16 - 8,+8,1.80,https://www.hltv.org/stats/players/matches/11893/zywoo?event=8292
16/03/25,Vitality,MOUZ,nuke,17 - 11,+6,1.68,https://www.hltv.org/stats/players/matches/11893/zywoo?event=8292
16/03/25,Vitality,MOUZ,d2,10 - 15,-5,0.77,https://www.hltv.org/stats/players/matches/11893/zywoo?event=8292
15/03/25,Vitality,The MongolZ,inf,12 - 6,+6,1.40,https://www.hltv.org/stats/players/matches/11893/zywoo?event=8292
15/03/25,Vitality,The MongolZ,nuke,25 - 18,+7,1.33,https://www.hltv.org/stats/players/matches/11893/zywoo?event=8292
15/03/25,Vitality,The MongolZ,anb,17 - 6,+11,1.80,https://www.hltv.org/stats/players/matches/11893/zywoo?event=8292
14/03/25,Vitality,Liquid,d2,20 - 11,+9,1.26,https://www.hltv.org/stats/players/matches/11893/zywoo?event=8292
14/03/25,Vitality,Liquid,anb,18 - 13,+5,1.45,https://www.hltv.org/stats/players/matches/11893/zywoo?event=8292
09/03/25,Vitality,MOUZ,d2,26 - 8,+18,2.38,https://www.hltv.org/stats/players/matches/11893/zywoo?event=8292
09/03/25,Vitality,MOUZ,inf,17 - 10,+7,1.34,https://www.hltv.org/stats/players/matches/11893/zywoo?event=8292
08/03/25,Vitality,3DMAX,d2,17 - 11,+6,1.32,https://www.hltv.org/stats/players/matches/11893/zywoo?event=8292
08/03/25,Vitality,3DMAX,trn,21 - 11,+10,2.13,https://www.hltv.org/stats/players/matches/11893/zywoo?event=8292
07/03/25,Vitality,MIBR,trn,17 - 12,+5,1.34,https://www.hltv.org/stats/players/matches/11893/zywoo?event=8292
07/03/25,Vitality,MIBR,inf,19 - 6,+13,2.12,https://www.hltv.org/stats/players/matches/11893/zywoo?event=8292
07/03/25,Vitality,MIBR,anb,9 - 14,-5,0.70,https://www.hltv.org/stats/players/matches/11893/zywoo?event=8292
09/02/25,Vitality,Spirit,mrg,22 - 13,+9,1.26,https://www.hltv.org/stats/players/matches/11893/zywoo?event=8034
09/02/25,Vitality,Spirit,nuke,26 - 6,+20,2.26,https://www.hltv.org/stats/players/matches/11893/zywoo?event=8034
09/02/25,Vitality,Spirit,d2,19 - 10,+9,1.30,https://www.hltv.org/stats/players/matches/11893/zywoo?event=8034
08/02/25,Vitality,The MongolZ,nuke,18 - 13,+5,1.42,https://www.hltv.org/stats/players/matches/11893/zywoo?event=8034
08/02/25,Vitality,The MongolZ,mrg,23 - 10,+13,1.63,https://www.hltv.org/stats/players/matches/11893/zywoo?event=8034
04/02/25,Vitality,Virtus.pro,inf,16 - 10,+6,1.34,https://www.hltv.org/stats/players/matches/11893/zywoo?event=8034
04/02/25,Vitality,Virtus.pro,anb,16 - 9,+7,1.49,https://www.hltv.org/stats/players/matches/11893/zywoo?event=8034
02/02/25,Vitality,FaZe,d2,37 - 23,+14,1.60,https://www.hltv.org/stats/players/matches/11893/zywoo?event=8034
02/02/25,Vitality,FaZe,anb,17 - 15,+2,1.02,https://www.hltv.org/stats/players/matches/11893/zywoo?event=8034
02/02/25,Vitality,FaZe,nuke,9 - 11,-2,0.93,https://www.hltv.org/stats/players/matches/11893/zywoo?event=8034
01/02/25,Vitality,3DMAX,nuke,19 - 12,+7,1.25,https://www.hltv.org/stats/players/matches/11893/zywoo?event=8034
01/02/25,Vitality,3DMAX,inf,26 - 23,+3,1.28,https://www.hltv.org/stats/players/matches/11893/zywoo?event=8034
24/01/25,Vitality,Eternal Fire,mrg,20 - 17,+3,1.32,https://www.hltv.org/stats/players/matches/11893/zywoo?event=7909
24/01/25,Vitality,Eternal Fire,anb,12 - 15,-3,0.80,https://www.hltv.org/stats/players/matches/11893/zywoo?event=7909
19/01/25,Vitality,Virtus.pro,inf,19 - 7,+12,1.90,https://www.hltv.org/stats/players/matches/11893/zywoo?event=7903
19/01/25,Vitality,Virtus.pro,trn,26 - 16,+10,1.79,https://www.hltv.org/stats/players/matches/11893/zywoo?event=7903
15/01/25,Vitality,Metizport,d2,30 - 11,+19,1.99,https://www.hltv.org/stats/players/matches/11893/zywoo?event=7903
15/01/25,Vitality,Metizport,mrg,22 - 17,+5,1.39,https://www.hltv.org/stats/players/matches/11893/zywoo?event=7903
13/12/24,Vitality,FaZe,anb,21 - 15,+6,1.53,https://www.hltv.org/stats/players/matches/11893/zywoo?event=7524
13/12/24,Vitality,FaZe,mrg,12 - 12,0,0.94,https://www.hltv.org/stats/players/matches/11893/zywoo?event=7524
13/12/24,Vitality,FaZe,nuke,15 - 7,+8,1.40,https://www.hltv.org/stats/players/matches/11893/zywoo?event=7524
06/12/24,Vitality,MIBR,anb,14 - 9,+5,1.38,https://www.hltv.org/stats/players/matches/11893/zywoo?event=7524
06/12/24,Vitality,MIBR,mrg,11 - 8,+3,1.38,https://www.hltv.org/stats/players/matches/11893/zywoo?event=7524
05/12/24,Vitality,FURIA,mrg,24 - 11,+13,1.46,https://www.hltv.org/stats/players/matches/11893/zywoo?event=7524
05/12/24,Vitality,GamerLegion,mrg,24 - 9,+15,1.90,https://www.hltv.org/stats/players/matches/11893/zywoo?event=7524
18/11/24,Vitality,FaZe,d2,21 - 13,+8,1.53,https://www.hltv.org/stats/players/matches/11893/zywoo?event=7864
18/11/24,Vitality,FaZe,mrg,15 - 10,+5,1.22,https://www.hltv.org/stats/players/matches/11893/zywoo?event=7864
17/11/24,Vitality,BetBoom,nuke,10 - 10,0,0.83,https://www.hltv.org/stats/players/matches/11893/zywoo?event=7864
17/11/24,Vitality,GamerLegion,inf,21 - 9,+12,1.82,https://www.hltv.org/stats/players/matches/11893/zywoo?event=7864
02/11/24,Vitality,G2,mrg,13 - 14,-1,1.11,https://www.hltv.org/stats/players/matches/11893/zywoo?event=7557
02/11/24,Vitality,G2,inf,15 - 11,+4,1.46,https://www.hltv.org/stats/players/matches/11893/zywoo?event=7557
02/11/24,Vitality,G2,d2,21 - 16,+5,1.35,https://www.hltv.org/stats/players/matches/11893/zywoo?event=7557
01/11/24,Vitality,MOUZ,mrg,15 - 9,+6,1.33,https://www.hltv.org/stats/players/matches/11893/zywoo?event=7557
01/11/24,Vitality,MOUZ,d2,19 - 9,+10,1.57,https://www.hltv.org/stats/players/matches/11893/zywoo?event=7557
31/10/24,Vitality,Liquid,nuke,23 - 11,+12,1.74,https://www.hltv.org/stats/players/matches/11893/zywoo?event=7557
31/10/24,Vitality,Liquid,d2,7 - 7,0,1.04,https://www.hltv.org/stats/players/matches/11893/zywoo?event=7557
31/10/24,Vitality,Liquid,anb,23 - 13,+10,1.66,https://www.hltv.org/stats/players/matches/11893/zywoo?event=7557
30/10/24,Vitality,Spirit,mrg,22 - 17,+5,1.36,https://www.hltv.org/stats/players/matches/11893/zywoo?event=7557
30/10/24,Vitality,Spirit,anb,17 - 15,+2,1.41,https://www.hltv.org/stats/players/matches/11893/zywoo?event=7557
11/10/24,Vitality,MOUZ,inf,15 - 15,0,1.08,https://www.hltv.org/stats/players/matches/11893/zywoo?event=7439
11/10/24,Vitality,MOUZ,nuke,23 - 14,+9,1.18,https://www.hltv.org/stats/players/matches/11893/zywoo?event=7439
11/10/24,Vitality,MOUZ,mrg,19 - 10,+9,1.48,https://www.hltv.org/stats/players/matches/11893/zywoo?event=7439
09/10/24,Vitality,HEROIC,anb,11 - 12,-1,1.01,https://www.hltv.org/stats/players/matches/11893/zywoo?event=7439
09/10/24,Vitality,HEROIC,mrg,17 - 15,+2,1.14,https://www.hltv.org/stats/players/matches/11893/zywoo?event=7439
08/10/24,Vitality,The MongolZ,nuke,28 - 11,+17,2.22,https://www.hltv.org/stats/players/matches/11893/zywoo?event=7439
08/10/24,Vitality,The MongolZ,inf,41 - 18,+23,1.90,https://www.hltv.org/stats/players/matches/11893/zywoo?event=7439
07/10/24,Vitality,9z,mrg,12 - 8,+4,1.80,https://www.hltv.org/stats/players/matches/11893/zywoo?event=7439
28/09/24,Vitality,G2,mrg,27 - 22,+5,1.37,https://www.hltv.org/stats/players/matches/11893/zywoo?event=7556
28/09/24,Vitality,G2,d2,11 - 13,-2,0.90,https://www.hltv.org/stats/players/matches/11893/zywoo?event=7556
28/09/24,Vitality,G2,anb,19 - 15,+4,1.22,https://www.hltv.org/stats/players/matches/11893/zywoo?event=7556
26/09/24,Vitality,Liquid,nuke,22 - 11,+11,1.72,https://www.hltv.org/stats/players/matches/11893/zywoo?event=7556
26/09/24,Vitality,Liquid,anb,27 - 15,+12,1.57,https://www.hltv.org/stats/players/matches/11893/zywoo?event=7556
25/09/24,Vitality,Astralis,d2,16 - 8,+8,1.57,https://www.hltv.org/stats/players/matches/11893/zywoo?event=7556
25/09/24,Vitality,Astralis,inf,15 - 3,+12,2.27,https://www.hltv.org/stats/players/matches/11893/zywoo?event=7556
19/09/24,Vitality,Eternal Fire,inf,37 - 27,+10,1.40,https://www.hltv.org/stats/players/matches/11893/zywoo?event=7441
19/09/24,Vitality,Eternal Fire,nuke,18 - 10,+8,1.43,https://www.hltv.org/stats/players/matches/11893/zywoo?event=7441
19/09/24,Vitality,Eternal Fire,anb,30 - 18,+12,1.54,https://www.hltv.org/stats/players/matches/11893/zywoo?event=7441
15/09/24,Vitality,Liquid,d2,13 - 14,-1,1.14,https://www.hltv.org/stats/players/matches/11893/zywoo?event=7441
15/09/24,Vitality,Liquid,nuke,21 - 8,+13,1.90,https://www.hltv.org/stats/players/matches/11893/zywoo?event=7441
15/09/24,Vitality,Liquid,anb,12 - 16,-4,0.94,https://www.hltv.org/stats/players/matches/11893/zywoo?event=7441
12/09/24,Vitality,FURIA,d2,16 - 6,+10,1.87,https://www.hltv.org/stats/players/matches/11893/zywoo?event=7441
12/09/24,Vitality,FURIA,vtg,15 - 11,+4,1.40,https://www.hltv.org/stats/players/matches/11893/zywoo?event=7441
11/09/24,Vitality,ATOX,nuke,21 - 13,+8,1.54,https://www.hltv.org/stats/players/matches/11893/zywoo?event=7441
11/09/24,Vitality,ATOX,inf,23 - 15,+8,1.41,https://www.hltv.org/stats/players/matches/11893/zywoo?event=7441
18/08/24,Vitality,Natus Vincere,inf,21 - 14,+7,1.67,https://www.hltv.org/stats/players/matches/11893/zywoo?event=7436
18/08/24,Vitality,Natus Vincere,mrg,36 - 27,+9,1.32,https://www.hltv.org/stats/players/matches/11893/zywoo?event=7436
18/08/24,Vitality,Natus Vincere,d2,22 - 15,+7,1.60,https://www.hltv.org/stats/players/matches/11893/zywoo?event=7436
18/08/24,Vitality,Natus Vincere,nuke,21 - 22,-1,1.10,https://www.hltv.org/stats/players/matches/11893/zywoo?event=7436
17/08/24,Vitality,SAW,d2,21 - 8,+13,1.66,https://www.hltv.org/stats/players/matches/11893/zywoo?event=7436
17/08/24,Vitality,SAW,nuke,14 - 10,+4,1.33,https://www.hltv.org/stats/players/matches/11893/zywoo?event=7436
13/08/24,Vitality,MOUZ,vtg,17 - 17,0,0.92,https://www.hltv.org/stats/players/matches/11893/zywoo?event=7436
13/08/24,Vitality,MOUZ,d2,21 - 8,+13,1.94,https://www.hltv.org/stats/players/matches/11893/zywoo?event=7436
12/08/24,Vitality,FaZe,anb,14 - 12,+2,0.81,https://www.hltv.org/stats/players/matches/11893/zywoo?event=7436
12/08/24,Vitality,FaZe,d2,16 - 17,-1,0.94,https://www.hltv.org/stats/players/matches/11893/zywoo?event=7436
12/08/24,Vitality,FaZe,inf,13 - 15,-2,0.93,https://www.hltv.org/stats/players/matches/11893/zywoo?event=7436
11/08/24,Vitality,FURIA,mrg,14 - 6,+8,1.69,https://www.hltv.org/stats/players/matches/11893/zywoo?event=7436
11/08/24,Vitality,FURIA,inf,18 - 4,+14,2.03,https://www.hltv.org/stats/players/matches/11893/zywoo?event=7436
03/08/24,Vitality,Astralis,nuke,24 - 9,+15,1.95,https://www.hltv.org/stats/players/matches/11893/zywoo?event=7554
03/08/24,Vitality,Astralis,mrg,20 - 13,+7,1.32,https://www.hltv.org/stats/players/matches/11893/zywoo?event=7554
03/08/24,Vitality,Astralis,vtg,22 - 15,+7,1.43,https://www.hltv.org/stats/players/matches/11893/zywoo?event=7554
30/07/24,Vitality,Astralis,d2,13 - 16,-3,0.79,https://www.hltv.org/stats/players/matches/11893/zywoo?event=7554
30/07/24,Vitality,Astralis,nuke,14 - 13,+1,1.30,https://www.hltv.org/stats/players/matches/11893/zywoo?event=7554
29/07/24,Vitality,GamerLegion,d2,25 - 6,+19,2.14,https://www.hltv.org/stats/players/matches/11893/zywoo?event=7554
29/07/24,Vitality,GamerLegion,mrg,20 - 25,-5,0.96,https://www.hltv.org/stats/players/matches/11893/zywoo?event=7554
29/07/24,Vitality,GamerLegion,anb,22 - 18,+4,1.14,https://www.hltv.org/stats/players/matches/11893/zywoo?event=7554
19/07/24,Vitality,Virtus.pro,d2,13 - 15,-2,1.09,https://www.hltv.org/stats/players/matches/11893/zywoo?event=7732
19/07/24,Vitality,Virtus.pro,inf,20 - 15,+5,1.61,https://www.hltv.org/stats/players/matches/11893/zywoo?event=7732
19/07/24,Vitality,Virtus.pro,mrg,37 - 31,+6,1.26,https://www.hltv.org/stats/players/matches/11893/zywoo?event=7732
17/07/24,Vitality,M80,d2,19 - 10,+9,1.69,https://www.hltv.org/stats/players/matches/11893/zywoo?event=7732
17/07/24,Vitality,M80,vtg,24 - 11,+13,1.51,https://www.hltv.org/stats/players/matches/11893/zywoo?event=7732
15/06/24,Vitality,Spirit,anb,15 - 15,0,1.17,https://www.hltv.org/stats/players/matches/11893/zywoo?event=7485
15/06/24,Vitality,Spirit,d2,16 - 15,+1,1.00,https://www.hltv.org/stats/players/matches/11893/zywoo?event=7485
15/06/24,Vitality,Spirit,mrg,23 - 15,+8,1.34,https://www.hltv.org/stats/players/matches/11893/zywoo?event=7485
14/06/24,Vitality,FaZe,mrg,19 - 12,+7,1.72,https://www.hltv.org/stats/players/matches/11893/zywoo?event=7485
14/06/24,Vitality,FaZe,d2,14 - 15,-1,0.96,https://www.hltv.org/stats/players/matches/11893/zywoo?event=7485
14/06/24,Vitality,FaZe,inf,15 - 13,+2,1.16,https://www.hltv.org/stats/players/matches/11893/zywoo?event=7485
13/06/24,Vitality,G2,mrg,15 - 9,+6,1.41,https://www.hltv.org/stats/players/matches/11893/zywoo?event=7485
13/06/24,Vitality,G2,anb,21 - 14,+7,1.39,https://www.hltv.org/stats/players/matches/11893/zywoo?event=7485
13/06/24,Vitality,G2,inf,14 - 8,+6,1.28,https://www.hltv.org/stats/players/matches/11893/zywoo?event=7485
12/06/24,Vitality,Virtus.pro,anb,14 - 16,-2,0.99,https://www.hltv.org/stats/players/matches/11893/zywoo?event=7485
12/06/24,Vitality,Virtus.pro,d2,25 - 16,+9,1.32,https://www.hltv.org/stats/players/matches/11893/zywoo?event=7485
12/06/24,Vitality,Virtus.pro,inf,19 - 8,+11,1.69,https://www.hltv.org/stats/players/matches/11893/zywoo?event=7485
02/06/24,Vitality,G2,nuke,9 - 16,-7,0.56,https://www.hltv.org/stats/players/matches/11893/zywoo?event=7438
02/06/24,Vitality,G2,anb,22 - 20,+2,1.07,https://www.hltv.org/stats/players/matches/11893/zywoo?event=7438
02/06/24,Vitality,G2,inf,35 - 23,+12,1.38,https://www.hltv.org/stats/players/matches/11893/zywoo?event=7438
01/06/24,Vitality,Spirit,mrg,22 - 14,+8,1.54,https://www.hltv.org/stats/players/matches/11893/zywoo?event=7438
01/06/24,Vitality,Spirit,d2,22 - 10,+12,1.56,https://www.hltv.org/stats/players/matches/11893/zywoo?event=7438
31/05/24,Vitality,HEROIC,d2,16 - 4,+12,2.02,https://www.hltv.org/stats/players/matches/11893/zywoo?event=7438
31/05/24,Vitality,HEROIC,nuke,14 - 13,+1,0.94,https://www.hltv.org/stats/players/matches/11893/zywoo?event=7438
29/05/24,Vitality,9z,anb,28 - 21,+7,1.76,https://www.hltv.org/stats/players/matches/11893/zywoo?event=7438
29/05/24,Vitality,9z,d2,12 - 14,-2,0.80,https://www.hltv.org/stats/players/matches/11893/zywoo?event=7438
28/05/24,Vitality,G2,anb,11 - 11,0,1.06,https://www.hltv.org/stats/players/matches/11893/zywoo?event=7438
28/05/24,Vitality,G2,d2,17 - 10,+7,1.17,https://www.hltv.org/stats/players/matches/11893/zywoo?event=7438
27/05/24,Vitality,Monte,nuke,26 - 20,+6,1.66,https://www.hltv.org/stats/players/matches/11893/zywoo?event=7438
12/05/24,Vitality,MOUZ,nuke,12 - 15,-3,1.15,https://www.hltv.org/stats/players/matches/11893/zywoo?event=7440
12/05/24,Vitality,MOUZ,mrg,14 - 14,0,1.09,https://www.hltv.org/stats/players/matches/11893/zywoo?event=7440
12/05/24,Vitality,MOUZ,inf,15 - 16,-1,1.06,https://www.hltv.org/stats/players/matches/11893/zywoo?event=7440
11/05/24,Vitality,Astralis,inf,24 - 12,+12,1.68,https://www.hltv.org/stats/players/matches/11893/zywoo?event=7440
11/05/24,Vitality,Astralis,vtg,28 - 17,+11,1.45,https://www.hltv.org/stats/players/matches/11893/zywoo?event=7440
11/05/24,Vitality,Astralis,mrg,18 - 15,+3,1.14,https://www.hltv.org/stats/players/matches/11893/zywoo?event=7440
10/05/24,Vitality,FaZe,vtg,30 - 15,+15,2.29,https://www.hltv.org/stats/players/matches/11893/zywoo?event=7440
10/05/24,Vitality,FaZe,nuke,24 - 6,+18,2.69,https://www.hltv.org/stats/players/matches/11893/zywoo?event=7440
28/04/24,Vitality,The MongolZ,nuke,18 - 11,+7,1.62,https://www.hltv.org/stats/players/matches/11893/zywoo?event=7440
28/04/24,Vitality,The MongolZ,mrg,30 - 12,+18,2.03,https://www.hltv.org/stats/players/matches/11893/zywoo?event=7440
25/04/24,Vitality,BetBoom,anb,28 - 12,+16,2.09,https://www.hltv.org/stats/players/matches/11893/zywoo?event=7440
25/04/24,Vitality,BetBoom,mrg,22 - 6,+16,2.22,https://www.hltv.org/stats/players/matches/11893/zywoo?event=7440
23/04/24,Vitality,Sharks,mrg,12 - 8,+4,1.32,https://www.hltv.org/stats/players/matches/11893/zywoo?event=7440
23/04/24,Vitality,Sharks,vtg,16 - 12,+4,1.33,https://www.hltv.org/stats/players/matches/11893/zywoo?event=7440
30/03/24,Vitality,FaZe,inf,16 - 15,+1,1.05,https://www.hltv.org/stats/players/matches/11893/zywoo?event=7148
30/03/24,Vitality,FaZe,vtg,14 - 9,+5,1.69,https://www.hltv.org/stats/players/matches/11893/zywoo?event=7148
30/03/24,Vitality,FaZe,nuke,8 - 16,-8,0.82,https://www.hltv.org/stats/players/matches/11893/zywoo?event=7148
28/03/24,Vitality,Cloud9,anb,10 - 8,+2,1.53,https://www.hltv.org/stats/players/matches/11893/zywoo?event=7148
28/03/24,Vitality,Cloud9,inf,16 - 7,+9,1.25,https://www.hltv.org/stats/players/matches/11893/zywoo?event=7148
23/03/24,Vitality,Complexity,anb,8 - 17,-9,0.60,https://www.hltv.org/stats/players/matches/11893/zywoo?event=7148
23/03/24,Vitality,Complexity,vtg,16 - 13,+3,1.06,https://www.hltv.org/stats/players/matches/11893/zywoo?event=7148
23/03/24,Vitality,Complexity,inf,26 - 22,+4,1.14,https://www.hltv.org/stats/players/matches/11893/zywoo?event=7148
22/03/24,Vitality,Imperial,ovp,14 - 13,+1,1.21,https://www.hltv.org/stats/players/matches/11893/zywoo?event=7148
21/03/24,Vitality,The MongolZ,nuke,17 - 14,+3,1.14,https://www.hltv.org/stats/players/matches/11893/zywoo?event=7148
21/03/24,Vitality,Eternal Fire,inf,17 - 15,+2,1.34,https://www.hltv.org/stats/players/matches/11893/zywoo?event=7148
21/02/24,Vitality,ENCE,nuke,12 - 10,+2,1.36,https://www.hltv.org/stats/players/matches/11893/zywoo?event=7577
21/02/24,Vitality,ENCE,vtg,22 - 10,+12,1.70,https://www.hltv.org/stats/players/matches/11893/zywoo?event=7577
20/02/24,Vitality,Cloud9,anb,13 - 15,-2,1.00,https://www.hltv.org/stats/players/matches/11893/zywoo?event=7577
20/02/24,Vitality,Cloud9,inf,14 - 12,+2,1.16,https://www.hltv.org/stats/players/matches/11893/zywoo?event=7577
20/02/24,Vitality,Cloud9,ovp,19 - 13,+6,1.50,https://www.hltv.org/stats/players/matches/11893/zywoo?event=7577
19/02/24,Vitality,HEROIC,ovp,25 - 6,+19,2.18,https://www.hltv.org/stats/players/matches/11893/zywoo?event=7577
19/02/24,Vitality,GamerLegion,nuke,24 - 4,+20,3.08,https://www.hltv.org/stats/players/matches/11893/zywoo?event=7577
05/02/24,Vitality,HEROIC,vtg,21 - 16,+5,1.20,https://www.hltv.org/stats/players/matches/11893/zywoo?event=7435
05/02/24,Vitality,HEROIC,anb,19 - 14,+5,1.21,https://www.hltv.org/stats/players/matches/11893/zywoo?event=7435
05/02/24,Vitality,HEROIC,mrg,20 - 20,0,1.07,https://www.hltv.org/stats/players/matches/11893/zywoo?event=7435
03/02/24,Vitality,ENCE,nuke,19 - 14,+5,1.47,https://www.hltv.org/stats/players/matches/11893/zywoo?event=7435
03/02/24,Vitality,ENCE,anb,13 - 9,+4,1.63,https://www.hltv.org/stats/players/matches/11893/zywoo?event=7435
03/02/24,Vitality,ENCE,vtg,13 - 14,-1,1.02,https://www.hltv.org/stats/players/matches/11893/zywoo?event=7435
27/01/24,Vitality,Astralis,nuke,22 - 7,+15,2.02,https://www.hltv.org/stats/players/matches/11893/zywoo?event=7552
27/01/24,Vitality,Astralis,mrg,30 - 18,+12,1.71,https://www.hltv.org/stats/players/matches/11893/zywoo?event=7552
27/01/24,Vitality,Astralis,inf,13 - 14,-1,0.98,https://www.hltv.org/stats/players/matches/11893/zywoo?event=7552
26/01/24,Vitality,Falcons,anb,19 - 12,+7,1.27,https://www.hltv.org/stats/players/matches/11893/zywoo?event=7552
26/01/24,Vitality,Falcons,vtg,24 - 11,+13,2.07,https://www.hltv.org/stats/players/matches/11893/zywoo?event=7552
26/01/24,Vitality,Falcons,nuke,31 - 25,+6,1.25,https://www.hltv.org/stats/players/matches/11893/zywoo?event=7552
23/01/24,Vitality,Astralis,ovp,17 - 13,+4,1.78,https://www.hltv.org/stats/players/matches/11893/zywoo?event=7552
23/01/24,Vitality,Astralis,vtg,23 - 8,+15,2.18,https://www.hltv.org/stats/players/matches/11893/zywoo?event=7552
23/01/24,Vitality,Astralis,mrg,17 - 13,+4,1.08,https://www.hltv.org/stats/players/matches/11893/zywoo?event=7552
22/01/24,Vitality,OG,inf,16 - 12,+4,1.10,https://www.hltv.org/stats/players/matches/11893/zywoo?event=7552
22/01/24,Vitality,OG,mrg,17 - 4,+13,2.21,https://www.hltv.org/stats/players/matches/11893/zywoo?event=7552
17/12/23,Vitality,FaZe,nuke,21 - 10,+11,2.20,https://www.hltv.org/stats/players/matches/11893/zywoo?event=6976
17/12/23,Vitality,FaZe,inf,17 - 9,+8,1.67,https://www.hltv.org/stats/players/matches/11893/zywoo?event=6976
16/12/23,Vitality,Natus Vincere,inf,18 - 12,+6,1.38,https://www.hltv.org/stats/players/matches/11893/zywoo?event=6976
16/12/23,Vitality,Natus Vincere,anb,17 - 6,+11,1.53,https://www.hltv.org/stats/players/matches/11893/zywoo?event=6976
14/12/23,Vitality,Cloud9,inf,20 - 8,+12,1.64,https://www.hltv.org/stats/players/matches/11893/zywoo?event=6976
14/12/23,Vitality,Cloud9,anb,18 - 13,+5,0.93,https://www.hltv.org/stats/players/matches/11893/zywoo?event=6976
13/12/23,Vitality,Natus Vincere,ovp,14 - 10,+4,1.32,https://www.hltv.org/stats/players/matches/11893/zywoo?event=6976
13/12/23,Vitality,Natus Vincere,anb,14 - 16,-2,0.89,https://www.hltv.org/stats/players/matches/11893/zywoo?event=6976
26/11/23,Vitality,FaZe,nuke,21 - 13,+8,1.28,https://www.hltv.org/stats/players/matches/11893/zywoo?event=6975
26/11/23,Vitality,FaZe,vtg,10 - 8,+2,1.12,https://www.hltv.org/stats/players/matches/11893/zywoo?event=6975
25/11/23,Vitality,Cloud9,inf,21 - 15,+6,1.11,https://www.hltv.org/stats/players/matches/11893/zywoo?event=6975
25/11/23,Vitality,Cloud9,nuke,15 - 13,+2,1.16,https://www.hltv.org/stats/players/matches/11893/zywoo?event=6975
25/11/23,Vitality,Cloud9,mrg,26 - 14,+12,1.43,https://www.hltv.org/stats/players/matches/11893/zywoo?event=6975
23/11/23,Vitality,Complexity,inf,24 - 10,+14,2.44,https://www.hltv.org/stats/players/matches/11893/zywoo?event=6975
23/11/23,Vitality,Complexity,nuke,24 - 21,+3,1.12,https://www.hltv.org/stats/players/matches/11893/zywoo?event=6975
23/11/23,Vitality,Complexity,anb,14 - 5,+9,2.01,https://www.hltv.org/stats/players/matches/11893/zywoo?event=6975
22/11/23,Vitality,HEROIC,inf,15 - 10,+5,1.25,https://www.hltv.org/stats/players/matches/11893/zywoo?event=6975
22/11/23,Vitality,HEROIC,nuke,10 - 11,-1,0.96,https://www.hltv.org/stats/players/matches/11893/zywoo?event=6975
16/10/23,Vitality,FaZe,nuke,18 - 18,0,1.17,https://www.hltv.org/stats/players/matches/11893/zywoo?event=6865
16/10/23,Vitality,FaZe,inf,20 - 15,+5,1.18,https://www.hltv.org/stats/players/matches/11893/zywoo?event=6865
16/10/23,Vitality,FaZe,ovp,21 - 21,0,0.96,https://www.hltv.org/stats/players/matches/11893/zywoo?event=6865
16/10/23,Vitality,BetBoom,mrg,22 - 22,0,0.98,https://www.hltv.org/stats/players/matches/11893/zywoo?event=6865
28/09/23,Vitality,Monte,nuke,27 - 24,+3,1.24,https://www.hltv.org/stats/players/matches/11893/zywoo?event=6863
28/09/23,Vitality,Monte,anb,19 - 18,+1,1.02,https://www.hltv.org/stats/players/matches/11893/zywoo?event=6863
03/09/23,Vitality,Movistar Riders,inf,25 - 12,+13,1.54,https://www.hltv.org/stats/players/matches/11893/zywoo?event=6863
03/09/23,Vitality,Movistar Riders,ovp,23 - 17,+6,1.29,https://www.hltv.org/stats/players/matches/11893/zywoo?event=6863
31/08/23,Vitality,Ninjas in Pyjamas,nuke,21 - 14,+7,1.25,https://www.hltv.org/stats/players/matches/11893/zywoo?event=6863
31/08/23,Vitality,Ninjas in Pyjamas,mrg,14 - 7,+7,1.47,https://www.hltv.org/stats/players/matches/11893/zywoo?event=6863
30/08/23,Vitality,ORKS,nuke,12 - 12,0,1.08,https://www.hltv.org/stats/players/matches/11893/zywoo?event=6863
30/08/23,Vitality,ORKS,mrg,28 - 12,+16,1.70,https://www.hltv.org/stats/players/matches/11893/zywoo?event=6863
20/08/23,Vitality,ENCE,nuke,22 - 13,+9,1.56,https://www.hltv.org/stats/players/matches/11893/zywoo?event=7128
20/08/23,Vitality,ENCE,mrg,28 - 17,+11,1.35,https://www.hltv.org/stats/players/matches/11893/zywoo?event=7128
20/08/23,Vitality,ENCE,anb,16 - 14,+2,1.12,https://www.hltv.org/stats/players/matches/11893/zywoo?event=7128
19/08/23,Vitality,G2,mrg,26 - 19,+7,1.25,https://www.hltv.org/stats/players/matches/11893/zywoo?event=7128
19/08/23,Vitality,G2,anb,18 - 19,-1,1.12,https://www.hltv.org/stats/players/matches/11893/zywoo?event=7128
19/08/23,Vitality,G2,inf,15 - 13,+2,1.00,https://www.hltv.org/stats/players/matches/11893/zywoo?event=7128
17/08/23,Vitality,Natus Vincere,nuke,20 - 16,+4,1.21,https://www.hltv.org/stats/players/matches/11893/zywoo?event=7128
17/08/23,Vitality,Natus Vincere,mrg,9 - 8,+1,0.98,https://www.hltv.org/stats/players/matches/11893/zywoo?event=7128
16/08/23,Vitality,MIBR,inf,21 - 11,+10,1.50,https://www.hltv.org/stats/players/matches/11893/zywoo?event=7128
16/08/23,Vitality,MIBR,anb,21 - 10,+11,1.58,https://www.hltv.org/stats/players/matches/11893/zywoo?event=7128
05/08/23,Vitality,ENCE,vtg,11 - 19,-8,0.61,https://www.hltv.org/stats/players/matches/11893/zywoo?event=6811
05/08/23,Vitality,ENCE,nuke,24 - 16,+8,1.29,https://www.hltv.org/stats/players/matches/11893/zywoo?event=6811
05/08/23,Vitality,ENCE,mrg,23 - 21,+2,1.13,https://www.hltv.org/stats/players/matches/11893/zywoo?event=6811
04/08/23,Vitality,Cloud9,inf,35 - 20,+15,1.60,https://www.hltv.org/stats/players/matches/11893/zywoo?event=6811
04/08/23,Vitality,Cloud9,mrg,21 - 15,+6,1.28,https://www.hltv.org/stats/players/matches/11893/zywoo?event=6811
01/08/23,Vitality,G2,mrg,16 - 16,0,1.03,https://www.hltv.org/stats/players/matches/11893/zywoo?event=6811
01/08/23,Vitality,G2,vtg,16 - 17,-1,1.12,https://www.hltv.org/stats/players/matches/11893/zywoo?event=6811
01/08/23,Vitality,G2,inf,22 - 19,+3,1.16,https://www.hltv.org/stats/players/matches/11893/zywoo?event=6811
31/07/23,Vitality,MOUZ,mrg,16 - 11,+5,1.52,https://www.hltv.org/stats/players/matches/11893/zywoo?event=6811
31/07/23,Vitality,MOUZ,inf,22 - 10,+12,1.90,https://www.hltv.org/stats/players/matches/11893/zywoo?event=6811
30/07/23,Vitality,OG,anb,22 - 17,+5,1.23,https://www.hltv.org/stats/players/matches/11893/zywoo?event=6811
30/07/23,Vitality,OG,mrg,17 - 8,+9,1.36,https://www.hltv.org/stats/players/matches/11893/zywoo?event=6811
23/07/23,Vitality,BIG,inf,21 - 15,+6,1.34,https://www.hltv.org/stats/players/matches/11893/zywoo?event=6973
23/07/23,Vitality,BIG,anb,24 - 18,+6,1.34,https://www.hltv.org/stats/players/matches/11893/zywoo?event=6973
19/07/23,Vitality,Ninjas in Pyjamas,ovp,20 - 17,+3,1.05,https://www.hltv.org/stats/players/matches/11893/zywoo?event=6973
19/07/23,Vitality,Ninjas in Pyjamas,mrg,30 - 16,+14,1.55,https://www.hltv.org/stats/players/matches/11893/zywoo?event=6973
15/07/23,Vitality,Complexity,vtg,20 - 8,+12,1.57,https://www.hltv.org/stats/players/matches/11893/zywoo?event=6973
15/07/23,Vitality,Complexity,inf,16 - 6,+10,1.65,https://www.hltv.org/stats/players/matches/11893/zywoo?event=6973
13/07/23,Vitality,Evil Geniuses,vtg,14 - 4,+10,1.66,https://www.hltv.org/stats/players/matches/11893/zywoo?event=6973
13/07/23,Vitality,Evil Geniuses,ovp,15 - 11,+4,1.11,https://www.hltv.org/stats/players/matches/11893/zywoo?event=6973
11/06/23,Vitality,HEROIC,inf,21 - 15,+6,1.42,https://www.hltv.org/stats/players/matches/11893/zywoo?event=6972
11/06/23,Vitality,HEROIC,mrg,21 - 15,+6,1.30,https://www.hltv.org/stats/players/matches/11893/zywoo?event=6972
11/06/23,Vitality,HEROIC,vtg,10 - 20,-10,0.66,https://www.hltv.org/stats/players/matches/11893/zywoo?event=6972
11/06/23,Vitality,G2,nuke,16 - 18,-2,1.04,https://www.hltv.org/stats/players/matches/11893/zywoo?event=6972
11/06/23,Vitality,G2,inf,23 - 16,+7,1.46,https://www.hltv.org/stats/players/matches/11893/zywoo?event=6972
11/06/23,Vitality,G2,anb,18 - 14,+4,1.05,https://www.hltv.org/stats/players/matches/11893/zywoo?event=6972
09/06/23,Vitality,FaZe,mrg,14 - 8,+6,1.21,https://www.hltv.org/stats/players/matches/11893/zywoo?event=6972
09/06/23,Vitality,FaZe,anb,34 - 27,+7,1.36,https://www.hltv.org/stats/players/matches/11893/zywoo?event=6972
08/06/23,Vitality,Cloud9,anb,27 - 21,+6,1.32,https://www.hltv.org/stats/players/matches/11893/zywoo?event=6972
08/06/23,Vitality,Cloud9,ovp,27 - 14,+13,1.45,https://www.hltv.org/stats/players/matches/11893/zywoo?event=6972
07/06/23,Vitality,Imperial,vtg,22 - 22,0,1.07,https://www.hltv.org/stats/players/matches/11893/zywoo?event=6972
07/06/23,Vitality,Imperial,ovp,13 - 16,-3,0.78,https://www.hltv.org/stats/players/matches/11893/zywoo?event=6972
21/05/23,Vitality,GamerLegion,nuke,29 - 15,+14,1.60,https://www.hltv.org/stats/players/matches/11893/zywoo?event=6793
21/05/23,Vitality,GamerLegion,ovp,19 - 13,+6,1.47,https://www.hltv.org/stats/players/matches/11893/zywoo?event=6793
20/05/23,Vitality,Apeks,vtg,23 - 16,+7,1.22,https://www.hltv.org/stats/players/matches/11893/zywoo?event=6793
20/05/23,Vitality,Apeks,mrg,27 - 20,+7,1.29,https://www.hltv.org/stats/players/matches/11893/zywoo?event=6793
18/05/23,Vitality,Into the Breach,anb,26 - 12,+14,1.70,https://www.hltv.org/stats/players/matches/11893/zywoo?event=6793
18/05/23,Vitality,Into the Breach,vtg,20 - 14,+6,1.20,https://www.hltv.org/stats/players/matches/11893/zywoo?event=6793
14/05/23,Vitality,Monte,nuke,24 - 20,+4,1.26,https://www.hltv.org/stats/players/matches/11893/zywoo?event=6793
14/05/23,Vitality,Monte,anb,20 - 12,+8,1.33,https://www.hltv.org/stats/players/matches/11893/zywoo?event=6793
13/05/23,Vitality,ENCE,vtg,28 - 16,+12,1.33,https://www.hltv.org/stats/players/matches/11893/zywoo?event=6793
13/05/23,Vitality,G2,nuke,30 - 16,+14,1.60,https://www.hltv.org/stats/players/matches/11893/zywoo?event=6793
23/04/23,Vitality,HEROIC,inf,23 - 17,+6,1.38,https://www.hltv.org/stats/players/matches/11893/zywoo?event=6864
23/04/23,Vitality,HEROIC,vtg,15 - 14,+1,1.13,https://www.hltv.org/stats/players/matches/11893/zywoo?event=6864
22/04/23,Vitality,Cloud9,ovp,31 - 11,+20,1.96,https://www.hltv.org/stats/players/matches/11893/zywoo?event=6864
22/04/23,Vitality,Cloud9,vtg,24 - 21,+3,1.11,https://www.hltv.org/stats/players/matches/11893/zywoo?event=6864
22/04/23,Vitality,Cloud9,inf,12 - 14,-2,1.04,https://www.hltv.org/stats/players/matches/11893/zywoo?event=6864
21/04/23,Vitality,BIG,mrg,25 - 15,+10,1.46,https://www.hltv.org/stats/players/matches/11893/zywoo?event=6864
21/04/23,Vitality,BIG,nuke,17 - 16,+1,1.02,https://www.hltv.org/stats/players/matches/11893/zywoo?event=6864
20/04/23,Vitality,OG,ovp,21 - 12,+9,1.32,https://www.hltv.org/stats/players/matches/11893/zywoo?event=6864
20/04/23,Vitality,OG,inf,33 - 12,+21,2.31,https://www.hltv.org/stats/players/matches/11893/zywoo?event=6864
20/04/23,Vitality,OG,mrg,18 - 18,0,1.02,https://www.hltv.org/stats/players/matches/11893/zywoo?event=6864
19/04/23,Vitality,FaZe,ovp,16 - 14,+2,1.10,https://www.hltv.org/stats/players/matches/11893/zywoo?event=6864
19/04/23,Vitality,FaZe,anb,27 - 21,+6,1.30,https://www.hltv.org/stats/players/matches/11893/zywoo?event=6864
18/04/23,Vitality,MIBR,nuke,22 - 11,+11,1.57,https://www.hltv.org/stats/players/matches/11893/zywoo?event=6864
18/04/23,Vitality,MIBR,anb,30 - 11,+19,1.65,https://www.hltv.org/stats/players/matches/11893/zywoo?event=6864
17/04/23,Vitality,OG,ovp,23 - 21,+2,1.01,https://www.hltv.org/stats/players/matches/11893/zywoo?event=6864
15/04/23,Vitality,Monte,mrg,20 - 8,+12,1.56,https://www.hltv.org/stats/players/matches/11893/zywoo?event=6978
15/04/23,Vitality,Monte,nuke,19 - 17,+2,1.12,https://www.hltv.org/stats/players/matches/11893/zywoo?event=6978
14/04/23,Vitality,G2,anb,20 - 9,+11,1.48,https://www.hltv.org/stats/players/matches/11893/zywoo?event=6978
14/04/23,Vitality,G2,mrg,26 - 15,+11,1.59,https://www.hltv.org/stats/players/matches/11893/zywoo?event=6978
13/04/23,Vitality,BIG,ovp,20 - 10,+10,1.42,https://www.hltv.org/stats/players/matches/11893/zywoo?event=6978
13/04/23,Vitality,BIG,nuke,22 - 10,+12,1.49,https://www.hltv.org/stats/players/matches/11893/zywoo?event=6978
13/04/23,Vitality,BIG,mrg,20 - 15,+5,1.23,https://www.hltv.org/stats/players/matches/11893/zywoo?event=6978
12/04/23,Vitality,9INE,anb,18 - 21,-3,0.94,https://www.hltv.org/stats/players/matches/11893/zywoo?event=6978
12/04/23,Vitality,9INE,vtg,27 - 22,+5,1.37,https://www.hltv.org/stats/players/matches/11893/zywoo?event=6978
11/04/23,Vitality,Ninjas in Pyjamas,vtg,23 - 15,+8,1.27,https://www.hltv.org/stats/players/matches/11893/zywoo?event=6978
11/04/23,Vitality,Astralis,vtg,21 - 17,+4,1.22,https://www.hltv.org/stats/players/matches/11893/zywoo?event=6978
23/03/23,Vitality,ENCE,vtg,34 - 17,+17,1.72,https://www.hltv.org/stats/players/matches/11893/zywoo?event=6862
23/03/23,Vitality,ENCE,ovp,12 - 18,-6,0.75,https://www.hltv.org/stats/players/matches/11893/zywoo?event=6862
23/03/23,Vitality,ENCE,nuke,24 - 18,+6,1.30,https://www.hltv.org/stats/players/matches/11893/zywoo?event=6862
12/03/23,Vitality,FaZe,nuke,38 - 21,+17,1.69,https://www.hltv.org/stats/players/matches/11893/zywoo?event=6862
12/03/23,Vitality,FaZe,anb,23 - 19,+4,1.17,https://www.hltv.org/stats/players/matches/11893/zywoo?event=6862
09/03/23,Vitality,OG,vtg,23 - 11,+12,1.71,https://www.hltv.org/stats/players/matches/11893/zywoo?event=6862
09/03/23,Vitality,OG,anb,21 - 5,+16,1.71,https://www.hltv.org/stats/players/matches/11893/zywoo?event=6862
08/03/23,Vitality,Grayhound,vtg,16 - 10,+6,1.47,https://www.hltv.org/stats/players/matches/11893/zywoo?event=6862
08/03/23,Vitality,Grayhound,inf,30 - 8,+22,2.35,https://www.hltv.org/stats/players/matches/11893/zywoo?event=6862
10/02/23,Vitality,Liquid,mrg,16 - 19,-3,0.91,https://www.hltv.org/stats/players/matches/11893/zywoo?event=6809
10/02/23,Vitality,Liquid,nuke,27 - 13,+14,1.99,https://www.hltv.org/stats/players/matches/11893/zywoo?event=6809
10/02/23,Vitality,Liquid,ovp,22 - 25,-3,0.86,https://www.hltv.org/stats/players/matches/11893/zywoo?event=6809
07/02/23,Vitality,HEROIC,ovp,12 - 16,-4,0.71,https://www.hltv.org/stats/players/matches/11893/zywoo?event=6809
07/02/23,Vitality,HEROIC,inf,19 - 18,+1,1.32,https://www.hltv.org/stats/players/matches/11893/zywoo?event=6809
06/02/23,Vitality,fnatic,nuke,28 - 14,+14,1.56,https://www.hltv.org/stats/players/matches/11893/zywoo?event=6809
06/02/23,Vitality,fnatic,mrg,26 - 18,+8,1.57,https://www.hltv.org/stats/players/matches/11893/zywoo?event=6809
06/02/23,Vitality,fnatic,ovp,20 - 15,+5,1.20,https://www.hltv.org/stats/players/matches/11893/zywoo?event=6809
04/02/23,Vitality,Ninjas in Pyjamas,inf,24 - 14,+10,1.72,https://www.hltv.org/stats/players/matches/11893/zywoo?event=6809
04/02/23,Vitality,Ninjas in Pyjamas,mrg,23 - 17,+6,1.28,https://www.hltv.org/stats/players/matches/11893/zywoo?event=6809
25/01/23,Vitality,HEROIC,vtg,19 - 11,+8,1.34,https://www.hltv.org/stats/players/matches/11893/zywoo?event=6970
25/01/23,Vitality,HEROIC,nuke,20 - 17,+3,1.26,https://www.hltv.org/stats/players/matches/11893/zywoo?event=6970
25/01/23,Vitality,HEROIC,mrg,24 - 11,+13,1.49,https://www.hltv.org/stats/players/matches/11893/zywoo?event=6970
21/01/23,Vitality,Evil Geniuses,inf,22 - 7,+15,2.35,https://www.hltv.org/stats/players/matches/11893/zywoo?event=6970
21/01/23,Vitality,Evil Geniuses,ovp,25 - 13,+12,1.59,https://www.hltv.org/stats/players/matches/11893/zywoo?event=6970
19/01/23,Vitality,Astralis,vtg,30 - 19,+11,1.31,https://www.hltv.org/stats/players/matches/11893/zywoo?event=6970
19/01/23,Vitality,Astralis,ovp,18 - 15,+3,1.05,https://www.hltv.org/stats/players/matches/11893/zywoo?event=6970
22/12/22,One Shot,You Shall Not Pass,tcn,29 - 21,+8,1.23,https://www.hltv.org/stats/players/matches/11893/zywoo?event=6959
16/12/22,Vitality,G2,anb,19 - 18,+1,1.00,https://www.hltv.org/stats/players/matches/11893/zywoo?event=6349
16/12/22,Vitality,G2,vtg,21 - 16,+5,1.15,https://www.hltv.org/stats/players/matches/11893/zywoo?event=6349
16/12/22,Vitality,G2,nuke,11 - 13,-2,0.75,https://www.hltv.org/stats/players/matches/11893/zywoo?event=6349
15/12/22,Vitality,OG,mrg,24 - 15,+9,1.44,https://www.hltv.org/stats/players/matches/11893/zywoo?event=6349
15/12/22,Vitality,OG,inf,20 - 19,+1,1.04,https://www.hltv.org/stats/players/matches/11893/zywoo?event=6349
14/12/22,Vitality,Natus Vincere,nuke,18 - 11,+7,1.28,https://www.hltv.org/stats/players/matches/11893/zywoo?event=6349
14/12/22,Vitality,Natus Vincere,inf,28 - 18,+10,1.39,https://www.hltv.org/stats/players/matches/11893/zywoo?event=6349
20/11/22,Prodigy,GenOne,inf,22 - 16,+6,1.21,https://www.hltv.org/stats/players/matches/11893/zywoo?event=6892
20/11/22,Prodigy,GenOne,anc,21 - 16,+5,1.28,https://www.hltv.org/stats/players/matches/11893/zywoo?event=6892
20/11/22,Prodigy,The Prodigies,anc,21 - 15,+6,1.73,https://www.hltv.org/stats/players/matches/11893/zywoo?event=6892
20/11/22,Prodigy,LDLC,vtg,21 - 20,+1,1.22,https://www.hltv.org/stats/players/matches/11893/zywoo?event=6892
07/11/22,Vitality,ENCE,nuke,18 - 23,-5,0.80,https://www.hltv.org/stats/players/matches/11893/zywoo?event=6586
07/11/22,Vitality,ENCE,vtg,22 - 19,+3,1.12,https://www.hltv.org/stats/players/matches/11893/zywoo?event=6586
06/11/22,Vitality,MOUZ,mrg,24 - 20,+4,1.00,https://www.hltv.org/stats/players/matches/11893/zywoo?event=6586
06/11/22,Vitality,FaZe,inf,24 - 10,+14,1.84,https://www.hltv.org/stats/players/matches/11893/zywoo?event=6586
05/11/22,Vitality,Natus Vincere,mrg,31 - 31,0,1.03,https://www.hltv.org/stats/players/matches/11893/zywoo?event=6586
03/11/22,Vitality,OG,d2,27 - 12,+15,1.86,https://www.hltv.org/stats/players/matches/11893/zywoo?event=6588
03/11/22,Vitality,OG,inf,9 - 10,-1,1.01,https://www.hltv.org/stats/players/matches/11893/zywoo?event=6588
03/11/22,Vitality,OG,vtg,24 - 19,+5,1.19,https://www.hltv.org/stats/players/matches/11893/zywoo?event=6588
02/11/22,Vitality,Grayhound,mrg,29 - 17,+12,1.64,https://www.hltv.org/stats/players/matches/11893/zywoo?event=6588
02/11/22,Vitality,Grayhound,inf,17 - 7,+10,1.48,https://www.hltv.org/stats/players/matches/11893/zywoo?event=6588
01/11/22,Vitality,Outsiders,ovp,28 - 18,+10,1.61,https://www.hltv.org/stats/players/matches/11893/zywoo?event=6588
01/11/22,Vitality,GamerLegion,vtg,18 - 21,-3,0.99,https://www.hltv.org/stats/players/matches/11893/zywoo?event=6588
31/10/22,Vitality,Imperial,inf,25 - 14,+11,1.49,https://www.hltv.org/stats/players/matches/11893/zywoo?event=6588
21/10/22,Vitality,Astralis,inf,23 - 11,+12,1.63,https://www.hltv.org/stats/players/matches/11893/zywoo?event=6347
21/10/22,Vitality,Astralis,d2,24 - 18,+6,1.36,https://www.hltv.org/stats/players/matches/11893/zywoo?event=6347
21/10/22,Vitality,Astralis,nuke,27 - 16,+11,1.65,https://www.hltv.org/stats/players/matches/11893/zywoo?event=6347
19/10/22,Vitality,TYLOO,d2,19 - 13,+6,1.37,https://www.hltv.org/stats/players/matches/11893/zywoo?event=6347
19/10/22,Vitality,TYLOO,inf,20 - 17,+3,1.08,https://www.hltv.org/stats/players/matches/11893/zywoo?event=6347
09/10/22,Vitality,HEROIC,mrg,10 - 16,-6,0.74,https://www.hltv.org/stats/players/matches/11893/zywoo?event=6714
09/10/22,Vitality,HEROIC,inf,34 - 26,+8,1.38,https://www.hltv.org/stats/players/matches/11893/zywoo?event=6714
09/10/22,Vitality,HEROIC,ovp,13 - 18,-5,0.76,https://www.hltv.org/stats/players/matches/11893/zywoo?event=6714
08/10/22,Vitality,MOUZ,vtg,25 - 15,+10,1.57,https://www.hltv.org/stats/players/matches/11893/zywoo?event=6714
08/10/22,Vitality,MOUZ,mrg,23 - 11,+12,1.76,https://www.hltv.org/stats/players/matches/11893/zywoo?event=6714
08/10/22,Vitality,MOUZ,inf,23 - 17,+6,1.11,https://www.hltv.org/stats/players/matches/11893/zywoo?event=6714
06/10/22,Vitality,Monte,d2,25 - 7,+18,1.94,https://www.hltv.org/stats/players/matches/11893/zywoo?event=6714
05/10/22,Vitality,BIG,d2,23 - 19,+4,1.29,https://www.hltv.org/stats/players/matches/11893/zywoo?event=6714
04/10/22,Vitality,FANTASY,d2,26 - 9,+17,1.91,https://www.hltv.org/stats/players/matches/11893/zywoo?event=6714
02/10/22,Vitality,Liquid,vtg,25 - 16,+9,1.51,https://www.hltv.org/stats/players/matches/11893/zywoo?event=6141
02/10/22,Vitality,Liquid,ovp,35 - 23,+12,1.51,https://www.hltv.org/stats/players/matches/11893/zywoo?event=6141
02/10/22,Vitality,Liquid,mrg,51 - 32,+19,1.54,https://www.hltv.org/stats/players/matches/11893/zywoo?event=6141
02/10/22,Vitality,Liquid,d2,19 - 11,+8,1.32,https://www.hltv.org/stats/players/matches/11893/zywoo?event=6141
02/10/22,Vitality,Liquid,inf,13 - 11,+2,0.96,https://www.hltv.org/stats/players/matches/11893/zywoo?event=6141
01/10/22,Vitality,G2,inf,28 - 22,+6,1.29,https://www.hltv.org/stats/players/matches/11893/zywoo?event=6141
01/10/22,Vitality,G2,mrg,24 - 10,+14,1.61,https://www.hltv.org/stats/players/matches/11893/zywoo?event=6141
30/09/22,Vitality,Outsiders,d2,30 - 15,+15,1.42,https://www.hltv.org/stats/players/matches/11893/zywoo?event=6141
30/09/22,Vitality,Outsiders,mrg,26 - 17,+9,1.30,https://www.hltv.org/stats/players/matches/11893/zywoo?event=6141
04/09/22,Vitality,Spirit,vtg,20 - 13,+7,1.22,https://www.hltv.org/stats/players/matches/11893/zywoo?event=6141
04/09/22,Vitality,Spirit,nuke,29 - 8,+21,2.30,https://www.hltv.org/stats/players/matches/11893/zywoo?event=6141
03/09/22,Vitality,Natus Vincere,ovp,28 - 14,+14,1.51,https://www.hltv.org/stats/players/matches/11893/zywoo?event=6141
03/09/22,Vitality,Natus Vincere,mrg,22 - 17,+5,1.17,https://www.hltv.org/stats/players/matches/11893/zywoo?event=6141
03/09/22,Vitality,Natus Vincere,inf,25 - 17,+8,1.44,https://www.hltv.org/stats/players/matches/11893/zywoo?event=6141
02/09/22,Vitality,fnatic,mrg,29 - 12,+17,1.72,https://www.hltv.org/stats/players/matches/11893/zywoo?event=6141
02/09/22,Vitality,fnatic,inf,20 - 18,+2,1.15,https://www.hltv.org/stats/players/matches/11893/zywoo?event=6141
02/09/22,Vitality,fnatic,nuke,15 - 19,-4,1.07,https://www.hltv.org/stats/players/matches/11893/zywoo?event=6141
01/09/22,Vitality,Ninjas in Pyjamas,vtg,20 - 13,+7,1.37,https://www.hltv.org/stats/players/matches/11893/zywoo?event=6141
01/09/22,Vitality,Ninjas in Pyjamas,nuke,27 - 13,+14,1.55,https://www.hltv.org/stats/players/matches/11893/zywoo?event=6141
31/08/22,Vitality,Endpoint,inf,12 - 12,0,1.09,https://www.hltv.org/stats/players/matches/11893/zywoo?event=6141
31/08/22,Vitality,Endpoint,vtg,38 - 16,+22,2.02,https://www.hltv.org/stats/players/matches/11893/zywoo?event=6141
28/08/22,Vitality,G2,mrg,26 - 20,+6,1.18,https://www.hltv.org/stats/players/matches/11893/zywoo?event=6346
28/08/22,Vitality,G2,d2,22 - 17,+5,1.31,https://www.hltv.org/stats/players/matches/11893/zywoo?event=6346
28/08/22,Vitality,G2,vtg,27 - 16,+11,1.53,https://www.hltv.org/stats/players/matches/11893/zywoo?event=6346
27/08/22,Vitality,Natus Vincere,mrg,20 - 14,+6,1.19,https://www.hltv.org/stats/players/matches/11893/zywoo?event=6346
27/08/22,Vitality,Natus Vincere,inf,10 - 16,-6,0.92,https://www.hltv.org/stats/players/matches/11893/zywoo?event=6346
26/08/22,Vitality,G2,inf,13 - 10,+3,1.07,https://www.hltv.org/stats/players/matches/11893/zywoo?event=6346
26/08/22,Vitality,G2,nuke,17 - 16,+1,0.98,https://www.hltv.org/stats/players/matches/11893/zywoo?event=6346
26/08/22,Vitality,G2,vtg,18 - 8,+10,1.47,https://www.hltv.org/stats/players/matches/11893/zywoo?event=6346
19/08/22,Vitality,Astralis,mrg,22 - 24,-2,1.08,https://www.hltv.org/stats/players/matches/11893/zywoo?event=6346
19/08/22,Vitality,Ninjas in Pyjamas,inf,30 - 18,+12,1.53,https://www.hltv.org/stats/players/matches/11893/zywoo?event=6346
19/08/22,Vitality,OG,d2,27 - 13,+14,1.68,https://www.hltv.org/stats/players/matches/11893/zywoo?event=6346
09/07/22,Vitality,MOUZ,nuke,19 - 24,-5,1.02,https://www.hltv.org/stats/players/matches/11893/zywoo?event=6140
09/07/22,Vitality,MOUZ,ovp,16 - 15,+1,1.09,https://www.hltv.org/stats/players/matches/11893/zywoo?event=6140
09/07/22,Vitality,MOUZ,inf,32 - 13,+19,1.77,https://www.hltv.org/stats/players/matches/11893/zywoo?event=6140
08/07/22,Vitality,Movistar Riders,nuke,22 - 16,+6,1.25,https://www.hltv.org/stats/players/matches/11893/zywoo?event=6140
08/07/22,Vitality,Movistar Riders,vtg,21 - 10,+11,1.79,https://www.hltv.org/stats/players/matches/11893/zywoo?event=6140
08/07/22,Vitality,Movistar Riders,mrg,11 - 13,-2,0.99,https://www.hltv.org/stats/players/matches/11893/zywoo?event=6140
07/07/22,Vitality,ENCE,mrg,17 - 10,+7,1.44,https://www.hltv.org/stats/players/matches/11893/zywoo?event=6140
07/07/22,Vitality,ENCE,d2,29 - 17,+12,1.53,https://www.hltv.org/stats/players/matches/11893/zywoo?event=6140
07/07/22,Vitality,ENCE,nuke,16 - 16,0,1.08,https://www.hltv.org/stats/players/matches/11893/zywoo?event=6140
06/07/22,Vitality,Sprout,ovp,17 - 12,+5,1.17,https://www.hltv.org/stats/players/matches/11893/zywoo?event=6503
06/07/22,Vitality,Sprout,d2,18 - 12,+6,1.22,https://www.hltv.org/stats/players/matches/11893/zywoo?event=6503
06/07/22,Vitality,Sprout,vtg,25 - 28,-3,1.00,https://www.hltv.org/stats/players/matches/11893/zywoo?event=6503
05/07/22,Vitality,Movistar Riders,ovp,12 - 16,-4,0.87,https://www.hltv.org/stats/players/matches/11893/zywoo?event=6503
05/07/22,Vitality,Movistar Riders,vtg,16 - 17,-1,1.06,https://www.hltv.org/stats/players/matches/11893/zywoo?event=6503
05/07/22,Vitality,TYLOO,ovp,21 - 16,+5,1.33,https://www.hltv.org/stats/players/matches/11893/zywoo?event=6503
19/06/22,Vitality,Natus Vincere,ovp,12 - 16,-4,0.87,https://www.hltv.org/stats/players/matches/11893/zywoo?event=6345
19/06/22,Vitality,Natus Vincere,mrg,20 - 16,+4,1.22,https://www.hltv.org/stats/players/matches/11893/zywoo?event=6345
18/06/22,Vitality,G2,nuke,23 - 15,+8,1.35,https://www.hltv.org/stats/players/matches/11893/zywoo?event=6345
18/06/22,Vitality,G2,inf,13 - 17,-4,0.85,https://www.hltv.org/stats/players/matches/11893/zywoo?event=6345
18/06/22,Vitality,G2,d2,23 - 16,+7,1.40,https://www.hltv.org/stats/players/matches/11893/zywoo?event=6345
17/06/22,Vitality,ENCE,nuke,33 - 20,+13,1.48,https://www.hltv.org/stats/players/matches/11893/zywoo?event=6345
17/06/22,Vitality,ENCE,ovp,21 - 13,+8,1.31,https://www.hltv.org/stats/players/matches/11893/zywoo?event=6345
16/06/22,Vitality,paiN,ovp,15 - 8,+7,1.50,https://www.hltv.org/stats/players/matches/11893/zywoo?event=6345
16/06/22,Vitality,paiN,d2,22 - 18,+4,1.24,https://www.hltv.org/stats/players/matches/11893/zywoo?event=6345
16/06/22,Vitality,paiN,nuke,20 - 7,+13,1.81,https://www.hltv.org/stats/players/matches/11893/zywoo?event=6345
15/06/22,Vitality,G2,mrg,19 - 19,0,1.05,https://www.hltv.org/stats/players/matches/11893/zywoo?event=6345
15/06/22,Vitality,G2,inf,12 - 16,-4,0.80,https://www.hltv.org/stats/players/matches/11893/zywoo?event=6345
15/06/22,Vitality,G2,d2,27 - 12,+15,1.64,https://www.hltv.org/stats/players/matches/11893/zywoo?event=6345
01/06/22,Vitality,G2,inf,18 - 24,-6,0.89,https://www.hltv.org/stats/players/matches/11893/zywoo?event=6138
01/06/22,Vitality,G2,d2,20 - 17,+3,1.12,https://www.hltv.org/stats/players/matches/11893/zywoo?event=6138
31/05/22,Vitality,MOUZ,mrg,19 - 11,+8,1.36,https://www.hltv.org/stats/players/matches/11893/zywoo?event=6138
31/05/22,Vitality,MOUZ,inf,26 - 14,+12,1.50,https://www.hltv.org/stats/players/matches/11893/zywoo?event=6138
31/05/22,Vitality,FaZe,nuke,22 - 18,+4,1.24,https://www.hltv.org/stats/players/matches/11893/zywoo?event=6138
31/05/22,Vitality,FaZe,d2,21 - 17,+4,1.10,https://www.hltv.org/stats/players/matches/11893/zywoo?event=6138
30/05/22,Vitality,Astralis,vtg,32 - 16,+16,1.67,https://www.hltv.org/stats/players/matches/11893/zywoo?event=6138
17/05/22,Vitality,HEROIC,inf,23 - 20,+3,1.25,https://www.hltv.org/stats/players/matches/11893/zywoo?event=6372
17/05/22,Vitality,HEROIC,ovp,15 - 14,+1,0.95,https://www.hltv.org/stats/players/matches/11893/zywoo?event=6372
17/05/22,Vitality,HEROIC,mrg,14 - 17,-3,1.01,https://www.hltv.org/stats/players/matches/11893/zywoo?event=6372
16/05/22,Vitality,BIG,nuke,38 - 24,+14,1.57,https://www.hltv.org/stats/players/matches/11893/zywoo?event=6372
16/05/22,Vitality,BIG,vtg,31 - 27,+4,1.09,https://www.hltv.org/stats/players/matches/11893/zywoo?event=6372
16/05/22,Vitality,BIG,mrg,24 - 13,+11,1.54,https://www.hltv.org/stats/players/matches/11893/zywoo?event=6372
15/05/22,Vitality,Liquid,d2,21 - 13,+8,1.27,https://www.hltv.org/stats/players/matches/11893/zywoo?event=6372
15/05/22,Vitality,Liquid,mrg,22 - 13,+9,1.44,https://www.hltv.org/stats/players/matches/11893/zywoo?event=6372
14/05/22,Vitality,Outsiders,mrg,16 - 18,-2,0.88,https://www.hltv.org/stats/players/matches/11893/zywoo?event=6372
14/05/22,Vitality,Ninjas in Pyjamas,ovp,11 - 14,-3,0.94,https://www.hltv.org/stats/players/matches/11893/zywoo?event=6372
10/05/22,Vitality,FORZE,mrg,16 - 13,+3,1.13,https://www.hltv.org/stats/players/matches/11893/zywoo?event=6384
10/05/22,Vitality,FORZE,d2,22 - 13,+9,1.32,https://www.hltv.org/stats/players/matches/11893/zywoo?event=6384
10/05/22,Vitality,FORZE,nuke,22 - 18,+4,1.32,https://www.hltv.org/stats/players/matches/11893/zywoo?event=6384
09/05/22,Vitality,Astralis,mrg,24 - 11,+13,1.72,https://www.hltv.org/stats/players/matches/11893/zywoo?event=6384
09/05/22,Vitality,Complexity,inf,11 - 0,+11,1.58,https://www.hltv.org/stats/players/matches/11893/zywoo?event=6384
20/04/22,Vitality,MOUZ,mrg,26 - 18,+8,1.40,https://www.hltv.org/stats/players/matches/11893/zywoo?event=6381
20/04/22,Vitality,MOUZ,d2,30 - 12,+18,1.89,https://www.hltv.org/stats/players/matches/11893/zywoo?event=6381
20/04/22,Vitality,MOUZ,nuke,22 - 24,-2,1.11,https://www.hltv.org/stats/players/matches/11893/zywoo?event=6381
19/04/22,Vitality,Natus Vincere,mrg,22 - 19,+3,1.11,https://www.hltv.org/stats/players/matches/11893/zywoo?event=6381
19/04/22,Vitality,Natus Vincere,inf,23 - 20,+3,1.14,https://www.hltv.org/stats/players/matches/11893/zywoo?event=6381
18/04/22,Vitality,Eternal Fire,d2,18 - 12,+6,1.20,https://www.hltv.org/stats/players/matches/11893/zywoo?event=6381
17/04/22,Vitality,FaZe,mrg,23 - 19,+4,1.13,https://www.hltv.org/stats/players/matches/11893/zywoo?event=6381
17/04/22,Vitality,Dignitas,vtg,21 - 8,+13,1.66,https://www.hltv.org/stats/players/matches/11893/zywoo?event=6381
28/03/22,Vitality,SKADE,nuke,17 - 18,-1,1.04,https://www.hltv.org/stats/players/matches/11893/zywoo?event=6440
28/03/22,Vitality,SKADE,ovp,20 - 20,0,0.98,https://www.hltv.org/stats/players/matches/11893/zywoo?event=6440
20/03/22,Vitality,Outsiders,inf,21 - 16,+5,1.22,https://www.hltv.org/stats/players/matches/11893/zywoo?event=6137
20/03/22,Vitality,Outsiders,d2,29 - 12,+17,1.82,https://www.hltv.org/stats/players/matches/11893/zywoo?event=6137
19/03/22,Vitality,FaZe,d2,7 - 17,-10,0.36,https://www.hltv.org/stats/players/matches/11893/zywoo?event=6137
19/03/22,Vitality,FaZe,mrg,20 - 16,+4,1.22,https://www.hltv.org/stats/players/matches/11893/zywoo?event=6137
18/03/22,Vitality,FURIA,nuke,22 - 20,+2,0.95,https://www.hltv.org/stats/players/matches/11893/zywoo?event=6137
18/03/22,Vitality,FURIA,inf,14 - 15,-1,1.05,https://www.hltv.org/stats/players/matches/11893/zywoo?event=6137
18/03/22,Vitality,FURIA,vtg,11 - 17,-6,0.68,https://www.hltv.org/stats/players/matches/11893/zywoo?event=6137
17/03/22,Vitality,ENCE,d2,12 - 18,-6,0.73,https://www.hltv.org/stats/players/matches/11893/zywoo?event=6137
17/03/22,Vitality,ENCE,mrg,17 - 14,+3,1.03,https://www.hltv.org/stats/players/matches/11893/zywoo?event=6137
16/03/22,Vitality,Sprout,inf,38 - 21,+17,1.46,https://www.hltv.org/stats/players/matches/11893/zywoo?event=6137
16/03/22,Vitality,Sprout,d2,20 - 15,+5,1.39,https://www.hltv.org/stats/players/matches/11893/zywoo?event=6137
19/02/22,Vitality,Gambit,inf,19 - 16,+3,1.17,https://www.hltv.org/stats/players/matches/11893/zywoo?event=6136
19/02/22,Vitality,Gambit,mrg,3 - 18,-15,0.32,https://www.hltv.org/stats/players/matches/11893/zywoo?event=6136
18/02/22,Vitality,HEROIC,inf,20 - 28,-8,0.86,https://www.hltv.org/stats/players/matches/11893/zywoo?event=6136
18/02/22,Vitality,HEROIC,mrg,19 - 19,0,0.99,https://www.hltv.org/stats/players/matches/11893/zywoo?event=6136
17/02/22,Vitality,MOUZ,nuke,27 - 15,+12,1.49,https://www.hltv.org/stats/players/matches/11893/zywoo?event=6136
17/02/22,Vitality,MOUZ,inf,28 - 24,+4,1.17,https://www.hltv.org/stats/players/matches/11893/zywoo?event=6136
17/02/22,Vitality,MOUZ,vtg,42 - 21,+21,1.59,https://www.hltv.org/stats/players/matches/11893/zywoo?event=6136
05/02/22,Vitality,G2,d2,20 - 14,+6,1.20,https://www.hltv.org/stats/players/matches/11893/zywoo?event=6343
05/02/22,Vitality,G2,mrg,13 - 14,-1,0.96,https://www.hltv.org/stats/players/matches/11893/zywoo?event=6343
05/02/22,Vitality,G2,inf,20 - 13,+7,1.26,https://www.hltv.org/stats/players/matches/11893/zywoo?event=6343
04/02/22,Vitality,MIBR,inf,20 - 9,+11,1.68,https://www.hltv.org/stats/players/matches/11893/zywoo?event=6343
04/02/22,Vitality,MIBR,d2,24 - 12,+12,1.45,https://www.hltv.org/stats/players/matches/11893/zywoo?event=6343
31/01/22,Vitality,FaZe,ovp,26 - 17,+9,1.46,https://www.hltv.org/stats/players/matches/11893/zywoo?event=6343
30/01/22,Vitality,FaZe,inf,31 - 20,+11,1.39,https://www.hltv.org/stats/players/matches/11893/zywoo?event=6343
30/01/22,Vitality,Evil Geniuses,inf,22 - 8,+14,1.89,https://www.hltv.org/stats/players/matches/11893/zywoo?event=6343
19/12/21,Vitality,Natus Vincere,d2,9 - 16,-7,0.60,https://www.hltv.org/stats/players/matches/11893/zywoo?event=5608
19/12/21,Vitality,Natus Vincere,nuke,19 - 20,-1,1.03,https://www.hltv.org/stats/players/matches/11893/zywoo?event=5608
18/12/21,Vitality,Gambit,d2,30 - 25,+5,1.24,https://www.hltv.org/stats/players/matches/11893/zywoo?event=5608
18/12/21,Vitality,Gambit,vtg,28 - 18,+10,1.55,https://www.hltv.org/stats/players/matches/11893/zywoo?event=5608
16/12/21,Vitality,G2,mrg,21 - 17,+4,1.18,https://www.hltv.org/stats/players/matches/11893/zywoo?event=5608
16/12/21,Vitality,G2,nuke,21 - 13,+8,1.39,https://www.hltv.org/stats/players/matches/11893/zywoo?event=5608
15/12/21,Vitality,Astralis,mrg,29 - 8,+21,2.25,https://www.hltv.org/stats/players/matches/11893/zywoo?event=5608
15/12/21,Vitality,Astralis,nuke,23 - 5,+18,1.92,https://www.hltv.org/stats/players/matches/11893/zywoo?event=5608
12/12/21,Vitality,Ninjas in Pyjamas,nuke,20 - 15,+5,1.26,https://www.hltv.org/stats/players/matches/11893/zywoo?event=5730
12/12/21,Vitality,Ninjas in Pyjamas,d2,21 - 12,+9,1.27,https://www.hltv.org/stats/players/matches/11893/zywoo?event=5730
12/12/21,Vitality,Ninjas in Pyjamas,inf,29 - 15,+14,1.74,https://www.hltv.org/stats/players/matches/11893/zywoo?event=5730
11/12/21,Vitality,Virtus.pro,vtg,24 - 14,+10,1.38,https://www.hltv.org/stats/players/matches/11893/zywoo?event=5730
11/12/21,Vitality,Virtus.pro,mrg,21 - 19,+2,1.02,https://www.hltv.org/stats/players/matches/11893/zywoo?event=5730
05/12/21,Vitality,Gambit,mrg,36 - 19,+17,1.61,https://www.hltv.org/stats/players/matches/11893/zywoo?event=5730
05/12/21,Vitality,Gambit,vtg,21 - 22,-1,1.17,https://www.hltv.org/stats/players/matches/11893/zywoo?event=5730
05/12/21,Vitality,Gambit,d2,16 - 11,+5,1.40,https://www.hltv.org/stats/players/matches/11893/zywoo?event=5730
04/12/21,Vitality,G2,inf,12 - 20,-8,0.81,https://www.hltv.org/stats/players/matches/11893/zywoo?event=5730
04/12/21,Vitality,G2,mrg,26 - 14,+12,1.34,https://www.hltv.org/stats/players/matches/11893/zywoo?event=5730
04/12/21,Vitality,G2,vtg,22 - 20,+2,1.02,https://www.hltv.org/stats/players/matches/11893/zywoo?event=5730
02/12/21,Vitality,Ninjas in Pyjamas,mrg,17 - 14,+3,1.07,https://www.hltv.org/stats/players/matches/11893/zywoo?event=5730
02/12/21,Vitality,Ninjas in Pyjamas,inf,29 - 11,+18,2.13,https://www.hltv.org/stats/players/matches/11893/zywoo?event=5730
02/12/21,Vitality,MOUZ,ovp,24 - 26,-2,0.97,https://www.hltv.org/stats/players/matches/11893/zywoo?event=5730
28/11/21,Vitality,Natus Vincere,inf,20 - 16,+4,1.18,https://www.hltv.org/stats/players/matches/11893/zywoo?event=5607
28/11/21,Vitality,Natus Vincere,nuke,21 - 14,+7,1.53,https://www.hltv.org/stats/players/matches/11893/zywoo?event=5607
28/11/21,Vitality,Natus Vincere,mrg,22 - 20,+2,1.13,https://www.hltv.org/stats/players/matches/11893/zywoo?event=5607
28/11/21,Vitality,Astralis,mrg,22 - 12,+10,1.48,https://www.hltv.org/stats/players/matches/11893/zywoo?event=5607
28/11/21,Vitality,Astralis,inf,29 - 13,+16,1.61,https://www.hltv.org/stats/players/matches/11893/zywoo?event=5607
28/11/21,Vitality,Astralis,nuke,27 - 15,+12,1.55,https://www.hltv.org/stats/players/matches/11893/zywoo?event=5607
27/11/21,Vitality,Natus Vincere,nuke,15 - 17,-2,1.00,https://www.hltv.org/stats/players/matches/11893/zywoo?event=5607
27/11/21,Vitality,Natus Vincere,inf,13 - 20,-7,0.84,https://www.hltv.org/stats/players/matches/11893/zywoo?event=5607
25/11/21,Vitality,Astralis,inf,23 - 13,+10,1.53,https://www.hltv.org/stats/players/matches/11893/zywoo?event=5607
25/11/21,Vitality,Astralis,d2,24 - 19,+5,1.25,https://www.hltv.org/stats/players/matches/11893/zywoo?event=5607
25/11/21,Vitality,Astralis,nuke,37 - 21,+16,1.45,https://www.hltv.org/stats/players/matches/11893/zywoo?event=5607
24/11/21,Vitality,Liquid,d2,24 - 10,+14,1.64,https://www.hltv.org/stats/players/matches/11893/zywoo?event=5607
24/11/21,Vitality,Liquid,mrg,25 - 15,+10,1.54,https://www.hltv.org/stats/players/matches/11893/zywoo?event=5607
05/11/21,Vitality,Natus Vincere,nuke,25 - 21,+4,1.27,https://www.hltv.org/stats/players/matches/11893/zywoo?event=4866
05/11/21,Vitality,Natus Vincere,d2,19 - 19,0,1.08,https://www.hltv.org/stats/players/matches/11893/zywoo?event=4866
02/11/21,Vitality,Entropiq,d2,24 - 12,+12,1.77,https://www.hltv.org/stats/players/matches/11893/zywoo?event=4866
02/11/21,Vitality,Entropiq,ovp,23 - 17,+6,1.31,https://www.hltv.org/stats/players/matches/11893/zywoo?event=4866
02/11/21,Vitality,Entropiq,mrg,27 - 15,+12,1.48,https://www.hltv.org/stats/players/matches/11893/zywoo?event=4866
01/11/21,Vitality,Astralis,d2,31 - 14,+17,1.71,https://www.hltv.org/stats/players/matches/11893/zywoo?event=4866
01/11/21,Vitality,Astralis,vtg,22 - 20,+2,1.23,https://www.hltv.org/stats/players/matches/11893/zywoo?event=4866
01/11/21,Vitality,Astralis,nuke,29 - 12,+17,1.62,https://www.hltv.org/stats/players/matches/11893/zywoo?event=4866
31/10/21,Vitality,Evil Geniuses,d2,22 - 19,+3,1.23,https://www.hltv.org/stats/players/matches/11893/zywoo?event=4866
31/10/21,Vitality,Evil Geniuses,vtg,20 - 11,+9,1.58,https://www.hltv.org/stats/players/matches/11893/zywoo?event=4866
31/10/21,Vitality,Evil Geniuses,inf,21 - 20,+1,1.03,https://www.hltv.org/stats/players/matches/11893/zywoo?event=4866
30/10/21,Vitality,HEROIC,ovp,15 - 18,-3,0.97,https://www.hltv.org/stats/players/matches/11893/zywoo?event=4866
30/10/21,Vitality,Virtus.pro,inf,19 - 21,-2,0.98,https://www.hltv.org/stats/players/matches/11893/zywoo?event=4866
10/10/21,Vitality,Astralis,vtg,13 - 9,+4,1.16,https://www.hltv.org/stats/players/matches/11893/zywoo?event=5729
10/10/21,Vitality,Astralis,nuke,30 - 9,+21,2.14,https://www.hltv.org/stats/players/matches/11893/zywoo?event=5729
09/10/21,Vitality,Ninjas in Pyjamas,inf,11 - 17,-6,0.62,https://www.hltv.org/stats/players/matches/11893/zywoo?event=5729
09/10/21,Vitality,Ninjas in Pyjamas,ovp,25 - 18,+7,1.32,https://www.hltv.org/stats/players/matches/11893/zywoo?event=5729
09/10/21,Vitality,Ninjas in Pyjamas,nuke,22 - 10,+12,1.65,https://www.hltv.org/stats/players/matches/11893/zywoo?event=5729
07/10/21,Vitality,Copenhagen Flames,vtg,24 - 21,+3,1.19,https://www.hltv.org/stats/players/matches/11893/zywoo?event=5729
07/10/21,Vitality,Copenhagen Flames,d2,27 - 15,+12,1.52,https://www.hltv.org/stats/players/matches/11893/zywoo?event=5729
03/10/21,Vitality,Dignitas,inf,19 - 12,+7,1.25,https://www.hltv.org/stats/players/matches/11893/zywoo?event=5729
02/10/21,Vitality,ENCE,mrg,18 - 17,+1,1.09,https://www.hltv.org/stats/players/matches/11893/zywoo?event=5729
01/10/21,Vitality,OG,mrg,21 - 12,+9,1.42,https://www.hltv.org/stats/players/matches/11893/zywoo?event=5729
30/09/21,Vitality,Sprout,vtg,30 - 19,+11,1.67,https://www.hltv.org/stats/players/matches/11893/zywoo?event=5729
29/09/21,Vitality,MAD Lions,inf,11 - 8,+3,1.44,https://www.hltv.org/stats/players/matches/11893/zywoo?event=5729
18/09/21,Vitality,Astralis,d2,16 - 10,+6,1.14,https://www.hltv.org/stats/players/matches/11893/zywoo?event=5605
18/09/21,Vitality,Astralis,vtg,12 - 14,-2,0.89,https://www.hltv.org/stats/players/matches/11893/zywoo?event=5605
18/09/21,Vitality,Astralis,nuke,19 - 19,0,0.93,https://www.hltv.org/stats/players/matches/11893/zywoo?event=5605
17/09/21,Vitality,Astralis,nuke,19 - 17,+2,1.14,https://www.hltv.org/stats/players/matches/11893/zywoo?event=5605
17/09/21,Vitality,Astralis,ovp,24 - 13,+11,1.53,https://www.hltv.org/stats/players/matches/11893/zywoo?event=5605
16/09/21,Vitality,Liquid,mrg,25 - 15,+10,1.52,https://www.hltv.org/stats/players/matches/11893/zywoo?event=5605
16/09/21,Vitality,Liquid,vtg,16 - 20,-4,0.95,https://www.hltv.org/stats/players/matches/11893/zywoo?event=5605
16/09/21,Vitality,Liquid,inf,16 - 9,+7,1.48,https://www.hltv.org/stats/players/matches/11893/zywoo?event=5605
12/09/21,Vitality,Natus Vincere,mrg,22 - 17,+5,1.16,https://www.hltv.org/stats/players/matches/11893/zywoo?event=5554
12/09/21,Vitality,Natus Vincere,ovp,19 - 14,+5,1.33,https://www.hltv.org/stats/players/matches/11893/zywoo?event=5554
12/09/21,Vitality,Natus Vincere,nuke,19 - 19,0,1.05,https://www.hltv.org/stats/players/matches/11893/zywoo?event=5554
12/09/21,Vitality,Natus Vincere,inf,25 - 10,+15,1.83,https://www.hltv.org/stats/players/matches/11893/zywoo?event=5554
12/09/21,Vitality,Natus Vincere,d2,17 - 18,-1,0.95,https://www.hltv.org/stats/players/matches/11893/zywoo?event=5554
11/09/21,Vitality,OG,nuke,25 - 10,+15,1.94,https://www.hltv.org/stats/players/matches/11893/zywoo?event=5554
11/09/21,Vitality,OG,mrg,18 - 20,-2,0.86,https://www.hltv.org/stats/players/matches/11893/zywoo?event=5554
09/09/21,Vitality,Gambit,vtg,20 - 17,+3,1.15,https://www.hltv.org/stats/players/matches/11893/zywoo?event=5554
09/09/21,Vitality,Gambit,inf,33 - 15,+18,1.86,https://www.hltv.org/stats/players/matches/11893/zywoo?event=5554
07/09/21,Vitality,Complexity,mrg,17 - 15,+2,1.07,https://www.hltv.org/stats/players/matches/11893/zywoo?event=5554
07/09/21,Vitality,Complexity,ovp,19 - 15,+4,1.18,https://www.hltv.org/stats/players/matches/11893/zywoo?event=5554
07/09/21,Vitality,Complexity,vtg,19 - 15,+4,1.33,https://www.hltv.org/stats/players/matches/11893/zywoo?event=5554
20/08/21,Vitality,Spirit,nuke,33 - 15,+18,1.73,https://www.hltv.org/stats/players/matches/11893/zywoo?event=5554
20/08/21,Vitality,Spirit,mrg,15 - 6,+9,1.50,https://www.hltv.org/stats/players/matches/11893/zywoo?event=5554
20/08/21,Vitality,Spirit,d2,16 - 18,-2,0.95,https://www.hltv.org/stats/players/matches/11893/zywoo?event=5554
19/08/21,Vitality,Astralis,inf,28 - 13,+15,1.71,https://www.hltv.org/stats/players/matches/11893/zywoo?event=5554
19/08/21,Vitality,Astralis,ovp,16 - 15,+1,1.00,https://www.hltv.org/stats/players/matches/11893/zywoo?event=5554
18/08/21,Vitality,HEROIC,inf,25 - 15,+10,1.32,https://www.hltv.org/stats/players/matches/11893/zywoo?event=5554
18/08/21,Vitality,HEROIC,nuke,26 - 14,+12,1.50,https://www.hltv.org/stats/players/matches/11893/zywoo?event=5554
18/08/21,Vitality,HEROIC,vtg,14 - 20,-6,0.90,https://www.hltv.org/stats/players/matches/11893/zywoo?event=5554
17/08/21,Vitality,Bad News Bears,ovp,22 - 12,+10,1.54,https://www.hltv.org/stats/players/matches/11893/zywoo?event=5554
17/08/21,Vitality,Bad News Bears,inf,23 - 16,+7,1.48,https://www.hltv.org/stats/players/matches/11893/zywoo?event=5554
16/08/21,Vitality,ENCE,ovp,22 - 15,+7,1.40,https://www.hltv.org/stats/players/matches/11893/zywoo?event=5554
16/08/21,Vitality,ENCE,mrg,26 - 21,+5,1.37,https://www.hltv.org/stats/players/matches/11893/zywoo?event=5554
11/07/21,Vitality,FaZe,d2,22 - 17,+5,1.20,https://www.hltv.org/stats/players/matches/11893/zywoo?event=5469
11/07/21,Vitality,FaZe,mrg,17 - 19,-2,0.91,https://www.hltv.org/stats/players/matches/11893/zywoo?event=5469
10/07/21,Vitality,Natus Vincere,mrg,24 - 18,+6,1.27,https://www.hltv.org/stats/players/matches/11893/zywoo?event=5469
10/07/21,Vitality,Natus Vincere,nuke,13 - 15,-2,0.91,https://www.hltv.org/stats/players/matches/11893/zywoo?event=5469
10/07/21,Vitality,Natus Vincere,ovp,22 - 17,+5,1.20,https://www.hltv.org/stats/players/matches/11893/zywoo?event=5469
08/07/21,Vitality,FURIA,nuke,18 - 18,0,0.96,https://www.hltv.org/stats/players/matches/11893/zywoo?event=5469
08/07/21,Vitality,FURIA,ovp,26 - 15,+11,1.43,https://www.hltv.org/stats/players/matches/11893/zywoo?event=5469
06/07/21,Vitality,Spirit,nuke,22 - 17,+5,1.37,https://www.hltv.org/stats/players/matches/11893/zywoo?event=5898
06/07/21,Vitality,Spirit,mrg,25 - 18,+7,1.26,https://www.hltv.org/stats/players/matches/11893/zywoo?event=5898
06/07/21,Vitality,Spirit,d2,21 - 17,+4,1.28,https://www.hltv.org/stats/players/matches/11893/zywoo?event=5898
06/07/21,Vitality,Renegades,ovp,22 - 9,+13,1.79,https://www.hltv.org/stats/players/matches/11893/zywoo?event=5898
12/06/21,Vitality,OG,ovp,11 - 17,-6,0.71,https://www.hltv.org/stats/players/matches/11893/zywoo?event=5219
12/06/21,Vitality,OG,mrg,22 - 15,+7,1.38,https://www.hltv.org/stats/players/matches/11893/zywoo?event=5219
12/06/21,Vitality,OG,d2,19 - 20,-1,1.03,https://www.hltv.org/stats/players/matches/11893/zywoo?event=5219
11/06/21,Vitality,Virtus.pro,vtg,18 - 8,+10,1.56,https://www.hltv.org/stats/players/matches/11893/zywoo?event=5219
11/06/21,Vitality,Virtus.pro,inf,28 - 13,+15,1.96,https://www.hltv.org/stats/players/matches/11893/zywoo?event=5219
06/06/21,Vitality,G2,inf,12 - 17,-5,0.92,https://www.hltv.org/stats/players/matches/11893/zywoo?event=5219
06/06/21,Vitality,G2,vtg,25 - 18,+7,1.43,https://www.hltv.org/stats/players/matches/11893/zywoo?event=5219
03/06/21,Vitality,Gambit,ovp,26 - 11,+15,1.85,https://www.hltv.org/stats/players/matches/11893/zywoo?event=5219
03/06/21,Vitality,Gambit,d2,24 - 16,+8,1.47,https://www.hltv.org/stats/players/matches/11893/zywoo?event=5219
03/06/21,Vitality,Complexity,vtg,21 - 13,+8,1.63,https://www.hltv.org/stats/players/matches/11893/zywoo?event=5219
28/05/21,Vitality,DBL PONEY,nuke,19 - 8,+11,1.66,https://www.hltv.org/stats/players/matches/11893/zywoo?event=5864
28/05/21,Vitality,DBL PONEY,vtg,22 - 17,+5,1.21,https://www.hltv.org/stats/players/matches/11893/zywoo?event=5864
25/05/21,Vitality,HEROIC,ovp,9 - 20,-11,0.60,https://www.hltv.org/stats/players/matches/11893/zywoo?event=5864
25/05/21,Vitality,HEROIC,nuke,12 - 17,-5,0.95,https://www.hltv.org/stats/players/matches/11893/zywoo?event=5864
21/05/21,Vitality,FunPlus Phoenix,vtg,30 - 15,+15,1.90,https://www.hltv.org/stats/players/matches/11893/zywoo?event=5864
21/05/21,Vitality,FunPlus Phoenix,inf,13 - 17,-4,0.94,https://www.hltv.org/stats/players/matches/11893/zywoo?event=5864
21/05/21,Vitality,FunPlus Phoenix,d2,17 - 22,-5,0.92,https://www.hltv.org/stats/players/matches/11893/zywoo?event=5864
15/05/21,Vitality,OG,inf,22 - 17,+5,1.25,https://www.hltv.org/stats/players/matches/11893/zywoo?event=5864
15/05/21,Vitality,OG,d2,26 - 11,+15,1.81,https://www.hltv.org/stats/players/matches/11893/zywoo?event=5864
10/05/21,Vitality,DBL PONEY,inf,9 - 17,-8,0.71,https://www.hltv.org/stats/players/matches/11893/zywoo?event=5864
10/05/21,Vitality,DBL PONEY,nuke,23 - 15,+8,1.54,https://www.hltv.org/stats/players/matches/11893/zywoo?event=5864
02/05/21,Vitality,FURIA,nuke,25 - 20,+5,1.11,https://www.hltv.org/stats/players/matches/11893/zywoo?event=5728
02/05/21,Vitality,FURIA,vtg,33 - 14,+19,1.98,https://www.hltv.org/stats/players/matches/11893/zywoo?event=5728
01/05/21,Vitality,BIG,nuke,26 - 13,+13,1.96,https://www.hltv.org/stats/players/matches/11893/zywoo?event=5728
01/05/21,Vitality,BIG,mrg,27 - 14,+13,1.55,https://www.hltv.org/stats/players/matches/11893/zywoo?event=5728
30/04/21,Vitality,Extra Salt,nuke,26 - 11,+15,1.66,https://www.hltv.org/stats/players/matches/11893/zywoo?event=5728
30/04/21,Vitality,Extra Salt,d2,17 - 15,+2,1.22,https://www.hltv.org/stats/players/matches/11893/zywoo?event=5728
30/04/21,Vitality,Extra Salt,ovp,25 - 7,+18,1.80,https://www.hltv.org/stats/players/matches/11893/zywoo?event=5728
29/04/21,Vitality,Complexity,nuke,22 - 16,+6,1.35,https://www.hltv.org/stats/players/matches/11893/zywoo?event=5728
15/04/21,Vitality,9z,inf,13 - 20,-7,0.57,https://www.hltv.org/stats/players/matches/11893/zywoo?event=5603
15/04/21,Vitality,9z,ovp,15 - 18,-3,0.75,https://www.hltv.org/stats/players/matches/11893/zywoo?event=5603
15/04/21,Vitality,9z,nuke,18 - 15,+3,1.28,https://www.hltv.org/stats/players/matches/11893/zywoo?event=5603
18/03/21,Vitality,Ninjas in Pyjamas,nuke,15 - 17,-2,1.09,https://www.hltv.org/stats/players/matches/11893/zywoo?event=5553
18/03/21,Vitality,Ninjas in Pyjamas,inf,20 - 22,-2,1.09,https://www.hltv.org/stats/players/matches/11893/zywoo?event=5553
17/03/21,Vitality,ENCE,d2,23 - 16,+7,1.49,https://www.hltv.org/stats/players/matches/11893/zywoo?event=5553
17/03/21,Vitality,ENCE,nuke,17 - 15,+2,1.04,https://www.hltv.org/stats/players/matches/11893/zywoo?event=5553
15/03/21,Vitality,MOUZ,d2,29 - 15,+14,1.40,https://www.hltv.org/stats/players/matches/11893/zywoo?event=5553
15/03/21,Vitality,MOUZ,mrg,23 - 17,+6,1.24,https://www.hltv.org/stats/players/matches/11893/zywoo?event=5553
14/03/21,Vitality,G2,vtg,14 - 19,-5,0.78,https://www.hltv.org/stats/players/matches/11893/zywoo?event=5553
14/03/21,Vitality,G2,mrg,28 - 18,+10,1.48,https://www.hltv.org/stats/players/matches/11893/zywoo?event=5553
13/03/21,Vitality,FaZe,ovp,27 - 16,+11,1.55,https://www.hltv.org/stats/players/matches/11893/zywoo?event=5553
13/03/21,Vitality,FaZe,d2,26 - 13,+13,1.81,https://www.hltv.org/stats/players/matches/11893/zywoo?event=5553
13/03/21,Vitality,FaZe,mrg,19 - 17,+2,1.20,https://www.hltv.org/stats/players/matches/11893/zywoo?event=5553
21/02/21,Vitality,Virtus.pro,ovp,16 - 18,-2,0.91,https://www.hltv.org/stats/players/matches/11893/zywoo?event=5552
21/02/21,Vitality,Virtus.pro,inf,26 - 20,+6,1.18,https://www.hltv.org/stats/players/matches/11893/zywoo?event=5552
20/02/21,Vitality,Liquid,mrg,12 - 18,-6,0.89,https://www.hltv.org/stats/players/matches/11893/zywoo?event=5552
20/02/21,Vitality,Liquid,vtg,21 - 17,+4,1.27,https://www.hltv.org/stats/players/matches/11893/zywoo?event=5552
20/02/21,Vitality,Liquid,nuke,23 - 23,0,1.08,https://www.hltv.org/stats/players/matches/11893/zywoo?event=5552
18/02/21,Vitality,OG,nuke,28 - 20,+8,1.24,https://www.hltv.org/stats/players/matches/11893/zywoo?event=5552
18/02/21,Vitality,OG,d2,21 - 12,+9,1.29,https://www.hltv.org/stats/players/matches/11893/zywoo?event=5552
09/02/21,Vitality,Evil Geniuses,inf,29 - 22,+7,1.33,https://www.hltv.org/stats/players/matches/11893/zywoo?event=5602
09/02/21,Vitality,Evil Geniuses,vtg,26 - 11,+15,1.79,https://www.hltv.org/stats/players/matches/11893/zywoo?event=5602
09/02/21,Vitality,Evil Geniuses,nuke,12 - 18,-6,0.73,https://www.hltv.org/stats/players/matches/11893/zywoo?event=5602
08/02/21,Vitality,Complexity,ovp,2 - 17,-15,0.28,https://www.hltv.org/stats/players/matches/11893/zywoo?event=5602
08/02/21,Vitality,Complexity,mrg,23 - 18,+5,1.35,https://www.hltv.org/stats/players/matches/11893/zywoo?event=5602
24/01/21,Vitality,Natus Vincere,d2,18 - 18,0,0.95,https://www.hltv.org/stats/players/matches/11893/zywoo?event=5206
24/01/21,Vitality,Natus Vincere,ovp,28 - 18,+10,1.60,https://www.hltv.org/stats/players/matches/11893/zywoo?event=5206
24/01/21,Vitality,Natus Vincere,nuke,28 - 20,+8,1.21,https://www.hltv.org/stats/players/matches/11893/zywoo?event=5206
23/01/21,Vitality,Astralis,inf,21 - 17,+4,1.30,https://www.hltv.org/stats/players/matches/11893/zywoo?event=5206
23/01/21,Vitality,Astralis,ovp,24 - 14,+10,1.40,https://www.hltv.org/stats/players/matches/11893/zywoo?event=5206
23/01/21,Vitality,Astralis,d2,36 - 18,+18,1.70,https://www.hltv.org/stats/players/matches/11893/zywoo?event=5206
21/01/21,Vitality,Liquid,vtg,13 - 12,+1,1.09,https://www.hltv.org/stats/players/matches/11893/zywoo?event=5206
21/01/21,Vitality,Liquid,nuke,27 - 15,+12,1.52,https://www.hltv.org/stats/players/matches/11893/zywoo?event=5206
20/01/21,Vitality,Complexity,d2,29 - 14,+15,1.84,https://www.hltv.org/stats/players/matches/11893/zywoo?event=5206
20/01/21,Vitality,Complexity,mrg,17 - 13,+4,1.18,https://www.hltv.org/stats/players/matches/11893/zywoo?event=5206
18/12/20,Vitality,Astralis,inf,10 - 16,-6,0.73,https://www.hltv.org/stats/players/matches/11893/zywoo?event=5528
18/12/20,Vitality,Astralis,d2,41 - 26,+15,1.62,https://www.hltv.org/stats/players/matches/11893/zywoo?event=5528
18/12/20,Vitality,Astralis,nuke,20 - 4,+16,1.87,https://www.hltv.org/stats/players/matches/11893/zywoo?event=5528
16/12/20,Vitality,Complexity,d2,18 - 8,+10,1.84,https://www.hltv.org/stats/players/matches/11893/zywoo?event=5528
16/12/20,Vitality,Complexity,nuke,20 - 16,+4,1.26,https://www.hltv.org/stats/players/matches/11893/zywoo?event=5528
15/12/20,Vitality,BIG,nuke,29 - 20,+9,1.57,https://www.hltv.org/stats/players/matches/11893/zywoo?event=5528
15/12/20,Vitality,BIG,inf,15 - 13,+2,1.11,https://www.hltv.org/stats/players/matches/11893/zywoo?event=5528
15/12/20,Vitality,BIG,vtg,28 - 22,+6,1.32,https://www.hltv.org/stats/players/matches/11893/zywoo?event=5528
13/12/20,Vitality,Astralis,inf,23 - 10,+13,1.59,https://www.hltv.org/stats/players/matches/11893/zywoo?event=5209
13/12/20,Vitality,Astralis,d2,21 - 20,+1,1.06,https://www.hltv.org/stats/players/matches/11893/zywoo?event=5209
13/12/20,Vitality,Astralis,vtg,14 - 12,+2,1.21,https://www.hltv.org/stats/players/matches/11893/zywoo?event=5209
12/12/20,Vitality,BIG,d2,24 - 8,+16,2.01,https://www.hltv.org/stats/players/matches/11893/zywoo?event=5209
12/12/20,Vitality,BIG,inf,15 - 10,+5,1.56,https://www.hltv.org/stats/players/matches/11893/zywoo?event=5209
12/12/20,Vitality,BIG,vtg,14 - 18,-4,0.90,https://www.hltv.org/stats/players/matches/11893/zywoo?event=5209
10/12/20,Vitality,Natus Vincere,d2,38 - 23,+15,1.66,https://www.hltv.org/stats/players/matches/11893/zywoo?event=5209
10/12/20,Vitality,Natus Vincere,nuke,25 - 25,0,1.15,https://www.hltv.org/stats/players/matches/11893/zywoo?event=5209
08/12/20,Vitality,MOUZ,d2,26 - 11,+15,1.87,https://www.hltv.org/stats/players/matches/11893/zywoo?event=5209
08/12/20,Vitality,MOUZ,inf,14 - 13,+1,1.01,https://www.hltv.org/stats/players/matches/11893/zywoo?event=5209
22/11/20,Vitality,Natus Vincere,mrg,19 - 13,+6,1.45,https://www.hltv.org/stats/players/matches/11893/zywoo?event=5524
22/11/20,Vitality,Natus Vincere,inf,21 - 17,+4,1.42,https://www.hltv.org/stats/players/matches/11893/zywoo?event=5524
22/11/20,Vitality,Natus Vincere,ovp,20 - 9,+11,1.51,https://www.hltv.org/stats/players/matches/11893/zywoo?event=5524
22/11/20,Vitality,Natus Vincere,d2,13 - 17,-4,0.85,https://www.hltv.org/stats/players/matches/11893/zywoo?event=5524
22/11/20,Vitality,Natus Vincere,nuke,15 - 15,0,1.06,https://www.hltv.org/stats/players/matches/11893/zywoo?event=5524
21/11/20,Vitality,Complexity,mrg,23 - 9,+14,1.52,https://www.hltv.org/stats/players/matches/11893/zywoo?event=5524
21/11/20,Vitality,Complexity,vtg,22 - 14,+8,1.37,https://www.hltv.org/stats/players/matches/11893/zywoo?event=5524
20/11/20,Vitality,HEROIC,inf,27 - 17,+10,1.54,https://www.hltv.org/stats/players/matches/11893/zywoo?event=5524
20/11/20,Vitality,HEROIC,nuke,26 - 19,+7,1.21,https://www.hltv.org/stats/players/matches/11893/zywoo?event=5524
20/11/20,Vitality,HEROIC,ovp,22 - 9,+13,1.70,https://www.hltv.org/stats/players/matches/11893/zywoo?event=5524
12/11/20,Vitality,MAD Lions,inf,13 - 14,-1,1.06,https://www.hltv.org/stats/players/matches/11893/zywoo?event=5524
12/11/20,Vitality,MAD Lions,nuke,15 - 10,+5,1.24,https://www.hltv.org/stats/players/matches/11893/zywoo?event=5524
08/11/20,Vitality,FaZe,mrg,25 - 25,0,1.11,https://www.hltv.org/stats/players/matches/11893/zywoo?event=5524
08/11/20,Vitality,FaZe,ovp,15 - 20,-5,0.96,https://www.hltv.org/stats/players/matches/11893/zywoo?event=5524
06/11/20,Vitality,Spirit,nuke,29 - 10,+19,1.76,https://www.hltv.org/stats/players/matches/11893/zywoo?event=5524
06/11/20,Vitality,Spirit,inf,24 - 16,+8,1.48,https://www.hltv.org/stats/players/matches/11893/zywoo?event=5524
31/10/20,Vitality,BIG,inf,19 - 12,+7,1.28,https://www.hltv.org/stats/players/matches/11893/zywoo?event=5207
31/10/20,Vitality,BIG,nuke,27 - 19,+8,1.46,https://www.hltv.org/stats/players/matches/11893/zywoo?event=5207
31/10/20,Vitality,BIG,d2,22 - 20,+2,1.42,https://www.hltv.org/stats/players/matches/11893/zywoo?event=5207
30/10/20,Vitality,BIG,ovp,19 - 18,+1,1.10,https://www.hltv.org/stats/players/matches/11893/zywoo?event=5207
30/10/20,Vitality,BIG,d2,29 - 13,+16,1.69,https://www.hltv.org/stats/players/matches/11893/zywoo?event=5207
29/10/20,Vitality,Complexity,vtg,26 - 22,+4,1.15,https://www.hltv.org/stats/players/matches/11893/zywoo?event=5207
29/10/20,Vitality,Complexity,d2,17 - 22,-5,0.80,https://www.hltv.org/stats/players/matches/11893/zywoo?event=5207
29/10/20,Vitality,Complexity,nuke,22 - 20,+2,1.06,https://www.hltv.org/stats/players/matches/11893/zywoo?event=5207
25/10/20,Vitality,HEROIC,mrg,14 - 19,-5,0.87,https://www.hltv.org/stats/players/matches/11893/zywoo?event=5506
25/10/20,Vitality,HEROIC,vtg,26 - 15,+11,1.64,https://www.hltv.org/stats/players/matches/11893/zywoo?event=5506
25/10/20,Vitality,HEROIC,inf,28 - 17,+11,1.62,https://www.hltv.org/stats/players/matches/11893/zywoo?event=5506
25/10/20,Vitality,HEROIC,nuke,32 - 32,0,1.05,https://www.hltv.org/stats/players/matches/11893/zywoo?event=5506
25/10/20,Vitality,HEROIC,ovp,27 - 24,+3,1.11,https://www.hltv.org/stats/players/matches/11893/zywoo?event=5506
23/10/20,Vitality,Astralis,ovp,21 - 16,+5,1.14,https://www.hltv.org/stats/players/matches/11893/zywoo?event=5506
23/10/20,Vitality,Astralis,d2,25 - 13,+12,1.63,https://www.hltv.org/stats/players/matches/11893/zywoo?event=5506
23/10/20,Vitality,Astralis,nuke,11 - 16,-5,0.73,https://www.hltv.org/stats/players/matches/11893/zywoo?event=5506
22/10/20,Vitality,BIG,d2,18 - 15,+3,1.29,https://www.hltv.org/stats/players/matches/11893/zywoo?event=5506
22/10/20,Vitality,BIG,inf,22 - 10,+12,1.56,https://www.hltv.org/stats/players/matches/11893/zywoo?event=5506
20/10/20,Vitality,Ninjas in Pyjamas,nuke,16 - 13,+3,1.43,https://www.hltv.org/stats/players/matches/11893/zywoo?event=5506
20/10/20,Vitality,Ninjas in Pyjamas,mrg,20 - 18,+2,1.33,https://www.hltv.org/stats/players/matches/11893/zywoo?event=5506
16/10/20,Vitality,fnatic,mrg,39 - 12,+27,2.36,https://www.hltv.org/stats/players/matches/11893/zywoo?event=5506
16/10/20,Vitality,fnatic,nuke,30 - 11,+19,2.12,https://www.hltv.org/stats/players/matches/11893/zywoo?event=5506
16/10/20,Vitality,fnatic,inf,10 - 17,-7,0.74,https://www.hltv.org/stats/players/matches/11893/zywoo?event=5506
15/10/20,Vitality,MOUZ,d2,22 - 17,+5,1.29,https://www.hltv.org/stats/players/matches/11893/zywoo?event=5506
15/10/20,Vitality,MOUZ,nuke,13 - 10,+3,1.15,https://www.hltv.org/stats/players/matches/11893/zywoo?event=5506
10/10/20,Vitality,FaZe,inf,24 - 22,+2,1.25,https://www.hltv.org/stats/players/matches/11893/zywoo?event=5463
10/10/20,Vitality,FaZe,mrg,20 - 20,0,1.13,https://www.hltv.org/stats/players/matches/11893/zywoo?event=5463
08/10/20,Vitality,Complexity,d2,30 - 25,+5,1.49,https://www.hltv.org/stats/players/matches/11893/zywoo?event=5463
08/10/20,Vitality,Complexity,mrg,31 - 9,+22,2.02,https://www.hltv.org/stats/players/matches/11893/zywoo?event=5463
06/10/20,Vitality,fnatic,ovp,32 - 24,+8,1.31,https://www.hltv.org/stats/players/matches/11893/zywoo?event=5463
06/10/20,Vitality,fnatic,vtg,29 - 24,+5,1.15,https://www.hltv.org/stats/players/matches/11893/zywoo?event=5463
06/10/20,Vitality,fnatic,inf,23 - 17,+6,1.23,https://www.hltv.org/stats/players/matches/11893/zywoo?event=5463
19/09/20,Vitality,MOUZ,vtg,16 - 18,-2,1.00,https://www.hltv.org/stats/players/matches/11893/zywoo?event=5372
19/09/20,Vitality,MOUZ,nuke,25 - 18,+7,1.31,https://www.hltv.org/stats/players/matches/11893/zywoo?event=5372
17/09/20,Vitality,Complexity,vtg,22 - 18,+4,1.13,https://www.hltv.org/stats/players/matches/11893/zywoo?event=5372
17/09/20,Vitality,Complexity,nuke,21 - 18,+3,1.11,https://www.hltv.org/stats/players/matches/11893/zywoo?event=5372
15/09/20,Vitality,fnatic,d2,16 - 13,+3,1.22,https://www.hltv.org/stats/players/matches/11893/zywoo?event=5372
15/09/20,Vitality,fnatic,inf,22 - 17,+5,1.32,https://www.hltv.org/stats/players/matches/11893/zywoo?event=5372
12/09/20,Vitality,FaZe,ovp,21 - 15,+6,1.40,https://www.hltv.org/stats/players/matches/11893/zywoo?event=5372
12/09/20,Vitality,FaZe,d2,14 - 18,-4,1.05,https://www.hltv.org/stats/players/matches/11893/zywoo?event=5372
09/09/20,Vitality,Astralis,d2,20 - 18,+2,1.09,https://www.hltv.org/stats/players/matches/11893/zywoo?event=5372
09/09/20,Vitality,Astralis,vtg,16 - 13,+3,1.12,https://www.hltv.org/stats/players/matches/11893/zywoo?event=5372
09/09/20,Vitality,Astralis,nuke,15 - 18,-3,0.85,https://www.hltv.org/stats/players/matches/11893/zywoo?event=5372
06/09/20,Vitality,Spirit,d2,22 - 20,+2,1.06,https://www.hltv.org/stats/players/matches/11893/zywoo?event=5372
06/09/20,Vitality,Spirit,inf,35 - 23,+12,1.67,https://www.hltv.org/stats/players/matches/11893/zywoo?event=5372
06/09/20,Vitality,Spirit,mrg,24 - 19,+5,1.34,https://www.hltv.org/stats/players/matches/11893/zywoo?event=5372
02/09/20,Vitality,Ninjas in Pyjamas,inf,28 - 14,+14,1.53,https://www.hltv.org/stats/players/matches/11893/zywoo?event=5372
02/09/20,Vitality,Ninjas in Pyjamas,d2,15 - 10,+5,1.48,https://www.hltv.org/stats/players/matches/11893/zywoo?event=5372
02/09/20,Vitality,Ninjas in Pyjamas,mrg,10 - 14,-4,0.74,https://www.hltv.org/stats/players/matches/11893/zywoo?event=5372
30/08/20,Vitality,HEROIC,nuke,19 - 18,+1,1.13,https://www.hltv.org/stats/players/matches/11893/zywoo?event=4939
30/08/20,Vitality,HEROIC,inf,23 - 15,+8,1.26,https://www.hltv.org/stats/players/matches/11893/zywoo?event=4939
30/08/20,Vitality,HEROIC,mrg,14 - 17,-3,0.93,https://www.hltv.org/stats/players/matches/11893/zywoo?event=4939
29/08/20,Vitality,Ninjas in Pyjamas,ovp,34 - 14,+20,1.92,https://www.hltv.org/stats/players/matches/11893/zywoo?event=4939
29/08/20,Vitality,Ninjas in Pyjamas,d2,24 - 12,+12,1.53,https://www.hltv.org/stats/players/matches/11893/zywoo?event=4939
27/08/20,Vitality,Sprout,mrg,26 - 13,+13,1.49,https://www.hltv.org/stats/players/matches/11893/zywoo?event=4939
27/08/20,Vitality,Sprout,vtg,26 - 10,+16,1.86,https://www.hltv.org/stats/players/matches/11893/zywoo?event=4939
26/08/20,Vitality,FaZe,nuke,22 - 22,0,1.07,https://www.hltv.org/stats/players/matches/11893/zywoo?event=4939
26/08/20,Vitality,FaZe,d2,27 - 20,+7,1.33,https://www.hltv.org/stats/players/matches/11893/zywoo?event=4939
22/08/20,Vitality,Astralis,d2,14 - 19,-5,0.85,https://www.hltv.org/stats/players/matches/11893/zywoo?event=4939
22/08/20,Vitality,Astralis,nuke,9 - 20,-11,0.63,https://www.hltv.org/stats/players/matches/11893/zywoo?event=4939
18/08/20,Vitality,Heretics,ovp,24 - 13,+11,1.60,https://www.hltv.org/stats/players/matches/11893/zywoo?event=4939
18/08/20,Vitality,Heretics,d2,27 - 17,+10,1.43,https://www.hltv.org/stats/players/matches/11893/zywoo?event=4939
05/07/20,Vitality,BIG,ovp,22 - 20,+2,1.32,https://www.hltv.org/stats/players/matches/11893/zywoo?event=5338
05/07/20,Vitality,BIG,d2,17 - 18,-1,1.02,https://www.hltv.org/stats/players/matches/11893/zywoo?event=5338
05/07/20,Vitality,BIG,inf,23 - 19,+4,1.40,https://www.hltv.org/stats/players/matches/11893/zywoo?event=5338
05/07/20,Vitality,BIG,mrg,17 - 15,+2,1.08,https://www.hltv.org/stats/players/matches/11893/zywoo?event=5338
03/07/20,Vitality,BIG,d2,24 - 13,+11,1.50,https://www.hltv.org/stats/players/matches/11893/zywoo?event=5338
03/07/20,Vitality,BIG,inf,27 - 18,+9,1.46,https://www.hltv.org/stats/players/matches/11893/zywoo?event=5338
03/07/20,Vitality,BIG,mrg,23 - 18,+5,1.32,https://www.hltv.org/stats/players/matches/11893/zywoo?event=5338
01/07/20,Vitality,OG,ovp,43 - 39,+4,1.28,https://www.hltv.org/stats/players/matches/11893/zywoo?event=5338
01/07/20,Vitality,OG,mrg,12 - 15,-3,0.98,https://www.hltv.org/stats/players/matches/11893/zywoo?event=5338
29/06/20,Vitality,HEROIC,inf,27 - 11,+16,2.11,https://www.hltv.org/stats/players/matches/11893/zywoo?event=5338
29/06/20,Vitality,HEROIC,mrg,17 - 20,-3,1.10,https://www.hltv.org/stats/players/matches/11893/zywoo?event=5338
29/06/20,Vitality,HEROIC,d2,16 - 7,+9,1.65,https://www.hltv.org/stats/players/matches/11893/zywoo?event=5338
27/06/20,Vitality,North,nuke,26 - 12,+14,1.78,https://www.hltv.org/stats/players/matches/11893/zywoo?event=5338
27/06/20,Vitality,North,ovp,18 - 11,+7,1.36,https://www.hltv.org/stats/players/matches/11893/zywoo?event=5338
24/06/20,Vitality,FATE,nuke,16 - 13,+3,1.49,https://www.hltv.org/stats/players/matches/11893/zywoo?event=5338
24/06/20,Vitality,FATE,ovp,22 - 6,+16,2.02,https://www.hltv.org/stats/players/matches/11893/zywoo?event=5338
21/06/20,Vitality,Complexity,nuke,26 - 21,+5,1.26,https://www.hltv.org/stats/players/matches/11893/zywoo?event=5202
21/06/20,Vitality,Complexity,mrg,34 - 21,+13,1.58,https://www.hltv.org/stats/players/matches/11893/zywoo?event=5202
21/06/20,Vitality,Complexity,vtg,20 - 9,+11,2.01,https://www.hltv.org/stats/players/matches/11893/zywoo?event=5202
21/06/20,Vitality,FaZe,d2,23 - 22,+1,1.26,https://www.hltv.org/stats/players/matches/11893/zywoo?event=5202
21/06/20,Vitality,FaZe,nuke,21 - 19,+2,1.02,https://www.hltv.org/stats/players/matches/11893/zywoo?event=5202
20/06/20,Vitality,Natus Vincere,nuke,24 - 17,+7,1.32,https://www.hltv.org/stats/players/matches/11893/zywoo?event=5202
20/06/20,Vitality,Natus Vincere,ovp,15 - 9,+6,1.24,https://www.hltv.org/stats/players/matches/11893/zywoo?event=5202
20/06/20,Vitality,Natus Vincere,inf,15 - 13,+2,1.34,https://www.hltv.org/stats/players/matches/11893/zywoo?event=5202
19/06/20,Vitality,Ninjas in Pyjamas,d2,19 - 22,-3,1.07,https://www.hltv.org/stats/players/matches/11893/zywoo?event=5202
19/06/20,Vitality,Ninjas in Pyjamas,mrg,21 - 10,+11,1.63,https://www.hltv.org/stats/players/matches/11893/zywoo?event=5202
18/06/20,Vitality,FaZe,d2,17 - 18,-1,0.93,https://www.hltv.org/stats/players/matches/11893/zywoo?event=5202
18/06/20,Vitality,FaZe,nuke,17 - 20,-3,0.89,https://www.hltv.org/stats/players/matches/11893/zywoo?event=5202
15/06/20,Vitality,G2,mrg,40 - 24,+16,1.54,https://www.hltv.org/stats/players/matches/11893/zywoo?event=5202
15/06/20,Vitality,G2,inf,24 - 10,+14,2.02,https://www.hltv.org/stats/players/matches/11893/zywoo?event=5202
07/06/20,Vitality,Ninjas in Pyjamas,vtg,36 - 17,+19,1.94,https://www.hltv.org/stats/players/matches/11893/zywoo?event=5205
07/06/20,Vitality,Ninjas in Pyjamas,ovp,21 - 20,+1,1.25,https://www.hltv.org/stats/players/matches/11893/zywoo?event=5205
07/06/20,Vitality,Ninjas in Pyjamas,nuke,13 - 18,-5,0.77,https://www.hltv.org/stats/players/matches/11893/zywoo?event=5205
06/06/20,Vitality,fnatic,inf,26 - 16,+10,1.57,https://www.hltv.org/stats/players/matches/11893/zywoo?event=5205
06/06/20,Vitality,fnatic,nuke,31 - 11,+20,1.85,https://www.hltv.org/stats/players/matches/11893/zywoo?event=5205
05/06/20,Vitality,Dignitas,vtg,34 - 13,+21,1.93,https://www.hltv.org/stats/players/matches/11893/zywoo?event=5205
05/06/20,Vitality,Dignitas,d2,21 - 16,+5,1.45,https://www.hltv.org/stats/players/matches/11893/zywoo?event=5205
05/06/20,Vitality,Dignitas,nuke,22 - 10,+12,1.65,https://www.hltv.org/stats/players/matches/11893/zywoo?event=5205
04/06/20,Vitality,SAW,d2,20 - 22,-2,0.98,https://www.hltv.org/stats/players/matches/11893/zywoo?event=5205
03/06/20,Vitality,Astralis,nuke,21 - 12,+9,1.61,https://www.hltv.org/stats/players/matches/11893/zywoo?event=5205
02/06/20,Vitality,Ninjas in Pyjamas,inf,29 - 18,+11,1.45,https://www.hltv.org/stats/players/matches/11893/zywoo?event=5205
01/06/20,Vitality,ENCE,d2,22 - 20,+2,1.30,https://www.hltv.org/stats/players/matches/11893/zywoo?event=5205
10/06/20,Vitality,Ninjas in Pyjamas,inf,14 - 21,-7,0.70,https://www.hltv.org/stats/players/matches/11893/zywoo?event=5285
10/06/20,Vitality,Ninjas in Pyjamas,nuke,23 - 7,+16,1.92,https://www.hltv.org/stats/players/matches/11893/zywoo?event=5285
10/06/20,Vitality,Ninjas in Pyjamas,mrg,19 - 17,+2,1.33,https://www.hltv.org/stats/players/matches/11893/zywoo?event=5285
08/06/20,Vitality,HEROIC,vtg,17 - 10,+7,1.27,https://www.hltv.org/stats/players/matches/11893/zywoo?event=5285
08/06/20,Vitality,HEROIC,d2,28 - 14,+14,1.68,https://www.hltv.org/stats/players/matches/11893/zywoo?event=5285
08/06/20,Vitality,HEROIC,mrg,19 - 17,+2,1.16,https://www.hltv.org/stats/players/matches/11893/zywoo?event=5285
29/05/20,Vitality,ENCE,d2,17 - 12,+5,1.26,https://www.hltv.org/stats/players/matches/11893/zywoo?event=5285
29/05/20,Vitality,ENCE,mrg,22 - 11,+11,1.61,https://www.hltv.org/stats/players/matches/11893/zywoo?event=5285
28/05/20,Vitality,Ninjas in Pyjamas,d2,14 - 10,+4,1.40,https://www.hltv.org/stats/players/matches/11893/zywoo?event=5285
28/05/20,Vitality,Ninjas in Pyjamas,vtg,20 - 12,+8,1.59,https://www.hltv.org/stats/players/matches/11893/zywoo?event=5285
27/05/20,Vitality,Natus Vincere,ovp,19 - 18,+1,1.10,https://www.hltv.org/stats/players/matches/11893/zywoo?event=5285
27/05/20,Vitality,Natus Vincere,d2,29 - 22,+7,1.32,https://www.hltv.org/stats/players/matches/11893/zywoo?event=5285
27/05/20,Vitality,Natus Vincere,nuke,19 - 11,+8,1.41,https://www.hltv.org/stats/players/matches/11893/zywoo?event=5285
15/05/20,Vitality,G2,d2,24 - 18,+6,1.22,https://www.hltv.org/stats/players/matches/11893/zywoo?event=5277
15/05/20,Vitality,G2,vtg,21 - 20,+1,1.23,https://www.hltv.org/stats/players/matches/11893/zywoo?event=5277
15/05/20,Vitality,G2,nuke,18 - 22,-4,0.93,https://www.hltv.org/stats/players/matches/11893/zywoo?event=5277
14/05/20,Vitality,Ninjas in Pyjamas,inf,30 - 23,+7,1.32,https://www.hltv.org/stats/players/matches/11893/zywoo?event=5277
14/05/20,Vitality,Ninjas in Pyjamas,ovp,17 - 23,-6,0.81,https://www.hltv.org/stats/players/matches/11893/zywoo?event=5277
14/05/20,Vitality,Ninjas in Pyjamas,mrg,32 - 18,+14,1.48,https://www.hltv.org/stats/players/matches/11893/zywoo?event=5277
12/05/20,Vitality,GODSENT,inf,24 - 16,+8,1.50,https://www.hltv.org/stats/players/matches/11893/zywoo?event=5277
12/05/20,Vitality,GODSENT,d2,18 - 21,-3,0.89,https://www.hltv.org/stats/players/matches/11893/zywoo?event=5277
09/05/20,Vitality,Heretics,d2,23 - 15,+8,1.70,https://www.hltv.org/stats/players/matches/11893/zywoo?event=5277
09/05/20,Vitality,Heretics,nuke,19 - 12,+7,1.28,https://www.hltv.org/stats/players/matches/11893/zywoo?event=5277
06/05/20,Vitality,ENCE,nuke,12 - 17,-5,0.73,https://www.hltv.org/stats/players/matches/11893/zywoo?event=5277
06/05/20,Vitality,ENCE,mrg,17 - 20,-3,1.03,https://www.hltv.org/stats/players/matches/11893/zywoo?event=5277
02/05/20,Vitality,fnatic,mrg,29 - 13,+16,1.69,https://www.hltv.org/stats/players/matches/11893/zywoo?event=5277
02/05/20,Vitality,fnatic,inf,48 - 24,+24,1.70,https://www.hltv.org/stats/players/matches/11893/zywoo?event=5277
02/05/20,Vitality,fnatic,d2,17 - 14,+3,1.03,https://www.hltv.org/stats/players/matches/11893/zywoo?event=5277
29/04/20,Vitality,Dignitas,d2,29 - 13,+16,1.76,https://www.hltv.org/stats/players/matches/11893/zywoo?event=5277
29/04/20,Vitality,Dignitas,nuke,20 - 18,+2,1.10,https://www.hltv.org/stats/players/matches/11893/zywoo?event=5277
28/04/20,Vitality,Astralis,nuke,19 - 17,+2,1.12,https://www.hltv.org/stats/players/matches/11893/zywoo?event=5277
28/04/20,Vitality,Astralis,d2,14 - 16,-2,1.00,https://www.hltv.org/stats/players/matches/11893/zywoo?event=5277
25/04/20,Vitality,Complexity,inf,13 - 7,+6,1.31,https://www.hltv.org/stats/players/matches/11893/zywoo?event=5277
25/04/20,Vitality,Complexity,d2,18 - 10,+8,1.38,https://www.hltv.org/stats/players/matches/11893/zywoo?event=5277
25/04/20,Vitality,Complexity,mrg,20 - 23,-3,0.94,https://www.hltv.org/stats/players/matches/11893/zywoo?event=5277
22/04/20,Vitality,Ninjas in Pyjamas,inf,14 - 16,-2,1.03,https://www.hltv.org/stats/players/matches/11893/zywoo?event=5277
22/04/20,Vitality,Ninjas in Pyjamas,nuke,27 - 17,+10,1.54,https://www.hltv.org/stats/players/matches/11893/zywoo?event=5277
22/04/20,Vitality,Ninjas in Pyjamas,ovp,32 - 17,+15,1.49,https://www.hltv.org/stats/players/matches/11893/zywoo?event=5277
04/04/20,Vitality,OG,d2,19 - 17,+2,1.06,https://www.hltv.org/stats/players/matches/11893/zywoo?event=5226
04/04/20,Vitality,OG,nuke,19 - 16,+3,1.04,https://www.hltv.org/stats/players/matches/11893/zywoo?event=5226
04/04/20,Vitality,OG,inf,13 - 9,+4,1.17,https://www.hltv.org/stats/players/matches/11893/zywoo?event=5226
24/03/20,Vitality,Astralis,nuke,21 - 17,+4,1.18,https://www.hltv.org/stats/players/matches/11893/zywoo?event=5226
24/03/20,Vitality,Astralis,ovp,26 - 21,+5,1.21,https://www.hltv.org/stats/players/matches/11893/zywoo?event=5226
24/03/20,Vitality,Astralis,d2,18 - 20,-2,1.17,https://www.hltv.org/stats/players/matches/11893/zywoo?event=5226
22/03/20,Vitality,Ninjas in Pyjamas,nuke,20 - 15,+5,1.41,https://www.hltv.org/stats/players/matches/11893/zywoo?event=5226
22/03/20,Vitality,Ninjas in Pyjamas,vtg,19 - 21,-2,0.94,https://www.hltv.org/stats/players/matches/11893/zywoo?event=5226
20/03/20,Vitality,Spirit,ovp,18 - 19,-1,0.92,https://www.hltv.org/stats/players/matches/11893/zywoo?event=5226
20/03/20,Vitality,Spirit,d2,18 - 14,+4,1.14,https://www.hltv.org/stats/players/matches/11893/zywoo?event=5226
20/03/20,Vitality,Spirit,inf,29 - 12,+17,1.87,https://www.hltv.org/stats/players/matches/11893/zywoo?event=5226
18/03/20,Vitality,ENCE,d2,24 - 17,+7,1.35,https://www.hltv.org/stats/players/matches/11893/zywoo?event=5226
18/03/20,Vitality,ENCE,inf,17 - 18,-1,1.09,https://www.hltv.org/stats/players/matches/11893/zywoo?event=5226
18/03/20,Vitality,ENCE,mrg,16 - 16,0,1.05,https://www.hltv.org/stats/players/matches/11893/zywoo?event=5226
16/03/20,Vitality,GODSENT,nuke,26 - 14,+12,1.74,https://www.hltv.org/stats/players/matches/11893/zywoo?event=5226
16/03/20,Vitality,GODSENT,vtg,14 - 19,-5,0.80,https://www.hltv.org/stats/players/matches/11893/zywoo?event=5226
26/02/20,Vitality,FaZe,inf,23 - 15,+8,1.39,https://www.hltv.org/stats/players/matches/11893/zywoo?event=4901
26/02/20,Vitality,FaZe,nuke,17 - 16,+1,1.09,https://www.hltv.org/stats/players/matches/11893/zywoo?event=4901
26/02/20,Vitality,FaZe,mrg,32 - 16,+16,1.84,https://www.hltv.org/stats/players/matches/11893/zywoo?event=4901
25/02/20,Vitality,Astralis,vtg,29 - 30,-1,1.11,https://www.hltv.org/stats/players/matches/11893/zywoo?event=4901
25/02/20,Vitality,Astralis,ovp,9 - 17,-8,0.71,https://www.hltv.org/stats/players/matches/11893/zywoo?event=4901
24/02/20,Vitality,Ninjas in Pyjamas,nuke,22 - 15,+7,1.29,https://www.hltv.org/stats/players/matches/11893/zywoo?event=4901
24/02/20,Vitality,Ninjas in Pyjamas,vtg,23 - 19,+4,1.31,https://www.hltv.org/stats/players/matches/11893/zywoo?event=4901
09/02/20,Vitality,Natus Vincere,d2,17 - 17,0,1.18,https://www.hltv.org/stats/players/matches/11893/zywoo?event=5138
09/02/20,Vitality,Natus Vincere,inf,14 - 16,-2,0.91,https://www.hltv.org/stats/players/matches/11893/zywoo?event=5138
08/02/20,Vitality,Complexity,inf,17 - 16,+1,1.13,https://www.hltv.org/stats/players/matches/11893/zywoo?event=5138
08/02/20,Vitality,Complexity,mrg,16 - 18,-2,0.98,https://www.hltv.org/stats/players/matches/11893/zywoo?event=5138
07/02/20,Vitality,Natus Vincere,d2,22 - 13,+9,1.47,https://www.hltv.org/stats/players/matches/11893/zywoo?event=5138
07/02/20,Vitality,Natus Vincere,inf,23 - 17,+6,1.45,https://www.hltv.org/stats/players/matches/11893/zywoo?event=5138
22/12/19,Vitality,MOUZ,nuke,19 - 14,+5,1.30,https://www.hltv.org/stats/players/matches/11893/zywoo?event=4979
22/12/19,Vitality,MOUZ,mrg,33 - 14,+19,1.87,https://www.hltv.org/stats/players/matches/11893/zywoo?event=4979
22/12/19,Vitality,MOUZ,inf,35 - 20,+15,1.57,https://www.hltv.org/stats/players/matches/11893/zywoo?event=4979
22/12/19,Vitality,HEROIC,inf,25 - 13,+12,1.55,https://www.hltv.org/stats/players/matches/11893/zywoo?event=4979
22/12/19,Vitality,HEROIC,vtg,17 - 16,+1,1.01,https://www.hltv.org/stats/players/matches/11893/zywoo?event=4979
17/12/19,Vitality,Natus Vincere,nuke,20 - 9,+11,1.74,https://www.hltv.org/stats/players/matches/11893/zywoo?event=4979
17/12/19,Vitality,Natus Vincere,inf,25 - 7,+18,1.87,https://www.hltv.org/stats/players/matches/11893/zywoo?event=4979
17/12/19,Vitality,Natus Vincere,d2,15 - 16,-1,1.10,https://www.hltv.org/stats/players/matches/11893/zywoo?event=4979
17/12/19,Vitality,EHOME,nuke,19 - 8,+11,2.03,https://www.hltv.org/stats/players/matches/11893/zywoo?event=4979
17/12/19,Vitality,EHOME,inf,29 - 15,+14,1.63,https://www.hltv.org/stats/players/matches/11893/zywoo?event=4979
09/11/19,Vitality,100 Thieves,inf,9 - 15,-6,0.84,https://www.hltv.org/stats/players/matches/11893/zywoo?event=4837
09/11/19,Vitality,100 Thieves,nuke,20 - 26,-6,1.01,https://www.hltv.org/stats/players/matches/11893/zywoo?event=4837
09/11/19,Vitality,100 Thieves,mrg,23 - 17,+6,1.50,https://www.hltv.org/stats/players/matches/11893/zywoo?event=4837
08/11/19,Vitality,FaZe,inf,21 - 10,+11,1.91,https://www.hltv.org/stats/players/matches/11893/zywoo?event=4837
08/11/19,Vitality,FaZe,ovp,15 - 18,-3,0.99,https://www.hltv.org/stats/players/matches/11893/zywoo?event=4837
08/11/19,Vitality,FaZe,nuke,20 - 16,+4,1.15,https://www.hltv.org/stats/players/matches/11893/zywoo?event=4837
07/11/19,Vitality,TYLOO,d2,18 - 11,+7,1.55,https://www.hltv.org/stats/players/matches/11893/zywoo?event=4837
07/11/19,Vitality,TYLOO,inf,24 - 11,+13,1.60,https://www.hltv.org/stats/players/matches/11893/zywoo?event=4837
25/10/19,Vitality,FURIA,nuke,27 - 17,+10,1.58,https://www.hltv.org/stats/players/matches/11893/zywoo?event=4932
25/10/19,Vitality,FURIA,mrg,15 - 15,0,1.17,https://www.hltv.org/stats/players/matches/11893/zywoo?event=4932
24/10/19,Vitality,fnatic,nuke,22 - 22,0,0.99,https://www.hltv.org/stats/players/matches/11893/zywoo?event=4932
24/10/19,Vitality,fnatic,inf,14 - 17,-3,0.83,https://www.hltv.org/stats/players/matches/11893/zywoo?event=4932
24/10/19,Vitality,Renegades,nuke,21 - 19,+2,1.25,https://www.hltv.org/stats/players/matches/11893/zywoo?event=4932
24/10/19,Vitality,Renegades,mrg,10 - 18,-8,0.81,https://www.hltv.org/stats/players/matches/11893/zywoo?event=4932
21/10/19,Vitality,North,nuke,25 - 7,+18,1.73,https://www.hltv.org/stats/players/matches/11893/zywoo?event=4932
21/10/19,Vitality,North,d2,25 - 18,+7,1.48,https://www.hltv.org/stats/players/matches/11893/zywoo?event=4932
21/10/19,Vitality,North,inf,19 - 13,+6,1.44,https://www.hltv.org/stats/players/matches/11893/zywoo?event=4932
21/10/19,Vitality,Invictus,mrg,21 - 10,+11,1.94,https://www.hltv.org/stats/players/matches/11893/zywoo?event=4932
21/10/19,Vitality,Invictus,nuke,19 - 9,+10,1.78,https://www.hltv.org/stats/players/matches/11893/zywoo?event=4932
18/11/19,Vitality,HellRaisers,nuke,21 - 14,+7,1.33,https://www.hltv.org/stats/players/matches/11893/zywoo?event=4699
18/11/19,Vitality,HellRaisers,ovp,15 - 14,+1,1.11,https://www.hltv.org/stats/players/matches/11893/zywoo?event=4699
17/11/19,Vitality,fnatic,inf,18 - 16,+2,1.03,https://www.hltv.org/stats/players/matches/11893/zywoo?event=4699
17/11/19,Vitality,fnatic,mrg,18 - 19,-1,1.11,https://www.hltv.org/stats/players/matches/11893/zywoo?event=4699
17/11/19,Vitality,fnatic,nuke,18 - 15,+3,1.28,https://www.hltv.org/stats/players/matches/11893/zywoo?event=4699
16/11/19,Vitality,FaZe,mrg,38 - 15,+23,2.01,https://www.hltv.org/stats/players/matches/11893/zywoo?event=4699
16/11/19,Vitality,FaZe,inf,18 - 17,+1,1.07,https://www.hltv.org/stats/players/matches/11893/zywoo?event=4699
13/10/19,Vitality,Ninjas in Pyjamas,d2,9 - 18,-9,0.76,https://www.hltv.org/stats/players/matches/11893/zywoo?event=4699
13/10/19,Vitality,Ninjas in Pyjamas,ovp,14 - 16,-2,1.01,https://www.hltv.org/stats/players/matches/11893/zywoo?event=4699
12/10/19,Vitality,HEROIC,nuke,26 - 17,+9,1.37,https://www.hltv.org/stats/players/matches/11893/zywoo?event=4699
12/10/19,Vitality,HEROIC,d2,19 - 17,+2,1.12,https://www.hltv.org/stats/players/matches/11893/zywoo?event=4699
12/10/19,Vitality,HEROIC,trn,17 - 20,-3,0.92,https://www.hltv.org/stats/players/matches/11893/zywoo?event=4699
11/10/19,Vitality,Sprout,inf,24 - 11,+13,1.68,https://www.hltv.org/stats/players/matches/11893/zywoo?event=4699
11/10/19,Vitality,Sprout,d2,14 - 17,-3,0.90,https://www.hltv.org/stats/players/matches/11893/zywoo?event=4699
11/10/19,Vitality,Sprout,nuke,17 - 17,0,1.04,https://www.hltv.org/stats/players/matches/11893/zywoo?event=4699
06/10/19,Vitality,fnatic,mrg,28 - 20,+8,1.46,https://www.hltv.org/stats/players/matches/11893/zywoo?event=4553
06/10/19,Vitality,fnatic,inf,30 - 21,+9,1.32,https://www.hltv.org/stats/players/matches/11893/zywoo?event=4553
06/10/19,Vitality,fnatic,d2,24 - 19,+5,1.40,https://www.hltv.org/stats/players/matches/11893/zywoo?event=4553
05/10/19,Vitality,Natus Vincere,d2,26 - 16,+10,1.51,https://www.hltv.org/stats/players/matches/11893/zywoo?event=4553
05/10/19,Vitality,Natus Vincere,ovp,19 - 10,+9,1.55,https://www.hltv.org/stats/players/matches/11893/zywoo?event=4553
05/10/19,Vitality,Natus Vincere,nuke,16 - 17,-1,0.97,https://www.hltv.org/stats/players/matches/11893/zywoo?event=4553
04/10/19,Vitality,MOUZ,d2,19 - 15,+4,1.23,https://www.hltv.org/stats/players/matches/11893/zywoo?event=4553
04/10/19,Vitality,MOUZ,inf,21 - 19,+2,1.16,https://www.hltv.org/stats/players/matches/11893/zywoo?event=4553
04/10/19,Vitality,MOUZ,mrg,27 - 17,+10,1.44,https://www.hltv.org/stats/players/matches/11893/zywoo?event=4553
03/10/19,Vitality,Astralis,d2,24 - 15,+9,1.16,https://www.hltv.org/stats/players/matches/11893/zywoo?event=4553
03/10/19,Vitality,Astralis,vtg,22 - 17,+5,1.21,https://www.hltv.org/stats/players/matches/11893/zywoo?event=4553
01/10/19,Vitality,ENCE,d2,26 - 11,+15,1.65,https://www.hltv.org/stats/players/matches/11893/zywoo?event=4553
01/10/19,Vitality,ENCE,nuke,26 - 18,+8,1.33,https://www.hltv.org/stats/players/matches/11893/zywoo?event=4553
01/10/19,Vitality,ENCE,inf,33 - 16,+17,1.54,https://www.hltv.org/stats/players/matches/11893/zywoo?event=4553
01/10/19,Vitality,TYLOO,inf,22 - 11,+11,1.62,https://www.hltv.org/stats/players/matches/11893/zywoo?event=4553
05/09/19,Vitality,AVANGAR,d2,20 - 17,+3,1.04,https://www.hltv.org/stats/players/matches/11893/zywoo?event=4443
05/09/19,Vitality,AVANGAR,inf,28 - 12,+16,1.63,https://www.hltv.org/stats/players/matches/11893/zywoo?event=4443
05/09/19,Vitality,AVANGAR,mrg,12 - 18,-6,0.90,https://www.hltv.org/stats/players/matches/11893/zywoo?event=4443
31/08/19,Vitality,MOUZ,mrg,21 - 17,+4,1.52,https://www.hltv.org/stats/players/matches/11893/zywoo?event=4443
31/08/19,Vitality,MOUZ,vtg,19 - 12,+7,1.44,https://www.hltv.org/stats/players/matches/11893/zywoo?event=4443
30/08/19,Vitality,ENCE,d2,12 - 18,-6,0.72,https://www.hltv.org/stats/players/matches/11893/zywoo?event=4443
30/08/19,Vitality,ENCE,nuke,15 - 17,-2,0.84,https://www.hltv.org/stats/players/matches/11893/zywoo?event=4443
29/08/19,Vitality,FaZe,d2,24 - 11,+13,1.65,https://www.hltv.org/stats/players/matches/11893/zywoo?event=4443
28/08/19,Vitality,North,inf,21 - 15,+6,1.38,https://www.hltv.org/stats/players/matches/11893/zywoo?event=4443
26/08/19,Vitality,Grayhound,inf,17 - 18,-1,1.05,https://www.hltv.org/stats/players/matches/11893/zywoo?event=4450
26/08/19,Vitality,Grayhound,ovp,27 - 21,+6,1.35,https://www.hltv.org/stats/players/matches/11893/zywoo?event=4450
26/08/19,Vitality,Grayhound,d2,23 - 9,+14,1.74,https://www.hltv.org/stats/players/matches/11893/zywoo?event=4450
25/08/19,Vitality,HellRaisers,mrg,17 - 12,+5,1.15,https://www.hltv.org/stats/players/matches/11893/zywoo?event=4450
25/08/19,Vitality,HellRaisers,inf,31 - 10,+21,1.88,https://www.hltv.org/stats/players/matches/11893/zywoo?event=4450
24/08/19,Vitality,DreamEaters,inf,22 - 18,+4,1.08,https://www.hltv.org/stats/players/matches/11893/zywoo?event=4450
23/08/19,Vitality,INTZ,mrg,26 - 14,+12,1.79,https://www.hltv.org/stats/players/matches/11893/zywoo?event=4450
23/08/19,Vitality,Syman,d2,20 - 19,+1,1.21,https://www.hltv.org/stats/players/matches/11893/zywoo?event=4450
21/07/19,Vitality,Liquid,ovp,17 - 21,-4,0.91,https://www.hltv.org/stats/players/matches/11893/zywoo?event=4574
21/07/19,Vitality,Liquid,d2,22 - 20,+2,1.21,https://www.hltv.org/stats/players/matches/11893/zywoo?event=4574
20/07/19,Vitality,HEROIC,ovp,20 - 15,+5,1.31,https://www.hltv.org/stats/players/matches/11893/zywoo?event=4574
20/07/19,Vitality,HEROIC,d2,26 - 16,+10,1.57,https://www.hltv.org/stats/players/matches/11893/zywoo?event=4574
20/07/19,Vitality,HEROIC,mrg,23 - 14,+9,1.61,https://www.hltv.org/stats/players/matches/11893/zywoo?event=4574
19/07/19,Vitality,Renegades,d2,14 - 12,+2,1.29,https://www.hltv.org/stats/players/matches/11893/zywoo?event=4574
19/07/19,Vitality,Renegades,mrg,24 - 18,+6,1.23,https://www.hltv.org/stats/players/matches/11893/zywoo?event=4574
18/07/19,Vitality,HEROIC,nuke,10 - 18,-8,0.61,https://www.hltv.org/stats/players/matches/11893/zywoo?event=4574
18/07/19,Vitality,HEROIC,ovp,24 - 19,+5,1.21,https://www.hltv.org/stats/players/matches/11893/zywoo?event=4574
14/07/19,Vitality,FURIA,inf,11 - 19,-8,0.82,https://www.hltv.org/stats/players/matches/11893/zywoo?event=4504
14/07/19,Vitality,FURIA,trn,13 - 20,-7,0.86,https://www.hltv.org/stats/players/matches/11893/zywoo?event=4504
13/07/19,Vitality,Spirit,trn,17 - 13,+4,1.27,https://www.hltv.org/stats/players/matches/11893/zywoo?event=4504
13/07/19,Vitality,Party Astronauts,inf,17 - 13,+4,1.40,https://www.hltv.org/stats/players/matches/11893/zywoo?event=4504
12/07/19,Vitality,Sprout,mrg,23 - 15,+8,1.38,https://www.hltv.org/stats/players/matches/11893/zywoo?event=4692
12/07/19,Vitality,Sprout,ovp,30 - 21,+9,1.37,https://www.hltv.org/stats/players/matches/11893/zywoo?event=4692
07/07/19,Vitality,Liquid,mrg,15 - 18,-3,0.93,https://www.hltv.org/stats/players/matches/11893/zywoo?event=4281
07/07/19,Vitality,Liquid,inf,26 - 18,+8,1.38,https://www.hltv.org/stats/players/matches/11893/zywoo?event=4281
07/07/19,Vitality,Liquid,d2,33 - 20,+13,1.28,https://www.hltv.org/stats/players/matches/11893/zywoo?event=4281
07/07/19,Vitality,Liquid,ovp,13 - 17,-4,0.68,https://www.hltv.org/stats/players/matches/11893/zywoo?event=4281
06/07/19,Vitality,Astralis,ovp,20 - 12,+8,1.52,https://www.hltv.org/stats/players/matches/11893/zywoo?event=4281
06/07/19,Vitality,Astralis,inf,30 - 28,+2,1.13,https://www.hltv.org/stats/players/matches/11893/zywoo?event=4281
06/07/19,Vitality,Astralis,d2,25 - 12,+13,1.59,https://www.hltv.org/stats/players/matches/11893/zywoo?event=4281
05/07/19,Vitality,NRG,mrg,29 - 12,+17,2.05,https://www.hltv.org/stats/players/matches/11893/zywoo?event=4281
05/07/19,Vitality,NRG,d2,23 - 9,+14,1.69,https://www.hltv.org/stats/players/matches/11893/zywoo?event=4281
04/07/19,Vitality,HEROIC,inf,25 - 20,+5,1.20,https://www.hltv.org/stats/players/matches/11893/zywoo?event=4281
04/07/19,Vitality,HEROIC,ovp,27 - 16,+11,1.46,https://www.hltv.org/stats/players/matches/11893/zywoo?event=4281
04/07/19,Vitality,fnatic,ovp,32 - 19,+13,1.45,https://www.hltv.org/stats/players/matches/11893/zywoo?event=4281
04/07/19,Vitality,fnatic,mrg,33 - 20,+13,1.39,https://www.hltv.org/stats/players/matches/11893/zywoo?event=4281
03/07/19,Vitality,ENCE,inf,18 - 11,+7,1.25,https://www.hltv.org/stats/players/matches/11893/zywoo?event=4281
03/07/19,Vitality,ENCE,nuke,22 - 18,+4,1.14,https://www.hltv.org/stats/players/matches/11893/zywoo?event=4281
03/07/19,Vitality,ENCE,ovp,26 - 12,+14,1.72,https://www.hltv.org/stats/players/matches/11893/zywoo?event=4281
02/07/19,Vitality,Ninjas in Pyjamas,d2,16 - 19,-3,1.00,https://www.hltv.org/stats/players/matches/11893/zywoo?event=4281
09/06/19,Vitality,FURIA,ovp,25 - 6,+19,2.14,https://www.hltv.org/stats/players/matches/11893/zywoo?event=4411
09/06/19,Vitality,FURIA,inf,23 - 14,+9,1.56,https://www.hltv.org/stats/players/matches/11893/zywoo?event=4411
08/06/19,Vitality,NRG,mrg,26 - 12,+14,1.74,https://www.hltv.org/stats/players/matches/11893/zywoo?event=4411
08/06/19,Vitality,NRG,ovp,36 - 20,+16,1.72,https://www.hltv.org/stats/players/matches/11893/zywoo?event=4411
07/06/19,Vitality,Complexity,nuke,19 - 15,+4,1.32,https://www.hltv.org/stats/players/matches/11893/zywoo?event=4411
07/06/19,Vitality,Complexity,d2,24 - 18,+6,1.38,https://www.hltv.org/stats/players/matches/11893/zywoo?event=4411
06/06/19,Vitality,North,d2,12 - 18,-6,0.82,https://www.hltv.org/stats/players/matches/11893/zywoo?event=4411
06/06/19,Vitality,North,inf,15 - 15,0,1.00,https://www.hltv.org/stats/players/matches/11893/zywoo?event=4411
06/06/19,Vitality,North,nuke,21 - 17,+4,1.29,https://www.hltv.org/stats/players/matches/11893/zywoo?event=4411
06/06/19,Vitality,Complexity,d2,21 - 10,+11,1.33,https://www.hltv.org/stats/players/matches/11893/zywoo?event=4411
31/05/19,Vitality,FURIA,nuke,15 - 22,-7,0.91,https://www.hltv.org/stats/players/matches/11893/zywoo?event=4177
31/05/19,Vitality,FURIA,inf,25 - 16,+9,1.69,https://www.hltv.org/stats/players/matches/11893/zywoo?event=4177
30/05/19,Vitality,North,mrg,19 - 14,+5,1.10,https://www.hltv.org/stats/players/matches/11893/zywoo?event=4177
30/05/19,Vitality,North,nuke,21 - 13,+8,1.36,https://www.hltv.org/stats/players/matches/11893/zywoo?event=4177
29/05/19,Vitality,Ninjas in Pyjamas,d2,21 - 17,+4,1.14,https://www.hltv.org/stats/players/matches/11893/zywoo?event=4177
29/05/19,Vitality,Ninjas in Pyjamas,ovp,16 - 12,+4,1.28,https://www.hltv.org/stats/players/matches/11893/zywoo?event=4177
29/05/19,Vitality,Lucid Dream,nuke,21 - 3,+18,2.13,https://www.hltv.org/stats/players/matches/11893/zywoo?event=4177
29/05/19,Vitality,Lucid Dream,d2,20 - 7,+13,1.66,https://www.hltv.org/stats/players/matches/11893/zywoo?event=4177
28/05/19,Vitality,North,ovp,21 - 19,+2,1.18,https://www.hltv.org/stats/players/matches/11893/zywoo?event=4177
27/05/19,Vitality,Liquid,ovp,22 - 17,+5,1.30,https://www.hltv.org/stats/players/matches/11893/zywoo?event=4566
27/05/19,Vitality,Liquid,nuke,24 - 10,+14,1.61,https://www.hltv.org/stats/players/matches/11893/zywoo?event=4566
26/05/19,Vitality,ENCE,inf,31 - 22,+9,1.38,https://www.hltv.org/stats/players/matches/11893/zywoo?event=4566
26/05/19,Vitality,ENCE,ovp,37 - 15,+22,2.18,https://www.hltv.org/stats/players/matches/11893/zywoo?event=4566
26/05/19,Vitality,ENCE,mrg,17 - 21,-4,0.81,https://www.hltv.org/stats/players/matches/11893/zywoo?event=4566
26/05/19,Vitality,Renegades,mrg,25 - 20,+5,1.21,https://www.hltv.org/stats/players/matches/11893/zywoo?event=4566
25/05/19,Vitality,Renegades,vtg,21 - 16,+5,1.18,https://www.hltv.org/stats/players/matches/11893/zywoo?event=4566
25/05/19,Vitality,ENCE,nuke,22 - 16,+6,1.52,https://www.hltv.org/stats/players/matches/11893/zywoo?event=4566
25/05/19,Vitality,ENCE,ovp,20 - 11,+9,1.37,https://www.hltv.org/stats/players/matches/11893/zywoo?event=4566
24/05/19,Vitality,Liquid,mrg,34 - 16,+18,1.79,https://www.hltv.org/stats/players/matches/11893/zywoo?event=4566
24/05/19,Vitality,Liquid,nuke,15 - 12,+3,1.46,https://www.hltv.org/stats/players/matches/11893/zywoo?event=4566
24/05/19,Vitality,NRG,inf,17 - 12,+5,1.29,https://www.hltv.org/stats/players/matches/11893/zywoo?event=4566
24/05/19,Vitality,NRG,nuke,31 - 28,+3,1.08,https://www.hltv.org/stats/players/matches/11893/zywoo?event=4566
23/05/19,Vitality,Ghost,ovp,17 - 14,+3,1.09,https://www.hltv.org/stats/players/matches/11893/zywoo?event=4566
23/05/19,Vitality,Ghost,mrg,35 - 27,+8,1.28,https://www.hltv.org/stats/players/matches/11893/zywoo?event=4566
10/05/19,Vitality,HEROIC,ovp,21 - 19,+2,1.03,https://www.hltv.org/stats/players/matches/11893/zywoo?event=4550
10/05/19,Vitality,HEROIC,nuke,24 - 13,+11,1.63,https://www.hltv.org/stats/players/matches/11893/zywoo?event=4550
10/05/19,Vitality,HEROIC,mrg,23 - 18,+5,1.15,https://www.hltv.org/stats/players/matches/11893/zywoo?event=4550
09/05/19,Vitality,AVANGAR,cch,18 - 14,+4,1.20,https://www.hltv.org/stats/players/matches/11893/zywoo?event=4550
09/05/19,Vitality,AVANGAR,mrg,21 - 11,+10,1.53,https://www.hltv.org/stats/players/matches/11893/zywoo?event=4550
09/05/19,Vitality,ALTERNATE aTTaX,d2,26 - 25,+1,1.10,https://www.hltv.org/stats/players/matches/11893/zywoo?event=4550
09/05/19,Vitality,ALTERNATE aTTaX,inf,17 - 12,+5,1.27,https://www.hltv.org/stats/players/matches/11893/zywoo?event=4550
20/06/19,Vitality,Spirit,ovp,17 - 13,+4,1.28,https://www.hltv.org/stats/players/matches/11893/zywoo?event=4501
20/06/19,Vitality,Spirit,mrg,22 - 11,+11,1.43,https://www.hltv.org/stats/players/matches/11893/zywoo?event=4501
19/06/19,Vitality,GamerLegion,ovp,25 - 22,+3,1.21,https://www.hltv.org/stats/players/matches/11893/zywoo?event=4501
19/06/19,Vitality,GamerLegion,vtg,27 - 20,+7,1.17,https://www.hltv.org/stats/players/matches/11893/zywoo?event=4501
14/06/19,Vitality,GamerLegion,mrg,17 - 18,-1,0.89,https://www.hltv.org/stats/players/matches/11893/zywoo?event=4501
14/06/19,Vitality,Sprout,mrg,11 - 18,-7,0.71,https://www.hltv.org/stats/players/matches/11893/zywoo?event=4501
13/06/19,Vitality,x-kom,nuke,19 - 16,+3,1.11,https://www.hltv.org/stats/players/matches/11893/zywoo?event=4501
13/06/19,Vitality,Movistar Riders,vtg,13 - 20,-7,0.75,https://www.hltv.org/stats/players/matches/11893/zywoo?event=4501
13/06/19,Vitality,CR4ZY,nuke,24 - 19,+5,1.42,https://www.hltv.org/stats/players/matches/11893/zywoo?event=4501
12/06/19,Vitality,expert,inf,18 - 12,+6,1.42,https://www.hltv.org/stats/players/matches/11893/zywoo?event=4501
12/06/19,Vitality,ALTERNATE aTTaX,inf,22 - 11,+11,1.58,https://www.hltv.org/stats/players/matches/11893/zywoo?event=4501
11/06/19,Vitality,Izako Boars,mrg,23 - 22,+1,1.30,https://www.hltv.org/stats/players/matches/11893/zywoo?event=4501
16/05/19,Vitality,Spirit,d2,23 - 13,+10,1.34,https://www.hltv.org/stats/players/matches/11893/zywoo?event=4501
16/05/19,Vitality,Epsilon,vtg,21 - 10,+11,1.39,https://www.hltv.org/stats/players/matches/11893/zywoo?event=4501
15/05/19,Vitality,HAVU,mrg,24 - 15,+9,1.36,https://www.hltv.org/stats/players/matches/11893/zywoo?event=4501
15/05/19,Vitality,pro100,trn,25 - 8,+17,2.08,https://www.hltv.org/stats/players/matches/11893/zywoo?event=4501
14/05/19,Vitality,Chaos,d2,21 - 16,+5,1.25,https://www.hltv.org/stats/players/matches/11893/zywoo?event=4501
08/05/19,Vitality,AGO,ovp,20 - 9,+11,1.54,https://www.hltv.org/stats/players/matches/11893/zywoo?event=4501
08/05/19,Vitality,FORZE,ovp,20 - 18,+2,1.12,https://www.hltv.org/stats/players/matches/11893/zywoo?event=4501
08/05/19,Vitality,Virtus.pro,mrg,13 - 18,-5,0.84,https://www.hltv.org/stats/players/matches/11893/zywoo?event=4501
03/05/19,Vitality,ENCE,nuke,21 - 13,+8,1.23,https://www.hltv.org/stats/players/matches/11893/zywoo?event=4501
28/04/19,Vitality,OpTic,nuke,24 - 8,+16,1.87,https://www.hltv.org/stats/players/matches/11893/zywoo?event=4414
28/04/19,Vitality,OpTic,ovp,16 - 17,-1,1.13,https://www.hltv.org/stats/players/matches/11893/zywoo?event=4414
28/04/19,Vitality,OpTic,inf,24 - 14,+10,1.48,https://www.hltv.org/stats/players/matches/11893/zywoo?event=4414
27/04/19,Vitality,Valiance,mrg,18 - 22,-4,1.02,https://www.hltv.org/stats/players/matches/11893/zywoo?event=4414
27/04/19,Vitality,Valiance,d2,19 - 12,+7,1.53,https://www.hltv.org/stats/players/matches/11893/zywoo?event=4414
25/04/19,Vitality,Virtus.pro,ovp,28 - 14,+14,1.71,https://www.hltv.org/stats/players/matches/11893/zywoo?event=4414
25/04/19,Vitality,Virtus.pro,nuke,24 - 14,+10,1.53,https://www.hltv.org/stats/players/matches/11893/zywoo?event=4414
14/04/19,Vitality,Sprout,cch,16 - 9,+7,1.21,https://www.hltv.org/stats/players/matches/11893/zywoo?event=4317
14/04/19,Vitality,Sprout,inf,29 - 13,+16,1.73,https://www.hltv.org/stats/players/matches/11893/zywoo?event=4317
14/04/19,Vitality,G2,cch,20 - 9,+11,1.66,https://www.hltv.org/stats/players/matches/11893/zywoo?event=4317
14/04/19,Vitality,G2,ovp,27 - 22,+5,1.19,https://www.hltv.org/stats/players/matches/11893/zywoo?event=4317
14/04/19,Vitality,G2,nuke,20 - 15,+5,1.08,https://www.hltv.org/stats/players/matches/11893/zywoo?event=4317
12/04/19,Vitality,Sprout,mrg,13 - 13,0,1.09,https://www.hltv.org/stats/players/matches/11893/zywoo?event=4317
12/04/19,Vitality,FrostFire,cch,20 - 13,+7,1.46,https://www.hltv.org/stats/players/matches/11893/zywoo?event=4317
05/04/19,Vitality,NRG,mrg,26 - 19,+7,1.26,https://www.hltv.org/stats/players/matches/11893/zywoo?event=4240
05/04/19,Vitality,NRG,ovp,30 - 33,-3,0.97,https://www.hltv.org/stats/players/matches/11893/zywoo?event=4240
02/04/19,Vitality,Spirit,inf,25 - 17,+8,1.36,https://www.hltv.org/stats/players/matches/11893/zywoo?event=4240
02/04/19,Vitality,Spirit,d2,15 - 17,-2,1.05,https://www.hltv.org/stats/players/matches/11893/zywoo?event=4240
02/04/19,Vitality,Spirit,mrg,16 - 17,-1,0.86,https://www.hltv.org/stats/players/matches/11893/zywoo?event=4240
01/04/19,Vitality,fnatic,nuke,20 - 19,+1,1.11,https://www.hltv.org/stats/players/matches/11893/zywoo?event=4240
01/04/19,Vitality,fnatic,mrg,17 - 18,-1,1.11,https://www.hltv.org/stats/players/matches/11893/zywoo?event=4240
31/03/19,Vitality,ENCE,inf,19 - 18,+1,1.22,https://www.hltv.org/stats/players/matches/11893/zywoo?event=4240
31/03/19,Vitality,ENCE,d2,21 - 9,+12,1.83,https://www.hltv.org/stats/players/matches/11893/zywoo?event=4240
31/03/19,Vitality,ENCE,mrg,24 - 19,+5,1.27,https://www.hltv.org/stats/players/matches/11893/zywoo?event=4240
30/03/19,Vitality,BIG,d2,34 - 14,+20,2.13,https://www.hltv.org/stats/players/matches/11893/zywoo?event=4240
30/03/19,Vitality,BIG,ovp,24 - 20,+4,1.15,https://www.hltv.org/stats/players/matches/11893/zywoo?event=4240
21/03/19,Vitality,North,nuke,22 - 22,0,1.15,https://www.hltv.org/stats/players/matches/11893/zywoo?event=4413
21/03/19,Vitality,North,inf,11 - 15,-4,0.76,https://www.hltv.org/stats/players/matches/11893/zywoo?event=4413
21/03/19,Vitality,North,cch,20 - 6,+14,1.83,https://www.hltv.org/stats/players/matches/11893/zywoo?event=4413
20/03/19,Vitality,MOUZ,d2,21 - 6,+15,1.82,https://www.hltv.org/stats/players/matches/11893/zywoo?event=4413
20/03/19,Vitality,MOUZ,mrg,12 - 17,-5,0.94,https://www.hltv.org/stats/players/matches/11893/zywoo?event=4413
20/03/19,Vitality,MOUZ,ovp,25 - 7,+18,2.03,https://www.hltv.org/stats/players/matches/11893/zywoo?event=4413
18/03/19,Vitality,LDLC,mrg,25 - 18,+7,1.32,https://www.hltv.org/stats/players/matches/11893/zywoo?event=4413
18/03/19,Vitality,LDLC,nuke,24 - 11,+13,1.51,https://www.hltv.org/stats/players/matches/11893/zywoo?event=4413
14/03/19,Vitality,Epsilon,cch,22 - 10,+12,1.89,https://www.hltv.org/stats/players/matches/11893/zywoo?event=4423
14/03/19,Vitality,Epsilon,trn,19 - 18,+1,1.08,https://www.hltv.org/stats/players/matches/11893/zywoo?event=4423
14/03/19,Vitality,Epsilon,nuke,16 - 9,+7,1.38,https://www.hltv.org/stats/players/matches/11893/zywoo?event=4423
07/03/19,Vitality,AGO,ovp,17 - 17,0,1.31,https://www.hltv.org/stats/players/matches/11893/zywoo?event=4423
07/03/19,Vitality,AGO,cch,19 - 19,0,1.01,https://www.hltv.org/stats/players/matches/11893/zywoo?event=4423
07/03/19,Vitality,AGO,mrg,29 - 15,+14,1.61,https://www.hltv.org/stats/players/matches/11893/zywoo?event=4423
06/03/19,Vitality,Nemiga,d2,24 - 12,+12,1.59,https://www.hltv.org/stats/players/matches/11893/zywoo?event=4423
06/03/19,Vitality,Nemiga,ovp,26 - 14,+12,1.68,https://www.hltv.org/stats/players/matches/11893/zywoo?event=4423
06/03/19,Vitality,Nemiga,inf,16 - 20,-4,1.02,https://www.hltv.org/stats/players/matches/11893/zywoo?event=4423
06/03/19,Vitality,AVANGAR,mrg,19 - 19,0,1.13,https://www.hltv.org/stats/players/matches/11893/zywoo?event=4423
06/03/19,Vitality,AVANGAR,ovp,22 - 16,+6,1.26,https://www.hltv.org/stats/players/matches/11893/zywoo?event=4423
06/03/19,Vitality,AVANGAR,d2,20 - 17,+3,1.14,https://www.hltv.org/stats/players/matches/11893/zywoo?event=4423
05/03/19,Vitality,Chaos,cch,22 - 17,+5,1.22,https://www.hltv.org/stats/players/matches/11893/zywoo?event=4423
05/03/19,Vitality,Chaos,mrg,21 - 18,+3,1.37,https://www.hltv.org/stats/players/matches/11893/zywoo?event=4423
05/03/19,Vitality,Chaos,d2,34 - 22,+12,1.34,https://www.hltv.org/stats/players/matches/11893/zywoo?event=4423
24/02/19,Vitality,Ninjas in Pyjamas,mrg,15 - 19,-4,0.91,https://www.hltv.org/stats/players/matches/11893/zywoo?event=3883
24/02/19,Vitality,Ninjas in Pyjamas,ovp,26 - 16,+10,1.53,https://www.hltv.org/stats/players/matches/11893/zywoo?event=3883
24/02/19,Vitality,Ninjas in Pyjamas,cch,12 - 16,-4,0.95,https://www.hltv.org/stats/players/matches/11893/zywoo?event=3883
22/02/19,Vitality,Renegades,inf,18 - 18,0,0.92,https://www.hltv.org/stats/players/matches/11893/zywoo?event=3883
22/02/19,Vitality,Renegades,cch,17 - 16,+1,1.11,https://www.hltv.org/stats/players/matches/11893/zywoo?event=3883
22/02/19,Vitality,Renegades,d2,12 - 17,-5,0.77,https://www.hltv.org/stats/players/matches/11893/zywoo?event=3883
21/02/19,Vitality,Cloud9,mrg,26 - 21,+5,1.43,https://www.hltv.org/stats/players/matches/11893/zywoo?event=3883
20/02/19,Vitality,Natus Vincere,mrg,32 - 31,+1,1.05,https://www.hltv.org/stats/players/matches/11893/zywoo?event=3883
20/02/19,Vitality,BIG,mrg,27 - 15,+12,1.64,https://www.hltv.org/stats/players/matches/11893/zywoo?event=3883
15/02/19,Vitality,ViCi,nuke,24 - 14,+10,1.31,https://www.hltv.org/stats/players/matches/11893/zywoo?event=3884
15/02/19,Vitality,ViCi,inf,41 - 30,+11,1.36,https://www.hltv.org/stats/players/matches/11893/zywoo?event=3884
14/02/19,Vitality,Vega Squadron,ovp,17 - 4,+13,1.74,https://www.hltv.org/stats/players/matches/11893/zywoo?event=3884
13/02/19,Vitality,Grayhound,nuke,33 - 24,+9,1.42,https://www.hltv.org/stats/players/matches/11893/zywoo?event=3884
13/02/19,Vitality,TYLOO,inf,15 - 18,-3,0.88,https://www.hltv.org/stats/players/matches/11893/zywoo?event=3884
03/02/19,Vitality,HellRaisers,d2,19 - 12,+7,1.26,https://www.hltv.org/stats/players/matches/11893/zywoo?event=4349
03/02/19,Vitality,HellRaisers,cch,21 - 14,+7,1.23,https://www.hltv.org/stats/players/matches/11893/zywoo?event=4349
03/02/19,Vitality,OpTic,ovp,19 - 16,+3,1.30,https://www.hltv.org/stats/players/matches/11893/zywoo?event=4349
03/02/19,Vitality,OpTic,nuke,22 - 10,+12,1.69,https://www.hltv.org/stats/players/matches/11893/zywoo?event=4349
02/02/19,Vitality,pro100,nuke,29 - 7,+22,2.43,https://www.hltv.org/stats/players/matches/11893/zywoo?event=4349
02/02/19,Vitality,pro100,d2,27 - 11,+16,1.62,https://www.hltv.org/stats/players/matches/11893/zywoo?event=4349
20/01/19,Vitality,North,inf,22 - 14,+8,1.47,https://www.hltv.org/stats/players/matches/11893/zywoo?event=4208
20/01/19,Vitality,North,nuke,25 - 7,+18,1.97,https://www.hltv.org/stats/players/matches/11893/zywoo?event=4208
20/01/19,Vitality,North,mrg,22 - 17,+5,1.34,https://www.hltv.org/stats/players/matches/11893/zywoo?event=4208
19/01/19,Vitality,Valiance,inf,32 - 19,+13,1.78,https://www.hltv.org/stats/players/matches/11893/zywoo?event=4208
19/01/19,Vitality,Valiance,d2,20 - 17,+3,1.21,https://www.hltv.org/stats/players/matches/11893/zywoo?event=4208
19/01/19,Vitality,Valiance,cch,19 - 18,+1,1.23,https://www.hltv.org/stats/players/matches/11893/zywoo?event=4208
18/01/19,Vitality,North,d2,10 - 18,-8,0.72,https://www.hltv.org/stats/players/matches/11893/zywoo?event=4208
18/01/19,Vitality,North,nuke,28 - 21,+7,1.34,https://www.hltv.org/stats/players/matches/11893/zywoo?event=4208
16/01/19,Vitality,Valiance,d2,18 - 7,+11,1.62,https://www.hltv.org/stats/players/matches/11893/zywoo?event=4208
16/01/19,Vitality,Valiance,inf,17 - 18,-1,0.99,https://www.hltv.org/stats/players/matches/11893/zywoo?event=4208
16/01/19,Vitality,Valiance,mrg,37 - 23,+14,1.55,https://www.hltv.org/stats/players/matches/11893/zywoo?event=4208
16/01/19,Vitality,OpTic,d2,22 - 12,+10,1.56,https://www.hltv.org/stats/players/matches/11893/zywoo?event=4208
15/03/19,Vitality,ENCE,nuke,29 - 23,+6,1.23,https://www.hltv.org/stats/players/matches/11893/zywoo?event=4287
14/03/19,Vitality,LDLC,d2,17 - 10,+7,1.84,https://www.hltv.org/stats/players/matches/11893/zywoo?event=4287
14/03/19,Vitality,expert,cch,23 - 18,+5,1.11,https://www.hltv.org/stats/players/matches/11893/zywoo?event=4287
13/03/19,Vitality,Sprout,d2,22 - 6,+16,2.04,https://www.hltv.org/stats/players/matches/11893/zywoo?event=4287
13/03/19,Vitality,Spirit,d2,19 - 10,+9,1.57,https://www.hltv.org/stats/players/matches/11893/zywoo?event=4287
13/03/19,Vitality,Epsilon,d2,24 - 14,+10,1.69,https://www.hltv.org/stats/players/matches/11893/zywoo?event=4287
12/03/19,Vitality,Unicorns of Love,d2,24 - 6,+18,2.18,https://www.hltv.org/stats/players/matches/11893/zywoo?event=4287
12/03/19,Vitality,ALTERNATE aTTaX,mrg,27 - 15,+12,1.57,https://www.hltv.org/stats/players/matches/11893/zywoo?event=4287
07/03/19,Vitality,Movistar Riders,cch,16 - 13,+3,1.17,https://www.hltv.org/stats/players/matches/11893/zywoo?event=4287
04/03/19,Vitality,Valiance,cch,16 - 19,-3,0.92,https://www.hltv.org/stats/players/matches/11893/zywoo?event=4287
05/02/19,Vitality,Chaos,ovp,26 - 12,+14,1.78,https://www.hltv.org/stats/players/matches/11893/zywoo?event=4287
05/02/19,Vitality,Red Reserve,mrg,26 - 13,+13,1.80,https://www.hltv.org/stats/players/matches/11893/zywoo?event=4287
29/01/19,Vitality,Izako Boars,cch,22 - 9,+13,1.76,https://www.hltv.org/stats/players/matches/11893/zywoo?event=4287
29/01/19,Vitality,Virtus.pro,mrg,18 - 8,+10,1.52,https://www.hltv.org/stats/players/matches/11893/zywoo?event=4287
29/01/19,Vitality,AGO,cch,32 - 16,+16,1.99,https://www.hltv.org/stats/players/matches/11893/zywoo?event=4287
08/01/19,Vitality,Valiance,mrg,24 - 19,+5,1.44,https://www.hltv.org/stats/players/matches/11893/zywoo?event=4227
08/01/19,Vitality,Valiance,inf,30 - 25,+5,1.24,https://www.hltv.org/stats/players/matches/11893/zywoo?event=4227
08/01/19,Vitality,Smoke Criminals,mrg,19 - 13,+6,1.39,https://www.hltv.org/stats/players/matches/11893/zywoo?event=4227
08/01/19,Vitality,Smoke Criminals,inf,17 - 19,-2,0.92,https://www.hltv.org/stats/players/matches/11893/zywoo?event=4227
18/12/18,Vitality,G2,mrg,24 - 21,+3,1.17,https://www.hltv.org/stats/players/matches/11893/zywoo?event=4294
18/12/18,Vitality,G2,nuke,12 - 18,-6,0.76,https://www.hltv.org/stats/players/matches/11893/zywoo?event=4294
18/12/18,Vitality,G2,ovp,23 - 14,+9,1.27,https://www.hltv.org/stats/players/matches/11893/zywoo?event=4294
13/12/18,Vitality,Kinguin,mrg,27 - 22,+5,1.29,https://www.hltv.org/stats/players/matches/11893/zywoo?event=4125
13/12/18,Vitality,Kinguin,nuke,21 - 20,+1,1.16,https://www.hltv.org/stats/players/matches/11893/zywoo?event=4125
13/12/18,Vitality,Kinguin,ovp,28 - 9,+19,2.12,https://www.hltv.org/stats/players/matches/11893/zywoo?event=4125
12/12/18,Vitality,MOUZ,nuke,23 - 18,+5,1.31,https://www.hltv.org/stats/players/matches/11893/zywoo?event=4125
12/12/18,Vitality,MOUZ,mrg,36 - 18,+18,1.67,https://www.hltv.org/stats/players/matches/11893/zywoo?event=4125
12/12/18,Vitality,MOUZ,inf,14 - 14,0,1.21,https://www.hltv.org/stats/players/matches/11893/zywoo?event=4125
12/12/18,Vitality,Virtus.pro,inf,23 - 4,+19,2.34,https://www.hltv.org/stats/players/matches/11893/zywoo?event=4125
12/12/18,Vitality,Virtus.pro,nuke,30 - 25,+5,1.34,https://www.hltv.org/stats/players/matches/11893/zywoo?event=4125
12/12/18,Vitality,Virtus.pro,mrg,24 - 11,+13,1.61,https://www.hltv.org/stats/players/matches/11893/zywoo?event=4125
10/12/18,Vitality,Valiance,d2,21 - 17,+4,1.32,https://www.hltv.org/stats/players/matches/11893/zywoo?event=4221
10/12/18,Vitality,Valiance,mrg,22 - 19,+3,1.30,https://www.hltv.org/stats/players/matches/11893/zywoo?event=4221
10/12/18,Vitality,Valiance,nuke,27 - 15,+12,1.67,https://www.hltv.org/stats/players/matches/11893/zywoo?event=4221
10/12/18,Vitality,x6tence Galaxy,cch,14 - 12,+2,1.20,https://www.hltv.org/stats/players/matches/11893/zywoo?event=4221
10/12/18,Vitality,x6tence Galaxy,mrg,34 - 13,+21,2.03,https://www.hltv.org/stats/players/matches/11893/zywoo?event=4221
20/12/18,Vitality,Spirit,mrg,23 - 16,+7,1.38,https://www.hltv.org/stats/players/matches/11893/zywoo?event=4291
20/12/18,Vitality,Spirit,inf,20 - 9,+11,1.65,https://www.hltv.org/stats/players/matches/11893/zywoo?event=4291
20/12/18,Vitality,Spirit,d2,14 - 20,-6,0.93,https://www.hltv.org/stats/players/matches/11893/zywoo?event=4291
19/12/18,Vitality,AVANGAR,mrg,12 - 21,-9,0.77,https://www.hltv.org/stats/players/matches/11893/zywoo?event=4291
19/12/18,Vitality,AVANGAR,inf,20 - 15,+5,1.10,https://www.hltv.org/stats/players/matches/11893/zywoo?event=4291
19/12/18,Vitality,AVANGAR,d2,25 - 18,+7,1.37,https://www.hltv.org/stats/players/matches/11893/zywoo?event=4291
18/12/18,Vitality,Vega Squadron,mrg,28 - 13,+15,1.63,https://www.hltv.org/stats/players/matches/11893/zywoo?event=4291
18/12/18,Vitality,Vega Squadron,inf,24 - 17,+7,1.29,https://www.hltv.org/stats/players/matches/11893/zywoo?event=4291
16/12/18,Vitality,NoChance,inf,35 - 15,+20,1.96,https://www.hltv.org/stats/players/matches/11893/zywoo?event=4291
16/12/18,Vitality,NoChance,ovp,6 - 17,-11,0.48,https://www.hltv.org/stats/players/matches/11893/zywoo?event=4291
16/12/18,Vitality,NoChance,d2,31 - 11,+20,2.29,https://www.hltv.org/stats/players/matches/11893/zywoo?event=4291
13/12/18,Vitality,AGO,mrg,28 - 15,+13,1.68,https://www.hltv.org/stats/players/matches/11893/zywoo?event=4291
13/12/18,Vitality,AGO,inf,18 - 7,+11,1.84,https://www.hltv.org/stats/players/matches/11893/zywoo?event=4291
11/12/18,Vitality,Winstrike,nuke,21 - 12,+9,1.48,https://www.hltv.org/stats/players/matches/11893/zywoo?event=4291
11/12/18,Vitality,Winstrike,d2,18 - 17,+1,1.14,https://www.hltv.org/stats/players/matches/11893/zywoo?event=4291
11/12/18,Vitality,Winstrike,ovp,30 - 9,+21,2.20,https://www.hltv.org/stats/players/matches/11893/zywoo?event=4291
25/11/18,Vitality,GUNRUNNERS,d2,16 - 10,+6,1.42,https://www.hltv.org/stats/players/matches/11893/zywoo?event=4124
25/11/18,Vitality,GUNRUNNERS,mrg,31 - 8,+23,2.17,https://www.hltv.org/stats/players/matches/11893/zywoo?event=4124
25/11/18,Vitality,3DMAX,cch,15 - 6,+9,1.51,https://www.hltv.org/stats/players/matches/11893/zywoo?event=4124
24/11/18,Vitality,Jordan's Money Crew,inf,21 - 12,+9,1.49,https://www.hltv.org/stats/players/matches/11893/zywoo?event=4124
19/11/18,Vitality,Luminosity,ovp,19 - 11,+8,1.41,https://www.hltv.org/stats/players/matches/11893/zywoo?event=3429
19/11/18,Vitality,Luminosity,mrg,18 - 6,+12,1.58,https://www.hltv.org/stats/players/matches/11893/zywoo?event=3429
18/11/18,Vitality,Complexity,nuke,31 - 11,+20,2.07,https://www.hltv.org/stats/players/matches/11893/zywoo?event=3429
18/11/18,Vitality,Complexity,trn,31 - 10,+21,2.16,https://www.hltv.org/stats/players/matches/11893/zywoo?event=3429
18/11/18,Vitality,Complexity,d2,19 - 19,0,0.98,https://www.hltv.org/stats/players/matches/11893/zywoo?event=3429
18/11/18,Vitality,Rogue,ovp,27 - 17,+10,1.76,https://www.hltv.org/stats/players/matches/11893/zywoo?event=3429
18/11/18,Vitality,Rogue,nuke,17 - 11,+6,1.38,https://www.hltv.org/stats/players/matches/11893/zywoo?event=3429
17/11/18,Vitality,Fragsters,cch,18 - 15,+3,1.30,https://www.hltv.org/stats/players/matches/11893/zywoo?event=3429
17/11/18,Vitality,Fragsters,d2,21 - 10,+11,1.57,https://www.hltv.org/stats/players/matches/11893/zywoo?event=3429
16/11/18,Vitality,Ghost,cch,20 - 21,-1,1.09,https://www.hltv.org/stats/players/matches/11893/zywoo?event=3429
14/11/18,Vitality,Fierce,cch,22 - 17,+5,1.35,https://www.hltv.org/stats/players/matches/11893/zywoo?event=4239
14/11/18,Vitality,Fierce,d2,16 - 22,-6,0.91,https://www.hltv.org/stats/players/matches/11893/zywoo?event=4239
14/11/18,Vitality,Fierce,inf,26 - 6,+20,2.22,https://www.hltv.org/stats/players/matches/11893/zywoo?event=4239
14/11/18,Vitality,Make Your Destiny,nuke,22 - 10,+12,1.58,https://www.hltv.org/stats/players/matches/11893/zywoo?event=4239
14/11/18,Vitality,Make Your Destiny,cch,17 - 8,+9,1.63,https://www.hltv.org/stats/players/matches/11893/zywoo?event=4239
11/11/18,Vitality,Valiance,mrg,30 - 25,+5,1.38,https://www.hltv.org/stats/players/matches/11893/zywoo?event=4123
10/11/18,Vitality,SJ,inf,25 - 13,+12,1.67,https://www.hltv.org/stats/players/matches/11893/zywoo?event=4123
08/11/18,Vitality,Spirit,nuke,26 - 10,+16,1.73,https://www.hltv.org/stats/players/matches/11893/zywoo?event=4203
06/11/18,Vitality,x6tence Galaxy,mrg,29 - 13,+16,1.66,https://www.hltv.org/stats/players/matches/11893/zywoo?event=4203
05/11/18,Vitality,Valiance,d2,22 - 14,+8,1.43,https://www.hltv.org/stats/players/matches/11893/zywoo?event=4203
27/10/18,Vitality,Syman,cch,24 - 17,+7,1.28,https://www.hltv.org/stats/players/matches/11893/zywoo?event=4173
27/10/18,Vitality,Copenhagen Flames,ovp,29 - 10,+19,2.02,https://www.hltv.org/stats/players/matches/11893/zywoo?event=4173
23/10/18,Vitality,Sprout,nuke,28 - 17,+11,1.48,https://www.hltv.org/stats/players/matches/11893/zywoo?event=4121
22/10/18,Vitality,LeftOut,cch,13 - 19,-6,0.94,https://www.hltv.org/stats/players/matches/11893/zywoo?event=4121
21/10/18,Vitality,Vyalie Pitoni,d2,27 - 13,+14,1.69,https://www.hltv.org/stats/players/matches/11893/zywoo?event=4170
21/10/18,Vitality,Vyalie Pitoni,inf,22 - 8,+14,1.85,https://www.hltv.org/stats/players/matches/11893/zywoo?event=4170
21/10/18,Vitality,PANTHERS,nuke,23 - 6,+17,1.96,https://www.hltv.org/stats/players/matches/11893/zywoo?event=4170
21/10/18,Vitality,PANTHERS,inf,13 - 10,+3,1.33,https://www.hltv.org/stats/players/matches/11893/zywoo?event=4170
21/10/18,Vitality,Sprout,cch,18 - 11,+7,1.25,https://www.hltv.org/stats/players/matches/11893/zywoo?event=4170
21/10/18,Vitality,Sprout,mrg,19 - 14,+5,1.31,https://www.hltv.org/stats/players/matches/11893/zywoo?event=4170
16/10/18,Vitality,OpTic,mrg,17 - 19,-2,0.96,https://www.hltv.org/stats/players/matches/11893/zywoo?event=4046
16/10/18,Vitality,OpTic,nuke,24 - 22,+2,1.19,https://www.hltv.org/stats/players/matches/11893/zywoo?event=4046
16/10/18,Vitality,OpTic,ovp,19 - 17,+2,1.19,https://www.hltv.org/stats/players/matches/11893/zywoo?event=4046
07/10/18,Waterboys,Spirit,inf,19 - 17,+2,1.43,https://www.hltv.org/stats/players/matches/11893/zywoo?event=4046
07/10/18,Waterboys,Spirit,ovp,19 - 13,+6,1.29,https://www.hltv.org/stats/players/matches/11893/zywoo?event=4046
07/10/18,Waterboys,Spirit,mrg,26 - 20,+6,1.26,https://www.hltv.org/stats/players/matches/11893/zywoo?event=4046
03/10/18,Waterboys,Spirit,ovp,21 - 16,+5,1.34,https://www.hltv.org/stats/players/matches/11893/zywoo?event=4046
03/10/18,Waterboys,Spirit,cch,29 - 12,+17,1.80,https://www.hltv.org/stats/players/matches/11893/zywoo?event=4046
01/10/18,Waterboys,3DMAX,cch,27 - 13,+14,1.82,https://www.hltv.org/stats/players/matches/11893/zywoo?event=4046
01/10/18,Waterboys,3DMAX,nuke,23 - 16,+7,1.34,https://www.hltv.org/stats/players/matches/11893/zywoo?event=4046
01/10/18,Waterboys,3DMAX,inf,21 - 16,+5,1.37,https://www.hltv.org/stats/players/matches/11893/zywoo?event=4046
23/09/18,Team rain,Team smooya,mrg,26 - 23,+3,1.11,https://www.hltv.org/stats/players/matches/11893/zywoo?event=4088
05/09/18,aAa,WE HAWT,nuke,34 - 20,+14,1.71,https://www.hltv.org/stats/players/matches/11893/zywoo?event=3898
05/09/18,aAa,WE HAWT,d2,35 - 19,+16,1.69,https://www.hltv.org/stats/players/matches/11893/zywoo?event=3898
04/09/18,aAa,Endpoint,ovp,16 - 21,-5,0.88,https://www.hltv.org/stats/players/matches/11893/zywoo?event=3898
04/09/18,aAa,Endpoint,d2,15 - 17,-2,1.10,https://www.hltv.org/stats/players/matches/11893/zywoo?event=3898
04/09/18,aAa,Endpoint,trn,23 - 17,+6,1.48,https://www.hltv.org/stats/players/matches/11893/zywoo?event=3898
04/09/18,aAa,PANTHERS,ovp,27 - 21,+6,1.35,https://www.hltv.org/stats/players/matches/11893/zywoo?event=3898
04/09/18,aAa,PANTHERS,trn,24 - 19,+5,1.59,https://www.hltv.org/stats/players/matches/11893/zywoo?event=3898
03/09/18,aAa,Vexed UK,trn,23 - 12,+11,1.79,https://www.hltv.org/stats/players/matches/11893/zywoo?event=3898
03/09/18,aAa,Vexed UK,inf,19 - 23,-4,1.06,https://www.hltv.org/stats/players/matches/11893/zywoo?event=3898
03/09/18,aAa,Vexed UK,nuke,30 - 20,+10,1.56,https://www.hltv.org/stats/players/matches/11893/zywoo?event=3898
27/08/18,porcvac,Windigo,d2,24 - 22,+2,1.27,https://www.hltv.org/stats/players/matches/11893/zywoo?event=4007
03/08/18,aAa,passions,cch,18 - 17,+1,1.21,https://www.hltv.org/stats/players/matches/11893/zywoo?event=3945
03/08/18,aAa,passions,trn,20 - 17,+3,1.40,https://www.hltv.org/stats/players/matches/11893/zywoo?event=3945
03/08/18,aAa,passions,inf,20 - 9,+11,1.67,https://www.hltv.org/stats/players/matches/11893/zywoo?event=3945
03/08/18,aAa,Illuminar,inf,26 - 19,+7,1.51,https://www.hltv.org/stats/players/matches/11893/zywoo?event=3945
03/08/18,aAa,1337HUANIA,cch,27 - 19,+8,1.50,https://www.hltv.org/stats/players/matches/11893/zywoo?event=3945
26/07/18,aAa,Endpoint,ovp,17 - 18,-1,1.09,https://www.hltv.org/stats/players/matches/11893/zywoo?event=3910
26/07/18,aAa,Endpoint,inf,24 - 26,-2,1.02,https://www.hltv.org/stats/players/matches/11893/zywoo?event=3910
26/07/18,aAa,Endpoint,nuke,29 - 18,+11,1.57,https://www.hltv.org/stats/players/matches/11893/zywoo?event=3910
30/07/18,Tempo Storm,Imperial,cch,34 - 22,+12,1.63,https://www.hltv.org/stats/players/matches/11893/zywoo?event=3893
30/07/18,Tempo Storm,Imperial,mrg,9 - 18,-9,0.55,https://www.hltv.org/stats/players/matches/11893/zywoo?event=3893
12/07/18,aAa,Free Transfer,ovp,36 - 26,+10,1.45,https://www.hltv.org/stats/players/matches/11893/zywoo?event=3881
12/07/18,aAa,Free Transfer,inf,21 - 16,+5,1.38,https://www.hltv.org/stats/players/matches/11893/zywoo?event=3881
12/07/18,aAa,Free Transfer,trn,30 - 22,+8,1.27,https://www.hltv.org/stats/players/matches/11893/zywoo?event=3881
12/07/18,aAa,x-kom,trn,31 - 18,+13,1.83,https://www.hltv.org/stats/players/matches/11893/zywoo?event=3881
30/06/18,aAa,LDLC,inf,21 - 12,+9,1.53,https://www.hltv.org/stats/players/matches/11893/zywoo?event=3855
30/06/18,aAa,LDLC,trn,22 - 13,+9,1.70,https://www.hltv.org/stats/players/matches/11893/zywoo?event=3855
30/06/18,aAa,LDLC,nuke,27 - 20,+7,1.46,https://www.hltv.org/stats/players/matches/11893/zywoo?event=3855
30/06/18,aAa,MAXISAUCISSE,inf,37 - 14,+23,2.10,https://www.hltv.org/stats/players/matches/11893/zywoo?event=3855
30/06/18,aAa,MAXISAUCISSE,trn,33 - 15,+18,1.73,https://www.hltv.org/stats/players/matches/11893/zywoo?event=3855
06/05/18,Imperial,Tempo Storm,cch,19 - 21,-2,1.04,https://www.hltv.org/stats/players/matches/11893/zywoo?event=3745
06/05/18,Imperial,Tempo Storm,mrg,28 - 20,+8,1.54,https://www.hltv.org/stats/players/matches/11893/zywoo?event=3745
06/05/18,Imperial,Tempo Storm,inf,20 - 23,-3,1.10,https://www.hltv.org/stats/players/matches/11893/zywoo?event=3745
03/05/18,aAa,WASD,inf,27 - 27,0,1.12,https://www.hltv.org/stats/players/matches/11893/zywoo?event=3705
03/05/18,aAa,WASD,mrg,18 - 20,-2,1.05,https://www.hltv.org/stats/players/matches/11893/zywoo?event=3705
03/05/18,aAa,WASD,trn,19 - 20,-1,0.91,https://www.hltv.org/stats/players/matches/11893/zywoo?event=3705
03/05/18,aAa,Bpro,trn,23 - 17,+6,1.54,https://www.hltv.org/stats/players/matches/11893/zywoo?event=3705
02/05/18,aAa,HOLLYWOOD,trn,20 - 22,-2,0.92,https://www.hltv.org/stats/players/matches/11893/zywoo?event=3705
29/04/18,Imperial,GODSENT,trn,25 - 7,+18,2.01,https://www.hltv.org/stats/players/matches/11893/zywoo?event=3726
29/04/18,Imperial,GODSENT,mrg,23 - 13,+10,1.39,https://www.hltv.org/stats/players/matches/11893/zywoo?event=3726
29/04/18,Imperial,AGO,mrg,20 - 9,+11,1.84,https://www.hltv.org/stats/players/matches/11893/zywoo?event=3726
29/04/18,Imperial,AGO,cbl,22 - 15,+7,1.41,https://www.hltv.org/stats/players/matches/11893/zywoo?event=3726
29/04/18,Imperial,pro100,inf,30 - 17,+13,1.71,https://www.hltv.org/stats/players/matches/11893/zywoo?event=3726
29/04/18,Imperial,pro100,mrg,19 - 19,0,1.20,https://www.hltv.org/stats/players/matches/11893/zywoo?event=3726
05/05/18,Imperial,GODSENT,inf,15 - 23,-8,0.83,https://www.hltv.org/stats/players/matches/11893/zywoo?event=3695
05/05/18,Imperial,GODSENT,cbl,19 - 21,-2,1.12,https://www.hltv.org/stats/players/matches/11893/zywoo?event=3695
05/05/18,Imperial,GODSENT,mrg,15 - 15,0,1.04,https://www.hltv.org/stats/players/matches/11893/zywoo?event=3695
07/04/18,aAa,MINLATE,cbl,26 - 18,+8,1.41,https://www.hltv.org/stats/players/matches/11893/zywoo?event=3662
07/04/18,aAa,Nturtles,inf,24 - 12,+12,1.62,https://www.hltv.org/stats/players/matches/11893/zywoo?event=3662
17/02/18,MANS NOT HOT,Windigo,mrg,22 - 6,+16,2.02,https://www.hltv.org/stats/players/matches/11893/zywoo?event=3524
14/02/18,aAa,orzeszki123,trn,21 - 22,-1,1.12,https://www.hltv.org/stats/players/matches/11893/zywoo?event=3523
22/03/18,aAa,ALTERNATE aTTaX,cbl,27 - 22,+5,1.41,https://www.hltv.org/stats/players/matches/11893/zywoo?event=3469
22/03/18,aAa,Enyoy,cch,21 - 20,+1,1.30,https://www.hltv.org/stats/players/matches/11893/zywoo?event=3469
21/03/18,aAa,Windigo,cbl,37 - 25,+12,1.44,https://www.hltv.org/stats/players/matches/11893/zywoo?event=3469
21/03/18,aAa,Sprout,inf,24 - 16,+8,1.54,https://www.hltv.org/stats/players/matches/11893/zywoo?event=3469
20/03/18,aAa,Kinguin,nuke,13 - 15,-2,1.06,https://www.hltv.org/stats/players/matches/11893/zywoo?event=3469
15/03/18,aAa,Property,cch,17 - 18,-1,1.09,https://www.hltv.org/stats/players/matches/11893/zywoo?event=3469
13/03/18,aAa,SJ,inf,17 - 8,+9,1.82,https://www.hltv.org/stats/players/matches/11893/zywoo?event=3469
07/03/18,aAa,PRIDE,ovp,19 - 17,+2,1.36,https://www.hltv.org/stats/players/matches/11893/zywoo?event=3469
28/02/18,aAa,Asterion,nuke,17 - 18,-1,1.09,https://www.hltv.org/stats/players/matches/11893/zywoo?event=3469
27/02/18,aAa,eXtatus,ovp,15 - 20,-5,1.06,https://www.hltv.org/stats/players/matches/11893/zywoo?event=3469
20/02/18,aAa,Wind and Rain,inf,22 - 18,+4,1.33,https://www.hltv.org/stats/players/matches/11893/zywoo?event=3469
15/02/18,aAa,Unity,nuke,23 - 17,+6,1.19,https://www.hltv.org/stats/players/matches/11893/zywoo?event=3469
30/01/18,aAa,Gambit,trn,5 - 16,-11,0.47,https://www.hltv.org/stats/players/matches/11893/zywoo?event=3469
29/01/18,aAa,Red Reserve,inf,23 - 11,+12,1.58,https://www.hltv.org/stats/players/matches/11893/zywoo?event=3469
25/01/18,aAa,DIVIZON,trn,38 - 21,+17,1.73,https://www.hltv.org/stats/players/matches/11893/zywoo?event=3469
25/01/18,aAa,Fragsters,cch,49 - 22,+27,2.05,https://www.hltv.org/stats/players/matches/11893/zywoo?event=3469
16/12/17,aAa,EnVyUs Academy,trn,23 - 22,+1,1.14,https://www.hltv.org/stats/players/matches/11893/zywoo?event=3448
16/12/17,aAa,EnVyUs Academy,inf,23 - 16,+7,1.61,https://www.hltv.org/stats/players/matches/11893/zywoo?event=3448
16/12/17,aAa,EnVyUs Academy,nuke,13 - 16,-3,0.90,https://www.hltv.org/stats/players/matches/11893/zywoo?event=3448
16/12/17,aAa,Vexed,cbl,26 - 20,+6,1.44,https://www.hltv.org/stats/players/matches/11893/zywoo?event=3448
16/12/17,aAa,Vexed,ovp,13 - 18,-5,1.00,https://www.hltv.org/stats/players/matches/11893/zywoo?event=3448
16/12/17,aAa,Vexed,inf,30 - 18,+12,1.55,https://www.hltv.org/stats/players/matches/11893/zywoo?event=3448
11/01/18,aAa,Tricked,trn,37 - 23,+14,1.38,https://www.hltv.org/stats/players/matches/11893/zywoo?event=3356
11/01/18,aAa,Tricked,ovp,15 - 19,-4,1.00,https://www.hltv.org/stats/players/matches/11893/zywoo?event=3356
10/01/18,aAa,Singularity,trn,43 - 20,+23,1.76,https://www.hltv.org/stats/players/matches/11893/zywoo?event=3356
10/01/18,aAa,Singularity,inf,23 - 8,+15,1.88,https://www.hltv.org/stats/players/matches/11893/zywoo?event=3356
13/12/17,aAa,Red Reserve,ovp,10 - 20,-10,0.67,https://www.hltv.org/stats/players/matches/11893/zywoo?event=3356
13/12/17,aAa,Red Reserve,inf,18 - 22,-4,1.14,https://www.hltv.org/stats/players/matches/11893/zywoo?event=3356
08/12/17,aAa,EURONICS,nuke,33 - 18,+15,1.94,https://www.hltv.org/stats/players/matches/11893/zywoo?event=3356
08/12/17,aAa,EURONICS,ovp,27 - 13,+14,1.95,https://www.hltv.org/stats/players/matches/11893/zywoo?event=3356
05/12/17,aAa,Reason,ovp,18 - 19,-1,1.10,https://www.hltv.org/stats/players/matches/11893/zywoo?event=3356
05/12/17,aAa,Reason,inf,16 - 19,-3,0.99,https://www.hltv.org/stats/players/matches/11893/zywoo?event=3356
04/12/17,aAa,North Academy,ovp,16 - 14,+2,1.18,https://www.hltv.org/stats/players/matches/11893/zywoo?event=3356
04/12/17,aAa,North Academy,cch,29 - 17,+12,1.49,https://www.hltv.org/stats/players/matches/11893/zywoo?event=3356
19/11/17,aAa,LPSP,mrg,20 - 18,+2,1.20,https://www.hltv.org/stats/players/matches/11893/zywoo?event=3369
19/11/17,aAa,LPSP,nuke,36 - 22,+14,1.96,https://www.hltv.org/stats/players/matches/11893/zywoo?event=3369
19/11/17,aAa,Codewise Unicorns,inf,27 - 18,+9,1.64,https://www.hltv.org/stats/players/matches/11893/zywoo?event=3369
19/11/17,aAa,Codewise Unicorns,ovp,27 - 17,+10,1.62,https://www.hltv.org/stats/players/matches/11893/zywoo?event=3369
12/11/17,aAa,Seed,trn,27 - 19,+8,1.45,https://www.hltv.org/stats/players/matches/11893/zywoo?event=3272
12/11/17,aAa,Seed,ovp,28 - 21,+7,1.31,https://www.hltv.org/stats/players/matches/11893/zywoo?event=3272
11/11/17,aAa,Bpro,ovp,27 - 11,+16,2.38,https://www.hltv.org/stats/players/matches/11893/zywoo?event=3271
03/11/17,aAa,ARES,cch,35 - 24,+11,1.43,https://www.hltv.org/stats/players/matches/11893/zywoo?event=3232
03/11/17,aAa,ARES,ovp,26 - 5,+21,2.18,https://www.hltv.org/stats/players/matches/11893/zywoo?event=3232
03/11/17,aAa,LDLC,inf,26 - 21,+5,1.42,https://www.hltv.org/stats/players/matches/11893/zywoo?event=3232
03/11/17,aAa,LDLC,nuke,11 - 14,-3,0.71,https://www.hltv.org/stats/players/matches/11893/zywoo?event=3232
02/11/17,aAa,ARES,nuke,23 - 15,+8,1.78,https://www.hltv.org/stats/players/matches/11893/zywoo?event=3232
02/11/17,aAa,ARES,inf,14 - 22,-8,0.76,https://www.hltv.org/stats/players/matches/11893/zywoo?event=3232
02/11/17,aAa,BIG,cbl,12 - 17,-5,0.84,https://www.hltv.org/stats/players/matches/11893/zywoo?event=3232
02/11/17,aAa,BIG,ovp,32 - 22,+10,1.60,https://www.hltv.org/stats/players/matches/11893/zywoo?event=3232
22/10/17,aAa,EnVyUs Academy,inf,28 - 15,+13,1.60,https://www.hltv.org/stats/players/matches/11893/zywoo?event=3306
22/10/17,aAa,EnVyUs Academy,nuke,21 - 22,-1,1.05,https://www.hltv.org/stats/players/matches/11893/zywoo?event=3306
22/10/17,aAa,EnVyUs Academy,cbl,19 - 17,+2,1.07,https://www.hltv.org/stats/players/matches/11893/zywoo?event=3306
16/01/18,aAa,eXtatus,inf,24 - 21,+3,1.24,https://www.hltv.org/stats/players/matches/11893/zywoo?event=3290
16/01/18,aAa,eXtatus,cbl,19 - 16,+3,1.26,https://www.hltv.org/stats/players/matches/11893/zywoo?event=3290
13/12/17,aAa,SJ,inf,33 - 25,+8,1.46,https://www.hltv.org/stats/players/matches/11893/zywoo?event=3290
13/12/17,aAa,SJ,cch,48 - 30,+18,1.57,https://www.hltv.org/stats/players/matches/11893/zywoo?event=3290
12/12/17,aAa,SJ,ovp,25 - 29,-4,1.03,https://www.hltv.org/stats/players/matches/11893/zywoo?event=3290
14/11/17,aAa,TTFU,inf,21 - 19,+2,1.26,https://www.hltv.org/stats/players/matches/11893/zywoo?event=3290
30/10/17,aAa,SJ,ovp,29 - 13,+16,1.94,https://www.hltv.org/stats/players/matches/11893/zywoo?event=3290
14/11/17,aAa,Space Soldiers,cch,11 - 16,-5,0.79,https://www.hltv.org/stats/players/matches/11893/zywoo?event=3047
14/11/17,aAa,Space Soldiers,ovp,19 - 18,+1,1.07,https://www.hltv.org/stats/players/matches/11893/zywoo?event=3047
14/11/17,aAa,Space Soldiers,cbl,25 - 13,+12,1.61,https://www.hltv.org/stats/players/matches/11893/zywoo?event=3047
09/11/17,aAa,Spirit,nuke,21 - 9,+12,1.93,https://www.hltv.org/stats/players/matches/11893/zywoo?event=3047
09/11/17,aAa,Epsilon,cbl,29 - 18,+11,1.76,https://www.hltv.org/stats/players/matches/11893/zywoo?event=3047
08/11/17,aAa,Fragsters,nuke,21 - 19,+2,1.10,https://www.hltv.org/stats/players/matches/11893/zywoo?event=3047
08/11/17,aAa,Virtus.pro,inf,37 - 17,+20,1.92,https://www.hltv.org/stats/players/matches/11893/zywoo?event=3047
08/11/17,aAa,TEAM5,inf,35 - 18,+17,2.00,https://www.hltv.org/stats/players/matches/11893/zywoo?event=3047
07/11/17,aAa,Gambit,cch,20 - 24,-4,1.09,https://www.hltv.org/stats/players/matches/11893/zywoo?event=3047
07/11/17,aAa,eXtatus,cbl,31 - 21,+10,1.43,https://www.hltv.org/stats/players/matches/11893/zywoo?event=3047
30/10/17,aAa,Nexus,cch,20 - 22,-2,1.21,https://www.hltv.org/stats/players/matches/11893/zywoo?event=3047
26/10/17,aAa,Seed,inf,28 - 16,+12,1.65,https://www.hltv.org/stats/players/matches/11893/zywoo?event=3047
25/10/17,aAa,AGO,ovp,15 - 17,-2,1.09,https://www.hltv.org/stats/players/matches/11893/zywoo?event=3047
24/10/17,aAa,PRIDE,cbl,24 - 11,+13,1.98,https://www.hltv.org/stats/players/matches/11893/zywoo?event=3047
23/10/17,aAa,Kinguin,cch,31 - 13,+18,2.00,https://www.hltv.org/stats/players/matches/11893/zywoo?event=3047
11/10/17,aAa,MK,mrg,27 - 20,+7,1.30,https://www.hltv.org/stats/players/matches/11893/zywoo?event=3047
10/10/17,aAa,Endpoint,inf,20 - 11,+9,1.46,https://www.hltv.org/stats/players/matches/11893/zywoo?event=3047
28/09/17,aAa,VITALIS,inf,24 - 14,+10,1.57,https://www.hltv.org/stats/players/matches/11893/zywoo?event=3047
24/09/17,benchwarmers,LDLC,ovp,27 - 20,+7,1.36,https://www.hltv.org/stats/players/matches/11893/zywoo?event=3199
24/09/17,benchwarmers,LDLC,nuke,15 - 20,-5,0.82,https://www.hltv.org/stats/players/matches/11893/zywoo?event=3199
24/09/17,benchwarmers,LDLC,mrg,25 - 9,+16,1.92,https://www.hltv.org/stats/players/matches/11893/zywoo?event=3199
24/09/17,benchwarmers,Tricked,ovp,24 - 15,+9,1.29,https://www.hltv.org/stats/players/matches/11893/zywoo?event=3199
24/09/17,benchwarmers,Tricked,nuke,13 - 23,-10,0.75,https://www.hltv.org/stats/players/matches/11893/zywoo?event=3199
24/09/17,benchwarmers,Tricked,mrg,28 - 21,+7,1.49,https://www.hltv.org/stats/players/matches/11893/zywoo?event=3199
23/09/17,benchwarmers,cykapower,ovp,33 - 18,+15,1.79,https://www.hltv.org/stats/players/matches/11893/zywoo?event=3197
12/08/17,GameplayDNA,Playing Ducks LN,trn,21 - 13,+8,1.62,https://www.hltv.org/stats/players/matches/11893/zywoo?event=3073
12/08/17,GameplayDNA,Playing Ducks LN,mrg,20 - 16,+4,1.29,https://www.hltv.org/stats/players/matches/11893/zywoo?event=3073
03/08/17,WySix,EnVyUs Academy,trn,16 - 17,-1,1.20,https://www.hltv.org/stats/players/matches/11893/zywoo?event=3029
03/08/17,WySix,EnVyUs Academy,nuke,22 - 15,+7,1.54,https://www.hltv.org/stats/players/matches/11893/zywoo?event=3029
03/08/17,WySix,EnVyUs Academy,inf,28 - 18,+10,1.66,https://www.hltv.org/stats/players/matches/11893/zywoo?event=3029
02/08/17,WySix,Forcebuy,ovp,30 - 9,+21,1.98,https://www.hltv.org/stats/players/matches/11893/zywoo?event=3029
02/08/17,WySix,PRIDE,nuke,31 - 11,+20,1.77,https://www.hltv.org/stats/players/matches/11893/zywoo?event=3029
30/07/17,WySix,SPRITTET,cbl,33 - 20,+13,1.77,https://www.hltv.org/stats/players/matches/11893/zywoo?event=3027
30/07/17,WySix,SPRITTET,trn,14 - 17,-3,0.97,https://www.hltv.org/stats/players/matches/11893/zywoo?event=3027
30/07/17,WySix,SPRITTET,ovp,27 - 10,+17,2.20,https://www.hltv.org/stats/players/matches/11893/zywoo?event=3027
17/07/17,WySix,LDLC,cbl,11 - 18,-7,0.78,https://www.hltv.org/stats/players/matches/11893/zywoo?event=2999
17/07/17,WySix,LDLC,ovp,33 - 16,+17,2.00,https://www.hltv.org/stats/players/matches/11893/zywoo?event=2999
17/07/17,WySix,LDLC,nuke,40 - 27,+13,1.41,https://www.hltv.org/stats/players/matches/11893/zywoo?event=2999
09/07/17,Magicians,Outlaws,ovp,21 - 22,-1,1.10,https://www.hltv.org/stats/players/matches/11893/zywoo?event=2899
01/07/17,WySix,EnVyUs Academy,mrg,22 - 17,+5,1.43,https://www.hltv.org/stats/players/matches/11893/zywoo?event=2940
01/07/17,WySix,EnVyUs Academy,trn,47 - 23,+24,1.95,https://www.hltv.org/stats/players/matches/11893/zywoo?event=2940
01/07/17,WySix,MAXISAUCISSE,nuke,25 - 18,+7,1.32,https://www.hltv.org/stats/players/matches/11893/zywoo?event=2940
01/07/17,WySix,MAXISAUCISSE,mrg,25 - 25,0,1.19,https://www.hltv.org/stats/players/matches/11893/zywoo?event=2940
01/07/17,WySix,MAXISAUCISSE,cbl,29 - 11,+18,2.57,https://www.hltv.org/stats/players/matches/11893/zywoo?event=2940
25/06/17,Magicians,Space Soldiers,mrg,8 - 19,-11,0.45,https://www.hltv.org/stats/players/matches/11893/zywoo?event=2946
25/06/17,Magicians,Space Soldiers,ovp,26 - 19,+7,1.48,https://www.hltv.org/stats/players/matches/11893/zywoo?event=2946
25/06/17,Magicians,Space Soldiers,cch,9 - 21,-12,0.69,https://www.hltv.org/stats/players/matches/11893/zywoo?event=2946
24/06/17,Magicians,dizLown,trn,14 - 11,+3,1.00,https://www.hltv.org/stats/players/matches/11893/zywoo?event=2944
24/06/17,Magicians,Spirit,ovp,25 - 14,+11,1.60,https://www.hltv.org/stats/players/matches/11893/zywoo?event=2944
02/08/17,WySix,undefined,cch,39 - 24,+15,1.56,https://www.hltv.org/stats/players/matches/11893/zywoo?event=2879
01/08/17,WySix,Playing Ducks LN,cbl,25 - 23,+2,1.17,https://www.hltv.org/stats/players/matches/11893/zywoo?event=2879
01/08/17,WySix,PENTA,ovp,31 - 15,+16,1.62,https://www.hltv.org/stats/players/matches/11893/zywoo?event=2879
31/07/17,WySix,Planetkey,inf,24 - 15,+9,1.55,https://www.hltv.org/stats/players/matches/11893/zywoo?event=2879
31/07/17,WySix,Team123,ovp,36 - 21,+15,1.81,https://www.hltv.org/stats/players/matches/11893/zywoo?event=2879
27/07/17,WySix,Bpro,ovp,26 - 17,+9,1.44,https://www.hltv.org/stats/players/matches/11893/zywoo?event=2879
25/07/17,WySix,Gux & Friends,trn,15 - 19,-4,1.15,https://www.hltv.org/stats/players/matches/11893/zywoo?event=2879
25/07/17,WySix,ALTERNATE aTTaX,inf,24 - 19,+5,1.31,https://www.hltv.org/stats/players/matches/11893/zywoo?event=2879
20/07/17,WySix,Spirit,cch,20 - 10,+10,1.85,https://www.hltv.org/stats/players/matches/11893/zywoo?event=2879
19/07/17,WySix,KlikTech,trn,23 - 10,+13,1.82,https://www.hltv.org/stats/players/matches/11893/zywoo?event=2879
19/07/17,WySix,Gatekeepers,cbl,21 - 8,+13,1.92,https://www.hltv.org/stats/players/matches/11893/zywoo?event=2879
27/06/17,WySix,fnatic Academy,mrg,28 - 20,+8,1.72,https://www.hltv.org/stats/players/matches/11893/zywoo?event=2879
27/06/17,WySix,Gambit,mrg,31 - 15,+16,2.01,https://www.hltv.org/stats/players/matches/11893/zywoo?event=2879
19/06/17,WySix,Space Soldiers,nuke,21 - 20,+1,1.15,https://www.hltv.org/stats/players/matches/11893/zywoo?event=2879
19/06/17,WySix,SkitLite,nuke,22 - 20,+2,1.27,https://www.hltv.org/stats/players/matches/11893/zywoo?event=2879
13/06/17,WySix,North Academy,ovp,34 - 18,+16,1.84,https://www.hltv.org/stats/players/matches/11893/zywoo?event=2879
15/05/17,WySix,AliGon,trn,23 - 18,+5,1.33,https://www.hltv.org/stats/players/matches/11893/zywoo?event=2821
05/05/17,WySix,passions,trn,11 - 16,-5,0.79,https://www.hltv.org/stats/players/matches/11893/zywoo?event=2819
05/05/17,WySix,passions,ovp,19 - 19,0,1.05,https://www.hltv.org/stats/players/matches/11893/zywoo?event=2819
04/05/17,WySix,struggletony,trn,26 - 7,+19,2.51,https://www.hltv.org/stats/players/matches/11893/zywoo?event=2819
10/05/17,WySix,Nativ,cch,28 - 15,+13,1.51,https://www.hltv.org/stats/players/matches/11893/zywoo?event=2840
10/05/17,WySix,Nativ,trn,31 - 11,+20,1.86,https://www.hltv.org/stats/players/matches/11893/zywoo?event=2840
20/04/17,WySix,Tricked,trn,5 - 17,-12,0.44,https://www.hltv.org/stats/players/matches/11893/zywoo?event=2782
20/04/17,WySix,Tricked,mrg,9 - 17,-8,0.78,https://www.hltv.org/stats/players/matches/11893/zywoo?event=2782
12/04/17,WySix,eSuba,cch,29 - 17,+12,1.71,https://www.hltv.org/stats/players/matches/11893/zywoo?event=2782
12/04/17,WySix,eSuba,nuke,44 - 18,+26,1.92,https://www.hltv.org/stats/players/matches/11893/zywoo?event=2782
09/04/17,WySix,OPAA,nuke,27 - 22,+5,1.31,https://www.hltv.org/stats/players/matches/11893/zywoo?event=2782
09/04/17,WySix,OPAA,inf,29 - 21,+8,1.55,https://www.hltv.org/stats/players/matches/11893/zywoo?event=2782
05/03/17,WySix,Epsilon,mrg,29 - 27,+2,1.03,https://www.hltv.org/stats/players/matches/11893/zywoo?event=2707
05/03/17,WySix,LCM,cbl,24 - 12,+12,1.77,https://www.hltv.org/stats/players/matches/11893/zywoo?event=2707
05/03/17,WySix,BlackBelts,cbl,20 - 4,+16,1.99,https://www.hltv.org/stats/players/matches/11893/zywoo?event=2707
12/02/17,E-Corp,Sector One,ovp,20 - 20,0,1.14,https://www.hltv.org/stats/players/matches/11893/zywoo?event=2689
12/02/17,E-Corp,Sector One,cch,11 - 18,-7,0.69,https://www.hltv.org/stats/players/matches/11893/zywoo?event=2689
12/02/17,E-Corp,Sector One,mrg,26 - 13,+13,1.60,https://www.hltv.org/stats/players/matches/11893/zywoo?event=2689
12/02/17,E-Corp,Sector One,cch,29 - 18,+11,1.84,https://www.hltv.org/stats/players/matches/11893/zywoo?event=2689
12/02/17,E-Corp,Sector One,nuke,27 - 28,-1,1.18,https://www.hltv.org/stats/players/matches/11893/zywoo?event=2689
06/02/17,E-Corp,zARLANS,ovp,11 - 21,-10,0.80,https://www.hltv.org/stats/players/matches/11893/zywoo?event=2645
06/02/17,E-Corp,zARLANS,nuke,23 - 16,+7,1.56,https://www.hltv.org/stats/players/matches/11893/zywoo?event=2645
06/02/17,E-Corp,zARLANS,mrg,22 - 16,+6,1.25,https://www.hltv.org/stats/players/matches/11893/zywoo?event=2645
31/01/17,E-Corp,Tricked Academy,ovp,22 - 9,+13,1.82,https://www.hltv.org/stats/players/matches/11893/zywoo?event=2645
31/01/17,E-Corp,Tricked Academy,trn,29 - 13,+16,1.89,https://www.hltv.org/stats/players/matches/11893/zywoo?event=2645
24/01/17,E-Corp,eXtatus,d2,20 - 19,+1,1.02,https://www.hltv.org/stats/players/matches/11893/zywoo?event=2645
24/01/17,E-Corp,eXtatus,mrg,17 - 17,0,1.16,https://www.hltv.org/stats/players/matches/11893/zywoo?event=2645
24/01/17,E-Corp,eXtatus,cch,30 - 24,+6,1.26,https://www.hltv.org/stats/players/matches/11893/zywoo?event=2645
15/01/17,E-Corp,1337HUANIA,ovp,24 - 20,+4,1.24,https://www.hltv.org/stats/players/matches/11893/zywoo?event=2645
15/01/17,E-Corp,1337HUANIA,cch,30 - 14,+16,1.93,https://www.hltv.org/stats/players/matches/11893/zywoo?event=2645
15/01/17,E-Corp,1337HUANIA,mrg,44 - 23,+21,2.06,https://www.hltv.org/stats/players/matches/11893/zywoo?event=2645
10/12/16,nevermind,Norse,trn,10 - 18,-8,0.59,https://www.hltv.org/stats/players/matches/11893/zywoo?event=2619
28/08/16,nevermind,ATB,cch,13 - 19,-6,0.84,https://www.hltv.org/stats/players/matches/11893/zywoo?event=2384
21/08/16,nevermind,MMCLUB,cbl,38 - 29,+9,1.45,https://www.hltv.org/stats/players/matches/11893/zywoo?event=2383
08/07/23,VITAVI,NAVITY,ovp,24 - 21,+3,1.18,https://www.hltv.org/stats/players/matches/11893/zywoo?event=1040
08/07/23,Vitality,Natus Vincere,inf,6 - 23,-17,0.30,https://www.hltv.org/stats/players/matches/11893/zywoo?event=1040
26/06/21,Vitality,01,cbl,16 - 13,+3,1.12,https://www.hltv.org/stats/players/matches/11893/zywoo?event=1040
26/06/21,Vitality,01,d2,29 - 11,+18,2.15,https://www.hltv.org/stats/players/matches/11893/zywoo?event=1040
11/04/21,Team YNk,Team SPUNJ,tcn,36 - 22,+14,1.67,https://www.hltv.org/stats/players/matches/11893/zywoo?event=1040