event_name,location,event_id,date,player_team,opponent,map,kd,plus_minus,rating,datetime_from,datetime_to
BLAST Open Porto 2026,Copenhagen,8249,27/08/26,Vitality,Inner Circle,cch,16 - 21,-5,0.69,2026-08-27T00:00:00,2026-08-28T00:00:00
BLAST Open Porto 2026,Copenhagen,8249,27/08/26,Vitality,Inner Circle,anb,11 - 15,-4,0.93,2026-08-27T00:00:00,2026-08-28T00:00:00
Esports World Cup 2026,Paris,8261,21/08/26,Vitality,Spirit,mrg,5 - 14,-9,0.73,2026-08-12T00:00:00,2026-08-22T00:00:00
Esports World Cup 2026,Paris,8261,21/08/26,Vitality,Spirit,nuke,25 - 17,+8,1.29,2026-08-12T00:00:00,2026-08-22T00:00:00
Esports World Cup 2026,Paris,8261,21/08/26,Vitality,Spirit,anb,21 - 17,+4,1.02,2026-08-12T00:00:00,2026-08-22T00:00:00
Esports World Cup 2026,Paris,8261,20/08/26,Vitality,FaZe,cch,25 - 10,+15,2.21,2026-08-12T00:00:00,2026-08-22T00:00:00
Esports World Cup 2026,Paris,8261,20/08/26,Vitality,FaZe,d2,17 - 15,+2,1.17,2026-08-12T00:00:00,2026-08-22T00:00:00
Esports World Cup 2026,Paris,8261,16/08/26,Vitality,Lynn Vision,inf,22 - 9,+13,2.18,2026-08-12T00:00:00,2026-08-22T00:00:00
Esports World Cup 2026,Paris,8261,16/08/26,Vitality,Lynn Vision,d2,18 - 8,+10,2.22,2026-08-12T00:00:00,2026-08-22T00:00:00
Esports World Cup 2026,Paris,8261,14/08/26,Vitality,B8,d2,9 - 12,-3,0.84,2026-08-12T00:00:00,2026-08-22T00:00:00
Esports World Cup 2026,Paris,8261,14/08/26,Vitality,B8,inf,17 - 17,0,0.99,2026-08-12T00:00:00,2026-08-22T00:00:00
Esports World Cup 2026,Paris,8261,14/08/26,Vitality,B8,mrg,23 - 17,+6,1.58,2026-08-12T00:00:00,2026-08-22T00:00:00
Esports World Cup 2026,Paris,8261,12/08/26,Vitality,100 Thieves,nuke,15 - 7,+8,1.28,2026-08-12T00:00:00,2026-08-22T00:00:00
IEM Cologne Major 2026,Cologne,8301,19/06/26,Vitality,Falcons,d2,13 - 15,-2,0.91,2026-06-11T00:00:00,2026-06-20T00:00:00
IEM Cologne Major 2026,Cologne,8301,19/06/26,Vitality,Falcons,inf,26 - 13,+13,1.67,2026-06-11T00:00:00,2026-06-20T00:00:00
IEM Cologne Major 2026,Cologne,8301,19/06/26,Vitality,Falcons,anb,15 - 14,+1,0.95,2026-06-11T00:00:00,2026-06-20T00:00:00
IEM Cologne Major 2026,Cologne,8301,14/06/26,Vitality,BetBoom,nuke,30 - 14,+16,1.70,2026-06-11T00:00:00,2026-06-20T00:00:00
IEM Cologne Major 2026,Cologne,8301,14/06/26,Vitality,BetBoom,ovp,23 - 10,+13,1.62,2026-06-11T00:00:00,2026-06-20T00:00:00
IEM Cologne Major 2026,Cologne,8301,13/06/26,Vitality,MOUZ,inf,23 - 8,+15,2.32,2026-06-11T00:00:00,2026-06-20T00:00:00
IEM Cologne Major 2026,Cologne,8301,13/06/26,Vitality,MOUZ,d2,15 - 14,+1,1.22,2026-06-11T00:00:00,2026-06-20T00:00:00
IEM Cologne Major 2026,Cologne,8301,13/06/26,Vitality,MOUZ,mrg,19 - 9,+10,1.56,2026-06-11T00:00:00,2026-06-20T00:00:00
IEM Cologne Major 2026,Cologne,8301,12/06/26,Vitality,9z,d2,20 - 16,+4,1.27,2026-06-11T00:00:00,2026-06-20T00:00:00
IEM Cologne Major 2026,Cologne,8301,12/06/26,Vitality,9z,mrg,15 - 13,+2,1.27,2026-06-11T00:00:00,2026-06-20T00:00:00
IEM Cologne Major 2026,Cologne,8301,12/06/26,Vitality,9z,inf,10 - 9,+1,1.03,2026-06-11T00:00:00,2026-06-20T00:00:00
IEM Cologne Major 2026,Cologne,8301,11/06/26,Vitality,FUT,nuke,27 - 10,+17,2.14,2026-06-11T00:00:00,2026-06-20T00:00:00
IEM Cologne Major 2026,Cologne,8301,11/06/26,Vitality,FUT,ovp,19 - 5,+14,2.38,2026-06-11T00:00:00,2026-06-20T00:00:00
IEM Cologne Major 2026,Cologne,8301,11/06/26,Vitality,FUT,anb,7 - 15,-8,0.68,2026-06-11T00:00:00,2026-06-20T00:00:00
IEM Atlanta 2026,Atlanta,8243,16/05/26,Vitality,Natus Vincere,inf,5 - 13,-8,0.54,2026-05-11T00:00:00,2026-05-17T00:00:00
IEM Atlanta 2026,Atlanta,8243,16/05/26,Vitality,Natus Vincere,anb,15 - 14,+1,1.04,2026-05-11T00:00:00,2026-05-17T00:00:00
IEM Atlanta 2026,Atlanta,8243,16/05/26,Vitality,Natus Vincere,d2,19 - 13,+6,1.28,2026-05-11T00:00:00,2026-05-17T00:00:00
IEM Atlanta 2026,Atlanta,8243,13/05/26,Vitality,B8,d2,15 - 10,+5,1.15,2026-05-11T00:00:00,2026-05-17T00:00:00
IEM Atlanta 2026,Atlanta,8243,13/05/26,Vitality,B8,mrg,19 - 9,+10,1.61,2026-05-11T00:00:00,2026-05-17T00:00:00
IEM Atlanta 2026,Atlanta,8243,13/05/26,Vitality,FaZe,d2,22 - 9,+13,1.86,2026-05-11T00:00:00,2026-05-17T00:00:00
IEM Atlanta 2026,Atlanta,8243,13/05/26,Vitality,FaZe,nuke,22 - 16,+6,1.27,2026-05-11T00:00:00,2026-05-17T00:00:00
IEM Atlanta 2026,Atlanta,8243,12/05/26,Vitality,BetBoom,nuke,15 - 14,+1,1.10,2026-05-11T00:00:00,2026-05-17T00:00:00
IEM Atlanta 2026,Atlanta,8243,12/05/26,Vitality,BetBoom,ovp,17 - 12,+5,1.46,2026-05-11T00:00:00,2026-05-17T00:00:00
IEM Atlanta 2026,Atlanta,8243,12/05/26,Vitality,BetBoom,anb,16 - 15,+1,1.38,2026-05-11T00:00:00,2026-05-17T00:00:00
IEM Atlanta 2026,Atlanta,8243,11/05/26,Vitality,BC.Game,d2,19 - 11,+8,1.28,2026-05-11T00:00:00,2026-05-17T00:00:00
IEM Atlanta 2026,Atlanta,8243,11/05/26,Vitality,BC.Game,mrg,19 - 9,+10,1.81,2026-05-11T00:00:00,2026-05-17T00:00:00
BLAST Rivals 2026 Season 1,Fort Worth,8250,03/05/26,Vitality,Natus Vincere,d2,19 - 9,+10,2.18,2026-04-29T00:00:00,2026-05-04T00:00:00
BLAST Rivals 2026 Season 1,Fort Worth,8250,03/05/26,Vitality,Natus Vincere,anb,17 - 19,-2,0.98,2026-04-29T00:00:00,2026-05-04T00:00:00
BLAST Rivals 2026 Season 1,Fort Worth,8250,03/05/26,Vitality,Natus Vincere,nuke,18 - 17,+1,1.20,2026-04-29T00:00:00,2026-05-04T00:00:00
BLAST Rivals 2026 Season 1,Fort Worth,8250,02/05/26,Vitality,GamerLegion,ovp,21 - 18,+3,1.09,2026-04-29T00:00:00,2026-05-04T00:00:00
BLAST Rivals 2026 Season 1,Fort Worth,8250,02/05/26,Vitality,GamerLegion,mrg,21 - 3,+18,2.12,2026-04-29T00:00:00,2026-05-04T00:00:00
BLAST Rivals 2026 Season 1,Fort Worth,8250,30/04/26,Vitality,G2,d2,18 - 9,+9,1.96,2026-04-29T00:00:00,2026-05-04T00:00:00
BLAST Rivals 2026 Season 1,Fort Worth,8250,30/04/26,Vitality,G2,ovp,18 - 15,+3,1.16,2026-04-29T00:00:00,2026-05-04T00:00:00
BLAST Rivals 2026 Season 1,Fort Worth,8250,30/04/26,Vitality,G2,mrg,20 - 18,+2,1.22,2026-04-29T00:00:00,2026-05-04T00:00:00
BLAST Rivals 2026 Season 1,Fort Worth,8250,29/04/26,Vitality,FUT,nuke,23 - 12,+11,1.36,2026-04-29T00:00:00,2026-05-04T00:00:00
BLAST Rivals 2026 Season 1,Fort Worth,8250,29/04/26,Vitality,FUT,d2,30 - 11,+19,1.78,2026-04-29T00:00:00,2026-05-04T00:00:00
BLAST Rivals 2026 Season 1,Fort Worth,8250,29/04/26,Vitality,FUT,mrg,16 - 14,+2,0.92,2026-04-29T00:00:00,2026-05-04T00:00:00
IEM Rio 2026,Rio de Janeiro,8242,19/04/26,Vitality,Spirit,d2,18 - 8,+10,1.62,2026-04-13T00:00:00,2026-04-20T00:00:00
IEM Rio 2026,Rio de Janeiro,8242,19/04/26,Vitality,Spirit,nuke,20 - 12,+8,1.51,2026-04-13T00:00:00,2026-04-20T00:00:00
IEM Rio 2026,Rio de Janeiro,8242,19/04/26,Vitality,Spirit,mrg,21 - 19,+2,1.16,2026-04-13T00:00:00,2026-04-20T00:00:00
IEM Rio 2026,Rio de Janeiro,8242,18/04/26,Vitality,FURIA,anc,27 - 14,+13,1.57,2026-04-13T00:00:00,2026-04-20T00:00:00
IEM Rio 2026,Rio de Janeiro,8242,18/04/26,Vitality,FURIA,ovp,22 - 13,+9,1.66,2026-04-13T00:00:00,2026-04-20T00:00:00
IEM Rio 2026,Rio de Janeiro,8242,17/04/26,Vitality,Natus Vincere,d2,14 - 8,+6,1.44,2026-04-13T00:00:00,2026-04-20T00:00:00
IEM Rio 2026,Rio de Janeiro,8242,17/04/26,Vitality,Natus Vincere,mrg,30 - 7,+23,2.53,2026-04-13T00:00:00,2026-04-20T00:00:00
IEM Rio 2026,Rio de Janeiro,8242,15/04/26,Vitality,Falcons,nuke,19 - 19,0,0.85,2026-04-13T00:00:00,2026-04-20T00:00:00
IEM Rio 2026,Rio de Janeiro,8242,15/04/26,Vitality,Falcons,d2,15 - 11,+4,0.98,2026-04-13T00:00:00,2026-04-20T00:00:00
IEM Rio 2026,Rio de Janeiro,8242,15/04/26,Vitality,Falcons,mrg,19 - 16,+3,1.08,2026-04-13T00:00:00,2026-04-20T00:00:00
IEM Rio 2026,Rio de Janeiro,8242,14/04/26,Vitality,G2,d2,13 - 14,-1,1.01,2026-04-13T00:00:00,2026-04-20T00:00:00
IEM Rio 2026,Rio de Janeiro,8242,14/04/26,Vitality,G2,inf,29 - 15,+14,1.65,2026-04-13T00:00:00,2026-04-20T00:00:00
IEM Rio 2026,Rio de Janeiro,8242,14/04/26,Vitality,G2,mrg,10 - 13,-3,1.00,2026-04-13T00:00:00,2026-04-20T00:00:00
IEM Rio 2026,Rio de Janeiro,8242,13/04/26,Vitality,RED Canids,ovp,21 - 8,+13,1.86,2026-04-13T00:00:00,2026-04-20T00:00:00
IEM Rio 2026,Rio de Janeiro,8242,13/04/26,Vitality,RED Canids,nuke,24 - 10,+14,2.34,2026-04-13T00:00:00,2026-04-20T00:00:00
BLAST Open Rotterdam 2026,Rotterdam,8248,29/03/26,Vitality,Natus Vincere,d2,16 - 8,+8,1.26,2026-03-23T00:00:00,2026-03-30T00:00:00
BLAST Open Rotterdam 2026,Rotterdam,8248,29/03/26,Vitality,Natus Vincere,anb,15 - 12,+3,1.04,2026-03-23T00:00:00,2026-03-30T00:00:00
BLAST Open Rotterdam 2026,Rotterdam,8248,29/03/26,Vitality,Natus Vincere,inf,16 - 12,+4,1.42,2026-03-23T00:00:00,2026-03-30T00:00:00
BLAST Open Rotterdam 2026,Rotterdam,8248,28/03/26,Vitality,Aurora,nuke,18 - 10,+8,1.83,2026-03-23T00:00:00,2026-03-30T00:00:00
BLAST Open Rotterdam 2026,Rotterdam,8248,28/03/26,Vitality,Aurora,inf,10 - 8,+2,1.03,2026-03-23T00:00:00,2026-03-30T00:00:00
BLAST Open Rotterdam 2026,Rotterdam,8248,23/03/26,Vitality,PARIVISION,inf,28 - 15,+13,1.67,2026-03-23T00:00:00,2026-03-30T00:00:00
BLAST Open Rotterdam 2026,Copenhagen,8248,23/03/26,Vitality,PARIVISION,mrg,17 - 11,+6,1.12,2026-03-19T00:00:00,2026-03-24T00:00:00
BLAST Open Rotterdam 2026,Copenhagen,8248,21/03/26,Vitality,The MongolZ,ovp,23 - 14,+9,1.42,2026-03-19T00:00:00,2026-03-24T00:00:00
BLAST Open Rotterdam 2026,Copenhagen,8248,21/03/26,Vitality,The MongolZ,mrg,19 - 9,+10,2.22,2026-03-19T00:00:00,2026-03-24T00:00:00
BLAST Open Rotterdam 2026,Copenhagen,8248,19/03/26,Vitality,9z,nuke,14 - 7,+7,1.57,2026-03-19T00:00:00,2026-03-24T00:00:00
BLAST Open Rotterdam 2026,Copenhagen,8248,19/03/26,Vitality,9z,ovp,23 - 8,+15,2.38,2026-03-19T00:00:00,2026-03-24T00:00:00
PGL Cluj-Napoca 2026,Cluj-Napoca,8047,22/02/26,Vitality,PARIVISION,inf,20 - 19,+1,1.28,2026-02-14T00:00:00,2026-02-23T00:00:00
PGL Cluj-Napoca 2026,Cluj-Napoca,8047,22/02/26,Vitality,PARIVISION,d2,12 - 5,+7,1.33,2026-02-14T00:00:00,2026-02-23T00:00:00
PGL Cluj-Napoca 2026,Cluj-Napoca,8047,22/02/26,Vitality,PARIVISION,ovp,16 - 15,+1,1.07,2026-02-14T00:00:00,2026-02-23T00:00:00
PGL Cluj-Napoca 2026,Cluj-Napoca,8047,21/02/26,Vitality,The MongolZ,d2,10 - 6,+4,1.34,2026-02-14T00:00:00,2026-02-23T00:00:00
PGL Cluj-Napoca 2026,Cluj-Napoca,8047,21/02/26,Vitality,The MongolZ,mrg,26 - 16,+10,1.44,2026-02-14T00:00:00,2026-02-23T00:00:00
PGL Cluj-Napoca 2026,Cluj-Napoca,8047,20/02/26,Vitality,Aurora,ovp,25 - 10,+15,1.86,2026-02-14T00:00:00,2026-02-23T00:00:00
PGL Cluj-Napoca 2026,Cluj-Napoca,8047,20/02/26,Vitality,Aurora,inf,19 - 10,+9,1.46,2026-02-14T00:00:00,2026-02-23T00:00:00
PGL Cluj-Napoca 2026,Cluj-Napoca,8047,16/02/26,Vitality,MOUZ,inf,22 - 12,+10,1.63,2026-02-14T00:00:00,2026-02-23T00:00:00
PGL Cluj-Napoca 2026,Cluj-Napoca,8047,16/02/26,Vitality,MOUZ,d2,22 - 10,+12,2.03,2026-02-14T00:00:00,2026-02-23T00:00:00
PGL Cluj-Napoca 2026,Cluj-Napoca,8047,15/02/26,Vitality,The MongolZ,nuke,12 - 10,+2,1.13,2026-02-14T00:00:00,2026-02-23T00:00:00
PGL Cluj-Napoca 2026,Cluj-Napoca,8047,15/02/26,Vitality,The MongolZ,d2,11 - 5,+6,1.51,2026-02-14T00:00:00,2026-02-23T00:00:00
PGL Cluj-Napoca 2026,Cluj-Napoca,8047,15/02/26,Vitality,The MongolZ,mrg,16 - 14,+2,1.06,2026-02-14T00:00:00,2026-02-23T00:00:00
PGL Cluj-Napoca 2026,Cluj-Napoca,8047,14/02/26,Vitality,G2,anb,18 - 9,+9,1.47,2026-02-14T00:00:00,2026-02-23T00:00:00
PGL Cluj-Napoca 2026,Cluj-Napoca,8047,14/02/26,Vitality,G2,inf,14 - 13,+1,0.91,2026-02-14T00:00:00,2026-02-23T00:00:00
PGL Cluj-Napoca 2026,Cluj-Napoca,8047,14/02/26,Vitality,G2,mrg,21 - 13,+8,1.85,2026-02-14T00:00:00,2026-02-23T00:00:00
IEM Kraków 2026,Kraków,8240,08/02/26,Vitality,FURIA,ovp,25 - 12,+13,1.52,2026-01-31T00:00:00,2026-02-09T00:00:00
IEM Kraków 2026,Kraków,8240,08/02/26,Vitality,FURIA,nuke,17 - 6,+11,1.83,2026-01-31T00:00:00,2026-02-09T00:00:00
IEM Kraków 2026,Kraków,8240,08/02/26,Vitality,FURIA,inf,27 - 10,+17,2.22,2026-01-31T00:00:00,2026-02-09T00:00:00
IEM Kraków 2026,Kraków,8240,08/02/26,Vitality,FURIA,mrg,21 - 13,+8,1.28,2026-01-31T00:00:00,2026-02-09T00:00:00
IEM Kraków 2026,Kraków,8240,07/02/26,Vitality,MOUZ,d2,18 - 8,+10,1.70,2026-01-31T00:00:00,2026-02-09T00:00:00
IEM Kraków 2026,Kraków,8240,07/02/26,Vitality,MOUZ,nuke,22 - 11,+11,1.68,2026-01-31T00:00:00,2026-02-09T00:00:00
IEM Kraków 2026,Kraków,8240,03/02/26,Vitality,Aurora,ovp,23 - 10,+13,2.10,2026-01-31T00:00:00,2026-02-09T00:00:00
IEM Kraków 2026,Kraków,8240,03/02/26,Vitality,Aurora,anc,53 - 26,+27,1.65,2026-01-31T00:00:00,2026-02-09T00:00:00
IEM Kraków 2026,Kraków,8240,02/02/26,Vitality,3DMAX,d2,19 - 8,+11,1.81,2026-01-31T00:00:00,2026-02-09T00:00:00
IEM Kraków 2026,Kraków,8240,02/02/26,Vitality,3DMAX,inf,18 - 10,+8,1.41,2026-01-31T00:00:00,2026-02-09T00:00:00
IEM Kraków 2026,Kraków,8240,31/01/26,Vitality,BC.Game,ovp,15 - 8,+7,1.26,2026-01-31T00:00:00,2026-02-09T00:00:00
IEM Kraków 2026,Kraków,8240,31/01/26,Vitality,BC.Game,d2,14 - 10,+4,1.03,2026-01-31T00:00:00,2026-02-09T00:00:00
BLAST Bounty 2026 Season 1 Finals,Valletta,8246,24/01/26,Vitality,Falcons,mrg,5 - 15,-10,0.56,2026-01-23T00:00:00,2026-01-25T00:00:00
BLAST Bounty 2026 Season 1 Finals,Valletta,8246,24/01/26,Vitality,Falcons,anb,19 - 8,+11,1.83,2026-01-23T00:00:00,2026-01-25T00:00:00
BLAST Bounty 2026 Season 1 Finals,Valletta,8246,24/01/26,Vitality,Falcons,inf,13 - 17,-4,0.54,2026-01-23T00:00:00,2026-01-25T00:00:00
BLAST Bounty 2026 Season 1 Finals,Valletta,8246,23/01/26,Vitality,GamerLegion,d2,20 - 13,+7,1.35,2026-01-23T00:00:00,2026-01-25T00:00:00
BLAST Bounty 2026 Season 1 Finals,Valletta,8246,23/01/26,Vitality,GamerLegion,inf,15 - 16,-1,1.28,2026-01-23T00:00:00,2026-01-25T00:00:00
StarLadder Budapest Major 2025,Budapest,8042,14/12/25,Vitality,FaZe,ovp,14 - 6,+8,1.70,2025-12-04T00:00:00,2025-12-15T00:00:00
StarLadder Budapest Major 2025,Budapest,8042,14/12/25,Vitality,FaZe,inf,16 - 12,+4,1.06,2025-12-04T00:00:00,2025-12-15T00:00:00
StarLadder Budapest Major 2025,Budapest,8042,14/12/25,Vitality,FaZe,d2,17 - 8,+9,1.60,2025-12-04T00:00:00,2025-12-15T00:00:00
StarLadder Budapest Major 2025,Budapest,8042,14/12/25,Vitality,FaZe,nuke,11 - 13,-2,0.83,2025-12-04T00:00:00,2025-12-15T00:00:00
StarLadder Budapest Major 2025,Budapest,8042,13/12/25,Vitality,Spirit,d2,18 - 9,+9,1.42,2025-12-04T00:00:00,2025-12-15T00:00:00
StarLadder Budapest Major 2025,Budapest,8042,13/12/25,Vitality,Spirit,mrg,25 - 23,+2,1.08,2025-12-04T00:00:00,2025-12-15T00:00:00
StarLadder Budapest Major 2025,Budapest,8042,11/12/25,Vitality,The MongolZ,d2,21 - 10,+11,1.74,2025-12-04T00:00:00,2025-12-15T00:00:00
StarLadder Budapest Major 2025,Budapest,8042,11/12/25,Vitality,The MongolZ,mrg,25 - 8,+17,2.47,2025-12-04T00:00:00,2025-12-15T00:00:00
StarLadder Budapest Major 2025,Budapest,8042,06/12/25,Vitality,Natus Vincere,trn,21 - 15,+6,1.43,2025-12-04T00:00:00,2025-12-15T00:00:00
StarLadder Budapest Major 2025,Budapest,8042,06/12/25,Vitality,Natus Vincere,inf,19 - 15,+4,1.26,2025-12-04T00:00:00,2025-12-15T00:00:00
StarLadder Budapest Major 2025,Budapest,8042,05/12/25,Vitality,B8,inf,17 - 8,+9,2.05,2025-12-04T00:00:00,2025-12-15T00:00:00
StarLadder Budapest Major 2025,Budapest,8042,04/12/25,Vitality,3DMAX,nuke,12 - 7,+5,1.16,2025-12-04T00:00:00,2025-12-15T00:00:00
StarLadder Budapest Major 2025,Budapest,8042,04/12/25,Vitality,FaZe,nuke,18 - 17,+1,1.11,2025-12-04T00:00:00,2025-12-15T00:00:00
BLAST Rivals 2025 Season 2,Chek Lap Kok,7908,15/11/25,Vitality,Falcons,nuke,18 - 12,+6,1.68,2025-11-12T00:00:00,2025-11-16T00:00:00
BLAST Rivals 2025 Season 2,Chek Lap Kok,7908,15/11/25,Vitality,Falcons,inf,19 - 16,+3,1.14,2025-11-12T00:00:00,2025-11-16T00:00:00
BLAST Rivals 2025 Season 2,Chek Lap Kok,7908,14/11/25,Vitality,Spirit,mrg,24 - 13,+11,1.62,2025-11-12T00:00:00,2025-11-16T00:00:00
BLAST Rivals 2025 Season 2,Chek Lap Kok,7908,14/11/25,Vitality,Spirit,nuke,33 - 25,+8,1.41,2025-11-12T00:00:00,2025-11-16T00:00:00
BLAST Rivals 2025 Season 2,Chek Lap Kok,7908,14/11/25,Vitality,Spirit,d2,13 - 15,-2,0.78,2025-11-12T00:00:00,2025-11-16T00:00:00
BLAST Rivals 2025 Season 2,Chek Lap Kok,7908,13/11/25,Vitality,FURIA,inf,7 - 13,-6,0.96,2025-11-12T00:00:00,2025-11-16T00:00:00
BLAST Rivals 2025 Season 2,Chek Lap Kok,7908,13/11/25,Vitality,FURIA,ovp,20 - 17,+3,1.03,2025-11-12T00:00:00,2025-11-16T00:00:00
BLAST Rivals 2025 Season 2,Chek Lap Kok,7908,13/11/25,Vitality,FURIA,nuke,20 - 16,+4,1.19,2025-11-12T00:00:00,2025-11-16T00:00:00
BLAST Rivals 2025 Season 2,Chek Lap Kok,7908,12/11/25,Vitality,TYLOO,inf,19 - 16,+3,1.38,2025-11-12T00:00:00,2025-11-16T00:00:00
BLAST Rivals 2025 Season 2,Chek Lap Kok,7908,12/11/25,Vitality,TYLOO,nuke,9 - 15,-6,0.86,2025-11-12T00:00:00,2025-11-16T00:00:00
BLAST Rivals 2025 Season 2,Chek Lap Kok,7908,12/11/25,Vitality,TYLOO,ovp,14 - 7,+7,1.69,2025-11-12T00:00:00,2025-11-16T00:00:00
IEM Chengdu 2025,Chengdu,8041,09/11/25,Vitality,FURIA,ovp,16 - 17,-1,1.08,2025-11-03T00:00:00,2025-11-10T00:00:00
IEM Chengdu 2025,Chengdu,8041,09/11/25,Vitality,FURIA,inf,21 - 16,+5,1.36,2025-11-03T00:00:00,2025-11-10T00:00:00
IEM Chengdu 2025,Chengdu,8041,09/11/25,Vitality,FURIA,anc,15 - 16,-1,1.05,2025-11-03T00:00:00,2025-11-10T00:00:00
IEM Chengdu 2025,Chengdu,8041,08/11/25,Vitality,MOUZ,inf,19 - 14,+5,1.48,2025-11-03T00:00:00,2025-11-10T00:00:00
IEM Chengdu 2025,Chengdu,8041,08/11/25,Vitality,MOUZ,trn,14 - 16,-2,0.93,2025-11-03T00:00:00,2025-11-10T00:00:00
IEM Chengdu 2025,Chengdu,8041,08/11/25,Vitality,MOUZ,nuke,30 - 16,+14,1.75,2025-11-03T00:00:00,2025-11-10T00:00:00
IEM Chengdu 2025,Chengdu,8041,07/11/25,Vitality,Astralis,mrg,19 - 11,+8,1.64,2025-11-03T00:00:00,2025-11-10T00:00:00
IEM Chengdu 2025,Chengdu,8041,07/11/25,Vitality,Astralis,nuke,19 - 19,0,0.94,2025-11-03T00:00:00,2025-11-10T00:00:00
IEM Chengdu 2025,Chengdu,8041,07/11/25,Vitality,Astralis,inf,15 - 11,+4,1.33,2025-11-03T00:00:00,2025-11-10T00:00:00
IEM Chengdu 2025,Chengdu,8041,05/11/25,Vitality,G2,mrg,16 - 14,+2,1.02,2025-11-03T00:00:00,2025-11-10T00:00:00
IEM Chengdu 2025,Chengdu,8041,05/11/25,Vitality,G2,trn,25 - 7,+18,2.43,2025-11-03T00:00:00,2025-11-10T00:00:00
IEM Chengdu 2025,Chengdu,8041,05/11/25,Vitality,Lynn Vision,nuke,14 - 11,+3,1.39,2025-11-03T00:00:00,2025-11-10T00:00:00
IEM Chengdu 2025,Chengdu,8041,05/11/25,Vitality,Lynn Vision,d2,12 - 5,+7,1.38,2025-11-03T00:00:00,2025-11-10T00:00:00
IEM Chengdu 2025,Chengdu,8041,04/11/25,Vitality,MOUZ,inf,36 - 29,+7,1.38,2025-11-03T00:00:00,2025-11-10T00:00:00
IEM Chengdu 2025,Chengdu,8041,04/11/25,Vitality,MOUZ,nuke,21 - 10,+11,1.82,2025-11-03T00:00:00,2025-11-10T00:00:00
IEM Chengdu 2025,Chengdu,8041,04/11/25,Vitality,MOUZ,trn,10 - 13,-3,0.95,2025-11-03T00:00:00,2025-11-10T00:00:00
IEM Chengdu 2025,Chengdu,8041,03/11/25,Vitality,Virtus.pro,mrg,18 - 3,+15,2.02,2025-11-03T00:00:00,2025-11-10T00:00:00
IEM Chengdu 2025,Chengdu,8041,03/11/25,Vitality,Virtus.pro,d2,12 - 12,0,1.13,2025-11-03T00:00:00,2025-11-10T00:00:00
IEM Chengdu 2025,Chengdu,8041,03/11/25,Vitality,Virtus.pro,ovp,8 - 15,-7,0.62,2025-11-03T00:00:00,2025-11-10T00:00:00
ESL Pro League Season 22,Stockholm,8040,12/10/25,Vitality,Falcons,d2,12 - 10,+2,1.17,2025-10-04T00:00:00,2025-10-13T00:00:00
ESL Pro League Season 22,Stockholm,8040,12/10/25,Vitality,Falcons,trn,17 - 9,+8,1.12,2025-10-04T00:00:00,2025-10-13T00:00:00
ESL Pro League Season 22,Stockholm,8040,12/10/25,Vitality,Falcons,inf,13 - 8,+5,0.99,2025-10-04T00:00:00,2025-10-13T00:00:00
ESL Pro League Season 22,Stockholm,8040,11/10/25,Vitality,FaZe,d2,22 - 8,+14,1.88,2025-10-04T00:00:00,2025-10-13T00:00:00
ESL Pro League Season 22,Stockholm,8040,11/10/25,Vitality,FaZe,inf,16 - 15,+1,1.33,2025-10-04T00:00:00,2025-10-13T00:00:00
ESL Pro League Season 22,Stockholm,8040,11/10/25,Vitality,FaZe,mrg,39 - 25,+14,1.51,2025-10-04T00:00:00,2025-10-13T00:00:00
ESL Pro League Season 22,Stockholm,8040,10/10/25,Vitality,FURIA,nuke,23 - 11,+12,1.68,2025-10-04T00:00:00,2025-10-13T00:00:00
ESL Pro League Season 22,Stockholm,8040,10/10/25,Vitality,FURIA,inf,18 - 13,+5,1.35,2025-10-04T00:00:00,2025-10-13T00:00:00
ESL Pro League Season 22,Stockholm,8040,10/10/25,Vitality,FURIA,ovp,19 - 19,0,1.10,2025-10-04T00:00:00,2025-10-13T00:00:00
ESL Pro League Season 22,Stockholm,8040,07/10/25,Vitality,G2,mrg,25 - 22,+3,1.14,2025-10-04T00:00:00,2025-10-13T00:00:00
ESL Pro League Season 22,Stockholm,8040,07/10/25,Vitality,G2,inf,12 - 4,+8,1.51,2025-10-04T00:00:00,2025-10-13T00:00:00
ESL Pro League Season 22,Stockholm,8040,06/10/25,Vitality,HOTU,d2,9 - 9,0,0.90,2025-10-04T00:00:00,2025-10-13T00:00:00
ESL Pro League Season 22,Stockholm,8040,06/10/25,Vitality,HOTU,ovp,20 - 10,+10,1.59,2025-10-04T00:00:00,2025-10-13T00:00:00
ESL Pro League Season 22,Stockholm,8040,05/10/25,Vitality,GamerLegion,d2,21 - 8,+13,2.47,2025-10-04T00:00:00,2025-10-13T00:00:00
ESL Pro League Season 22,Stockholm,8040,05/10/25,Vitality,GamerLegion,ovp,19 - 5,+14,1.77,2025-10-04T00:00:00,2025-10-13T00:00:00
ESL Pro League Season 22,Stockholm,8040,04/10/25,Vitality,Gentle Mates,trn,15 - 13,+2,0.98,2025-10-04T00:00:00,2025-10-13T00:00:00
ESL Pro League Season 22,Stockholm,8040,04/10/25,Vitality,Gentle Mates,nuke,14 - 14,0,0.91,2025-10-04T00:00:00,2025-10-13T00:00:00
BLAST Open London 2025 Finals,London,7912,07/09/25,Vitality,G2,trn,11 - 16,-5,0.85,2025-09-06T00:00:00,2025-09-08T00:00:00
BLAST Open London 2025 Finals,London,7912,07/09/25,Vitality,G2,inf,17 - 22,-5,0.72,2025-09-06T00:00:00,2025-09-08T00:00:00
BLAST Open London 2025 Finals,London,7912,07/09/25,Vitality,G2,ovp,20 - 10,+10,1.90,2025-09-06T00:00:00,2025-09-08T00:00:00
BLAST Open London 2025 Finals,London,7912,07/09/25,Vitality,G2,mrg,30 - 6,+24,2.61,2025-09-06T00:00:00,2025-09-08T00:00:00
BLAST Open London 2025 Finals,London,7912,07/09/25,Vitality,G2,d2,9 - 13,-4,1.03,2025-09-06T00:00:00,2025-09-08T00:00:00
BLAST Open London 2025 Finals,London,7912,06/09/25,Vitality,MOUZ,inf,19 - 12,+7,1.56,2025-09-06T00:00:00,2025-09-08T00:00:00
BLAST Open London 2025 Finals,London,7912,06/09/25,Vitality,MOUZ,mrg,16 - 9,+7,1.32,2025-09-06T00:00:00,2025-09-08T00:00:00
Esports World Cup 2025,Riyadh,8039,24/08/25,Vitality,Falcons,nuke,12 - 15,-3,0.97,2025-08-20T00:00:00,2025-08-25T00:00:00
Esports World Cup 2025,Riyadh,8039,24/08/25,Vitality,Falcons,trn,10 - 14,-4,0.87,2025-08-20T00:00:00,2025-08-25T00:00:00
Esports World Cup 2025,Riyadh,8039,24/08/25,Vitality,Falcons,inf,9 - 13,-4,0.72,2025-08-20T00:00:00,2025-08-25T00:00:00
Esports World Cup 2025,Riyadh,8039,23/08/25,Vitality,The MongolZ,nuke,14 - 14,0,1.20,2025-08-20T00:00:00,2025-08-25T00:00:00
Esports World Cup 2025,Riyadh,8039,23/08/25,Vitality,The MongolZ,d2,11 - 14,-3,0.81,2025-08-20T00:00:00,2025-08-25T00:00:00
Esports World Cup 2025,Riyadh,8039,23/08/25,Vitality,The MongolZ,mrg,17 - 15,+2,1.33,2025-08-20T00:00:00,2025-08-25T00:00:00
Esports World Cup 2025,Riyadh,8039,21/08/25,Vitality,TYLOO,nuke,20 - 12,+8,1.45,2025-08-20T00:00:00,2025-08-25T00:00:00
Esports World Cup 2025,Riyadh,8039,21/08/25,Vitality,TYLOO,inf,24 - 7,+17,2.73,2025-08-20T00:00:00,2025-08-25T00:00:00
Esports World Cup 2025,Riyadh,8039,20/08/25,Vitality,Liquid,d2,24 - 20,+4,1.18,2025-08-20T00:00:00,2025-08-25T00:00:00
Esports World Cup 2025,Riyadh,8039,20/08/25,Vitality,Liquid,mrg,27 - 14,+13,1.95,2025-08-20T00:00:00,2025-08-25T00:00:00
BLAST Bounty 2025 Season 2 Finals,Valletta,7910,16/08/25,Vitality,The MongolZ,inf,17 - 16,+1,0.96,2025-08-15T00:00:00,2025-08-17T00:00:00
BLAST Bounty 2025 Season 2 Finals,Valletta,7910,16/08/25,Vitality,The MongolZ,mrg,15 - 13,+2,1.13,2025-08-15T00:00:00,2025-08-17T00:00:00
BLAST Bounty 2025 Season 2 Finals,Valletta,7910,15/08/25,Vitality,Liquid,nuke,30 - 21,+9,1.34,2025-08-15T00:00:00,2025-08-17T00:00:00
BLAST Bounty 2025 Season 2 Finals,Valletta,7910,15/08/25,Vitality,Liquid,trn,25 - 17,+8,1.13,2025-08-15T00:00:00,2025-08-17T00:00:00
IEM Cologne 2025,Cologne,8038,02/08/25,Vitality,MOUZ,trn,13 - 18,-5,0.79,2025-07-26T00:00:00,2025-08-03T00:00:00
IEM Cologne 2025,Cologne,8038,02/08/25,Vitality,MOUZ,mrg,8 - 19,-11,0.45,2025-07-26T00:00:00,2025-08-03T00:00:00
IEM Cologne 2025,Cologne,8038,29/07/25,Vitality,The MongolZ,inf,20 - 12,+8,1.64,2025-07-26T00:00:00,2025-08-03T00:00:00
IEM Cologne 2025,Cologne,8038,29/07/25,Vitality,The MongolZ,mrg,23 - 9,+14,1.78,2025-07-26T00:00:00,2025-08-03T00:00:00
IEM Cologne 2025,Cologne,8038,27/07/25,Vitality,G2,trn,23 - 15,+8,1.45,2025-07-26T00:00:00,2025-08-03T00:00:00
IEM Cologne 2025,Cologne,8038,27/07/25,Vitality,G2,inf,10 - 10,0,0.90,2025-07-26T00:00:00,2025-08-03T00:00:00
IEM Cologne 2025,Cologne,8038,26/07/25,Vitality,Astralis,ovp,12 - 12,0,1.01,2025-07-26T00:00:00,2025-08-03T00:00:00
IEM Cologne 2025,Cologne,8038,26/07/25,Vitality,Astralis,nuke,19 - 19,0,1.12,2025-07-26T00:00:00,2025-08-03T00:00:00
BLAST.tv Austin Major 2025,Austin,7902,22/06/25,Vitality,The MongolZ,inf,10 - 10,0,0.97,2025-06-12T00:00:00,2025-06-23T00:00:00
BLAST.tv Austin Major 2025,Austin,7902,22/06/25,Vitality,The MongolZ,d2,18 - 8,+10,1.97,2025-06-12T00:00:00,2025-06-23T00:00:00
BLAST.tv Austin Major 2025,Austin,7902,22/06/25,Vitality,The MongolZ,mrg,9 - 16,-7,0.69,2025-06-12T00:00:00,2025-06-23T00:00:00
BLAST.tv Austin Major 2025,Austin,7902,21/06/25,Vitality,MOUZ,trn,21 - 10,+11,1.77,2025-06-12T00:00:00,2025-06-23T00:00:00
BLAST.tv Austin Major 2025,Austin,7902,21/06/25,Vitality,MOUZ,inf,18 - 15,+3,1.51,2025-06-12T00:00:00,2025-06-23T00:00:00
BLAST.tv Austin Major 2025,Austin,7902,21/06/25,Vitality,MOUZ,mrg,14 - 7,+7,1.15,2025-06-12T00:00:00,2025-06-23T00:00:00
BLAST.tv Austin Major 2025,Austin,7902,20/06/25,Vitality,Natus Vincere,nuke,24 - 16,+8,1.49,2025-06-12T00:00:00,2025-06-23T00:00:00
BLAST.tv Austin Major 2025,Austin,7902,20/06/25,Vitality,Natus Vincere,mrg,17 - 11,+6,1.40,2025-06-12T00:00:00,2025-06-23T00:00:00
BLAST.tv Austin Major 2025,Austin,7902,14/06/25,Vitality,Virtus.pro,d2,22 - 6,+16,1.81,2025-06-12T00:00:00,2025-06-23T00:00:00
BLAST.tv Austin Major 2025,Austin,7902,14/06/25,Vitality,Virtus.pro,trn,16 - 9,+7,1.51,2025-06-12T00:00:00,2025-06-23T00:00:00
BLAST.tv Austin Major 2025,Austin,7902,13/06/25,Vitality,3DMAX,nuke,15 - 4,+11,1.98,2025-06-12T00:00:00,2025-06-23T00:00:00
BLAST.tv Austin Major 2025,Austin,7902,13/06/25,Vitality,Nemiga,d2,22 - 11,+11,1.46,2025-06-12T00:00:00,2025-06-23T00:00:00
BLAST.tv Austin Major 2025,Austin,7902,12/06/25,Vitality,Legacy,inf,11 - 10,+1,0.89,2025-06-12T00:00:00,2025-06-23T00:00:00
IEM Dallas 2025,Dallas,8037,25/05/25,Vitality,MOUZ,inf,13 - 11,+2,1.30,2025-05-19T00:00:00,2025-05-26T00:00:00
IEM Dallas 2025,Dallas,8037,25/05/25,Vitality,MOUZ,mrg,25 - 12,+13,1.80,2025-05-19T00:00:00,2025-05-26T00:00:00
IEM Dallas 2025,Dallas,8037,25/05/25,Vitality,MOUZ,d2,21 - 12,+9,1.45,2025-05-19T00:00:00,2025-05-26T00:00:00
IEM Dallas 2025,Dallas,8037,25/05/25,Vitality,Falcons,inf,22 - 17,+5,1.22,2025-05-19T00:00:00,2025-05-26T00:00:00
IEM Dallas 2025,Dallas,8037,25/05/25,Vitality,Falcons,trn,12 - 16,-4,1.05,2025-05-19T00:00:00,2025-05-26T00:00:00
IEM Dallas 2025,Dallas,8037,25/05/25,Vitality,Falcons,d2,16 - 12,+4,1.18,2025-05-19T00:00:00,2025-05-26T00:00:00
IEM Dallas 2025,Dallas,8037,22/05/25,Vitality,The MongolZ,mrg,17 - 17,0,1.09,2025-05-19T00:00:00,2025-05-26T00:00:00
IEM Dallas 2025,Dallas,8037,22/05/25,Vitality,The MongolZ,nuke,19 - 14,+5,1.65,2025-05-19T00:00:00,2025-05-26T00:00:00
IEM Dallas 2025,Dallas,8037,22/05/25,Vitality,The MongolZ,inf,20 - 13,+7,1.24,2025-05-19T00:00:00,2025-05-26T00:00:00
IEM Dallas 2025,Dallas,8037,20/05/25,Vitality,GamerLegion,nuke,17 - 12,+5,1.23,2025-05-19T00:00:00,2025-05-26T00:00:00
IEM Dallas 2025,Dallas,8037,20/05/25,Vitality,GamerLegion,mrg,16 - 11,+5,1.12,2025-05-19T00:00:00,2025-05-26T00:00:00
IEM Dallas 2025,Dallas,8037,19/05/25,Vitality,Legacy,d2,15 - 13,+2,1.11,2025-05-19T00:00:00,2025-05-26T00:00:00
IEM Dallas 2025,Dallas,8037,19/05/25,Vitality,Legacy,inf,13 - 8,+5,1.34,2025-05-19T00:00:00,2025-05-26T00:00:00
BLAST Rivals 2025 Season 1,Copenhagen,7905,04/05/25,Vitality,Falcons,nuke,20 - 11,+9,1.79,2025-04-30T00:00:00,2025-05-05T00:00:00
BLAST Rivals 2025 Season 1,Copenhagen,7905,04/05/25,Vitality,Falcons,mrg,25 - 21,+4,1.47,2025-04-30T00:00:00,2025-05-05T00:00:00
BLAST Rivals 2025 Season 1,Copenhagen,7905,04/05/25,Vitality,Falcons,trn,10 - 9,+1,0.98,2025-04-30T00:00:00,2025-05-05T00:00:00
BLAST Rivals 2025 Season 1,Copenhagen,7905,04/05/25,Vitality,Falcons,d2,17 - 10,+7,1.72,2025-04-30T00:00:00,2025-05-05T00:00:00
BLAST Rivals 2025 Season 1,Copenhagen,7905,04/05/25,Vitality,Falcons,inf,18 - 15,+3,1.26,2025-04-30T00:00:00,2025-05-05T00:00:00
BLAST Rivals 2025 Season 1,Copenhagen,7905,03/05/25,Vitality,Spirit,nuke,16 - 17,-1,0.89,2025-04-30T00:00:00,2025-05-05T00:00:00
BLAST Rivals 2025 Season 1,Copenhagen,7905,03/05/25,Vitality,Spirit,mrg,25 - 13,+12,2.06,2025-04-30T00:00:00,2025-05-05T00:00:00
BLAST Rivals 2025 Season 1,Copenhagen,7905,01/05/25,Vitality,MOUZ,trn,20 - 15,+5,1.54,2025-04-30T00:00:00,2025-05-05T00:00:00
BLAST Rivals 2025 Season 1,Copenhagen,7905,01/05/25,Vitality,MOUZ,inf,13 - 14,-1,0.96,2025-04-30T00:00:00,2025-05-05T00:00:00
BLAST Rivals 2025 Season 1,Copenhagen,7905,01/05/25,Vitality,MOUZ,mrg,18 - 17,+1,1.05,2025-04-30T00:00:00,2025-05-05T00:00:00
BLAST Rivals 2025 Season 1,Copenhagen,7905,30/04/25,Vitality,Wildcard,d2,14 - 11,+3,1.12,2025-04-30T00:00:00,2025-05-05T00:00:00
BLAST Rivals 2025 Season 1,Copenhagen,7905,30/04/25,Vitality,Wildcard,inf,13 - 12,+1,1.08,2025-04-30T00:00:00,2025-05-05T00:00:00
IEM Melbourne 2025,Melbourne,8036,27/04/25,Vitality,Falcons,nuke,35 - 31,+4,1.38,2025-04-21T00:00:00,2025-04-28T00:00:00
IEM Melbourne 2025,Melbourne,8036,27/04/25,Vitality,Falcons,mrg,18 - 15,+3,1.09,2025-04-21T00:00:00,2025-04-28T00:00:00
IEM Melbourne 2025,Melbourne,8036,27/04/25,Vitality,Falcons,trn,24 - 14,+10,1.54,2025-04-21T00:00:00,2025-04-28T00:00:00
IEM Melbourne 2025,Melbourne,8036,27/04/25,Vitality,Falcons,d2,16 - 17,-1,0.92,2025-04-21T00:00:00,2025-04-28T00:00:00
IEM Melbourne 2025,Melbourne,8036,27/04/25,Vitality,Falcons,inf,17 - 5,+12,2.36,2025-04-21T00:00:00,2025-04-28T00:00:00
IEM Melbourne 2025,Melbourne,8036,26/04/25,Vitality,The MongolZ,nuke,22 - 6,+16,2.33,2025-04-21T00:00:00,2025-04-28T00:00:00
IEM Melbourne 2025,Melbourne,8036,26/04/25,Vitality,The MongolZ,mrg,16 - 5,+11,1.75,2025-04-21T00:00:00,2025-04-28T00:00:00
IEM Melbourne 2025,Melbourne,8036,23/04/25,Vitality,Falcons,inf,18 - 11,+7,1.52,2025-04-21T00:00:00,2025-04-28T00:00:00
IEM Melbourne 2025,Melbourne,8036,23/04/25,Vitality,Falcons,mrg,18 - 17,+1,0.99,2025-04-21T00:00:00,2025-04-28T00:00:00
IEM Melbourne 2025,Melbourne,8036,22/04/25,Vitality,Liquid,nuke,13 - 16,-3,0.84,2025-04-21T00:00:00,2025-04-28T00:00:00
IEM Melbourne 2025,Melbourne,8036,22/04/25,Vitality,Liquid,mrg,16 - 10,+6,1.69,2025-04-21T00:00:00,2025-04-28T00:00:00
IEM Melbourne 2025,Melbourne,8036,21/04/25,Vitality,FlyQuest,nuke,17 - 12,+5,1.42,2025-04-21T00:00:00,2025-04-28T00:00:00
IEM Melbourne 2025,Melbourne,8036,21/04/25,Vitality,FlyQuest,anb,10 - 10,0,1.35,2025-04-21T00:00:00,2025-04-28T00:00:00
BLAST Open Lisbon 2025,Lisbon,7904,30/03/25,Vitality,MOUZ,trn,18 - 12,+6,1.48,2025-03-29T00:00:00,2025-03-31T00:00:00
BLAST Open Lisbon 2025,Lisbon,7904,30/03/25,Vitality,MOUZ,nuke,21 - 13,+8,1.65,2025-03-29T00:00:00,2025-03-31T00:00:00
BLAST Open Lisbon 2025,Lisbon,7904,30/03/25,Vitality,MOUZ,d2,19 - 12,+7,1.40,2025-03-29T00:00:00,2025-03-31T00:00:00
BLAST Open Lisbon 2025,Lisbon,7904,30/03/25,Vitality,MOUZ,mrg,12 - 16,-4,0.86,2025-03-29T00:00:00,2025-03-31T00:00:00
BLAST Open Lisbon 2025,Lisbon,7904,30/03/25,Vitality,MOUZ,inf,13 - 2,+11,2.57,2025-03-29T00:00:00,2025-03-31T00:00:00
BLAST Open Lisbon 2025,Lisbon,7904,29/03/25,Vitality,Spirit,mrg,26 - 14,+12,1.75,2025-03-29T00:00:00,2025-03-31T00:00:00
BLAST Open Lisbon 2025,Lisbon,7904,29/03/25,Vitality,Spirit,nuke,12 - 16,-4,1.08,2025-03-29T00:00:00,2025-03-31T00:00:00
BLAST Open Lisbon 2025,Lisbon,7904,29/03/25,Vitality,Spirit,anb,15 - 11,+4,1.54,2025-03-29T00:00:00,2025-03-31T00:00:00
BLAST Open Lisbon 2025,Copenhagen,7904,24/03/25,Vitality,MOUZ,d2,22 - 14,+8,1.76,2025-03-19T00:00:00,2025-03-25T00:00:00
BLAST Open Lisbon 2025,Copenhagen,7904,24/03/25,Vitality,MOUZ,mrg,20 - 14,+6,1.36,2025-03-19T00:00:00,2025-03-25T00:00:00
BLAST Open Lisbon 2025,Copenhagen,7904,21/03/25,Vitality,Virtus.pro,inf,17 - 12,+5,1.39,2025-03-19T00:00:00,2025-03-25T00:00:00
BLAST Open Lisbon 2025,Copenhagen,7904,21/03/25,Vitality,Virtus.pro,anb,19 - 6,+13,1.97,2025-03-19T00:00:00,2025-03-25T00:00:00
BLAST Open Lisbon 2025,Copenhagen,7904,19/03/25,Vitality,Astralis,d2,17 - 8,+9,1.57,2025-03-19T00:00:00,2025-03-25T00:00:00
BLAST Open Lisbon 2025,Copenhagen,7904,19/03/25,Vitality,Astralis,inf,13 - 6,+7,1.47,2025-03-19T00:00:00,2025-03-25T00:00:00
ESL Pro League Season 21,Stockholm,8292,16/03/25,Vitality,MOUZ,inf,16 - 8,+8,1.80,2025-03-07T00:00:00,2025-03-17T00:00:00
ESL Pro League Season 21,Stockholm,8292,16/03/25,Vitality,MOUZ,nuke,17 - 11,+6,1.68,2025-03-07T00:00:00,2025-03-17T00:00:00
ESL Pro League Season 21,Stockholm,8292,16/03/25,Vitality,MOUZ,d2,10 - 15,-5,0.77,2025-03-07T00:00:00,2025-03-17T00:00:00
ESL Pro League Season 21,Stockholm,8292,15/03/25,Vitality,The MongolZ,inf,12 - 6,+6,1.40,2025-03-07T00:00:00,2025-03-17T00:00:00
ESL Pro League Season 21,Stockholm,8292,15/03/25,Vitality,The MongolZ,nuke,25 - 18,+7,1.33,2025-03-07T00:00:00,2025-03-17T00:00:00
ESL Pro League Season 21,Stockholm,8292,15/03/25,Vitality,The MongolZ,anb,17 - 6,+11,1.80,2025-03-07T00:00:00,2025-03-17T00:00:00
ESL Pro League Season 21,Stockholm,8292,14/03/25,Vitality,Liquid,d2,20 - 11,+9,1.26,2025-03-07T00:00:00,2025-03-17T00:00:00
ESL Pro League Season 21,Stockholm,8292,14/03/25,Vitality,Liquid,anb,18 - 13,+5,1.45,2025-03-07T00:00:00,2025-03-17T00:00:00
ESL Pro League Season 21,Stockholm,8292,09/03/25,Vitality,MOUZ,d2,26 - 8,+18,2.38,2025-03-07T00:00:00,2025-03-17T00:00:00
ESL Pro League Season 21,Stockholm,8292,09/03/25,Vitality,MOUZ,inf,17 - 10,+7,1.34,2025-03-07T00:00:00,2025-03-17T00:00:00
ESL Pro League Season 21,Stockholm,8292,08/03/25,Vitality,3DMAX,d2,17 - 11,+6,1.32,2025-03-07T00:00:00,2025-03-17T00:00:00
ESL Pro League Season 21,Stockholm,8292,08/03/25,Vitality,3DMAX,trn,21 - 11,+10,2.13,2025-03-07T00:00:00,2025-03-17T00:00:00
ESL Pro League Season 21,Stockholm,8292,07/03/25,Vitality,MIBR,trn,17 - 12,+5,1.34,2025-03-07T00:00:00,2025-03-17T00:00:00
ESL Pro League Season 21,Stockholm,8292,07/03/25,Vitality,MIBR,inf,19 - 6,+13,2.12,2025-03-07T00:00:00,2025-03-17T00:00:00
ESL Pro League Season 21,Stockholm,8292,07/03/25,Vitality,MIBR,anb,9 - 14,-5,0.70,2025-03-07T00:00:00,2025-03-17T00:00:00
IEM Katowice 2025,Katowice,8034,09/02/25,Vitality,Spirit,mrg,22 - 13,+9,1.26,2025-02-01T00:00:00,2025-02-10T00:00:00
IEM Katowice 2025,Katowice,8034,09/02/25,Vitality,Spirit,nuke,26 - 6,+20,2.26,2025-02-01T00:00:00,2025-02-10T00:00:00
IEM Katowice 2025,Katowice,8034,09/02/25,Vitality,Spirit,d2,19 - 10,+9,1.30,2025-02-01T00:00:00,2025-02-10T00:00:00
IEM Katowice 2025,Katowice,8034,08/02/25,Vitality,The MongolZ,nuke,18 - 13,+5,1.42,2025-02-01T00:00:00,2025-02-10T00:00:00
IEM Katowice 2025,Katowice,8034,08/02/25,Vitality,The MongolZ,mrg,23 - 10,+13,1.63,2025-02-01T00:00:00,2025-02-10T00:00:00
IEM Katowice 2025,Katowice,8034,04/02/25,Vitality,Virtus.pro,inf,16 - 10,+6,1.34,2025-02-01T00:00:00,2025-02-10T00:00:00
IEM Katowice 2025,Katowice,8034,04/02/25,Vitality,Virtus.pro,anb,16 - 9,+7,1.49,2025-02-01T00:00:00,2025-02-10T00:00:00
IEM Katowice 2025,Katowice,8034,02/02/25,Vitality,FaZe,d2,37 - 23,+14,1.60,2025-02-01T00:00:00,2025-02-10T00:00:00
IEM Katowice 2025,Katowice,8034,02/02/25,Vitality,FaZe,anb,17 - 15,+2,1.02,2025-02-01T00:00:00,2025-02-10T00:00:00
IEM Katowice 2025,Katowice,8034,02/02/25,Vitality,FaZe,nuke,9 - 11,-2,0.93,2025-02-01T00:00:00,2025-02-10T00:00:00
IEM Katowice 2025,Katowice,8034,01/02/25,Vitality,3DMAX,nuke,19 - 12,+7,1.25,2025-02-01T00:00:00,2025-02-10T00:00:00
IEM Katowice 2025,Katowice,8034,01/02/25,Vitality,3DMAX,inf,26 - 23,+3,1.28,2025-02-01T00:00:00,2025-02-10T00:00:00
BLAST Bounty 2025 Season 1 Finals,Copenhagen,7909,24/01/25,Vitality,Eternal Fire,mrg,20 - 17,+3,1.32,2025-01-24T00:00:00,2025-01-25T00:00:00
BLAST Bounty 2025 Season 1 Finals,Copenhagen,7909,24/01/25,Vitality,Eternal Fire,anb,12 - 15,-3,0.80,2025-01-24T00:00:00,2025-01-25T00:00:00
Perfect World Shanghai Major 2024,Shanghai,7524,13/12/24,Vitality,FaZe,anb,21 - 15,+6,1.53,2024-12-05T00:00:00,2024-12-14T00:00:00
Perfect World Shanghai Major 2024,Shanghai,7524,13/12/24,Vitality,FaZe,mrg,12 - 12,0,0.94,2024-12-05T00:00:00,2024-12-14T00:00:00
Perfect World Shanghai Major 2024,Shanghai,7524,13/12/24,Vitality,FaZe,nuke,15 - 7,+8,1.40,2024-12-05T00:00:00,2024-12-14T00:00:00
Perfect World Shanghai Major 2024,Shanghai,7524,06/12/24,Vitality,MIBR,anb,14 - 9,+5,1.38,2024-12-05T00:00:00,2024-12-14T00:00:00
Perfect World Shanghai Major 2024,Shanghai,7524,06/12/24,Vitality,MIBR,mrg,11 - 8,+3,1.38,2024-12-05T00:00:00,2024-12-14T00:00:00
Perfect World Shanghai Major 2024,Shanghai,7524,05/12/24,Vitality,FURIA,mrg,24 - 11,+13,1.46,2024-12-05T00:00:00,2024-12-14T00:00:00
Perfect World Shanghai Major 2024,Shanghai,7524,05/12/24,Vitality,GamerLegion,mrg,24 - 9,+15,1.90,2024-12-05T00:00:00,2024-12-14T00:00:00
Perfect World Shanghai Major 2024 Europe RMR A,Shanghai,7864,18/11/24,Vitality,FaZe,d2,21 - 13,+8,1.53,2024-11-17T00:00:00,2024-11-19T00:00:00
Perfect World Shanghai Major 2024 Europe RMR A,Shanghai,7864,18/11/24,Vitality,FaZe,mrg,15 - 10,+5,1.22,2024-11-17T00:00:00,2024-11-19T00:00:00
Perfect World Shanghai Major 2024 Europe RMR A,Shanghai,7864,17/11/24,Vitality,BetBoom,nuke,10 - 10,0,0.83,2024-11-17T00:00:00,2024-11-19T00:00:00
Perfect World Shanghai Major 2024 Europe RMR A,Shanghai,7864,17/11/24,Vitality,GamerLegion,inf,21 - 9,+12,1.82,2024-11-17T00:00:00,2024-11-19T00:00:00
BLAST Premier World Final 2024,Sentosa,7557,02/11/24,Vitality,G2,mrg,13 - 14,-1,1.11,2024-10-30T00:00:00,2024-11-03T00:00:00
BLAST Premier World Final 2024,Sentosa,7557,02/11/24,Vitality,G2,inf,15 - 11,+4,1.46,2024-10-30T00:00:00,2024-11-03T00:00:00
BLAST Premier World Final 2024,Sentosa,7557,02/11/24,Vitality,G2,d2,21 - 16,+5,1.35,2024-10-30T00:00:00,2024-11-03T00:00:00
BLAST Premier World Final 2024,Sentosa,7557,01/11/24,Vitality,MOUZ,mrg,15 - 9,+6,1.33,2024-10-30T00:00:00,2024-11-03T00:00:00
BLAST Premier World Final 2024,Sentosa,7557,01/11/24,Vitality,MOUZ,d2,19 - 9,+10,1.57,2024-10-30T00:00:00,2024-11-03T00:00:00
BLAST Premier World Final 2024,Sentosa,7557,31/10/24,Vitality,Liquid,nuke,23 - 11,+12,1.74,2024-10-30T00:00:00,2024-11-03T00:00:00
BLAST Premier World Final 2024,Sentosa,7557,31/10/24,Vitality,Liquid,d2,7 - 7,0,1.04,2024-10-30T00:00:00,2024-11-03T00:00:00
BLAST Premier World Final 2024,Sentosa,7557,31/10/24,Vitality,Liquid,anb,23 - 13,+10,1.66,2024-10-30T00:00:00,2024-11-03T00:00:00
BLAST Premier World Final 2024,Sentosa,7557,30/10/24,Vitality,Spirit,mrg,22 - 17,+5,1.36,2024-10-30T00:00:00,2024-11-03T00:00:00
BLAST Premier World Final 2024,Sentosa,7557,30/10/24,Vitality,Spirit,anb,17 - 15,+2,1.41,2024-10-30T00:00:00,2024-11-03T00:00:00
IEM Rio 2024,Rio de Janeiro,7439,11/10/24,Vitality,MOUZ,inf,15 - 15,0,1.08,2024-10-07T00:00:00,2024-10-12T00:00:00
IEM Rio 2024,Rio de Janeiro,7439,11/10/24,Vitality,MOUZ,nuke,23 - 14,+9,1.18,2024-10-07T00:00:00,2024-10-12T00:00:00
IEM Rio 2024,Rio de Janeiro,7439,11/10/24,Vitality,MOUZ,mrg,19 - 10,+9,1.48,2024-10-07T00:00:00,2024-10-12T00:00:00
IEM Rio 2024,Rio de Janeiro,7439,09/10/24,Vitality,HEROIC,anb,11 - 12,-1,1.01,2024-10-07T00:00:00,2024-10-12T00:00:00
IEM Rio 2024,Rio de Janeiro,7439,09/10/24,Vitality,HEROIC,mrg,17 - 15,+2,1.14,2024-10-07T00:00:00,2024-10-12T00:00:00
IEM Rio 2024,Rio de Janeiro,7439,08/10/24,Vitality,The MongolZ,nuke,28 - 11,+17,2.22,2024-10-07T00:00:00,2024-10-12T00:00:00
IEM Rio 2024,Rio de Janeiro,7439,08/10/24,Vitality,The MongolZ,inf,41 - 18,+23,1.90,2024-10-07T00:00:00,2024-10-12T00:00:00
IEM Rio 2024,Rio de Janeiro,7439,07/10/24,Vitality,9z,mrg,12 - 8,+4,1.80,2024-10-07T00:00:00,2024-10-12T00:00:00
BLAST Premier Fall Final 2024,Copenhagen,7556,28/09/24,Vitality,G2,mrg,27 - 22,+5,1.37,2024-09-25T00:00:00,2024-09-29T00:00:00
BLAST Premier Fall Final 2024,Copenhagen,7556,28/09/24,Vitality,G2,d2,11 - 13,-2,0.90,2024-09-25T00:00:00,2024-09-29T00:00:00
BLAST Premier Fall Final 2024,Copenhagen,7556,28/09/24,Vitality,G2,anb,19 - 15,+4,1.22,2024-09-25T00:00:00,2024-09-29T00:00:00
BLAST Premier Fall Final 2024,Copenhagen,7556,26/09/24,Vitality,Liquid,nuke,22 - 11,+11,1.72,2024-09-25T00:00:00,2024-09-29T00:00:00
BLAST Premier Fall Final 2024,Copenhagen,7556,26/09/24,Vitality,Liquid,anb,27 - 15,+12,1.57,2024-09-25T00:00:00,2024-09-29T00:00:00
BLAST Premier Fall Final 2024,Copenhagen,7556,25/09/24,Vitality,Astralis,d2,16 - 8,+8,1.57,2024-09-25T00:00:00,2024-09-29T00:00:00
BLAST Premier Fall Final 2024,Copenhagen,7556,25/09/24,Vitality,Astralis,inf,15 - 3,+12,2.27,2024-09-25T00:00:00,2024-09-29T00:00:00
ESL Pro League Season 20,Valletta,7441,19/09/24,Vitality,Eternal Fire,inf,37 - 27,+10,1.40,2024-09-11T00:00:00,2024-09-20T00:00:00
ESL Pro League Season 20,Valletta,7441,19/09/24,Vitality,Eternal Fire,nuke,18 - 10,+8,1.43,2024-09-11T00:00:00,2024-09-20T00:00:00
ESL Pro League Season 20,Valletta,7441,19/09/24,Vitality,Eternal Fire,anb,30 - 18,+12,1.54,2024-09-11T00:00:00,2024-09-20T00:00:00
ESL Pro League Season 20,Valletta,7441,15/09/24,Vitality,Liquid,d2,13 - 14,-1,1.14,2024-09-11T00:00:00,2024-09-20T00:00:00
ESL Pro League Season 20,Valletta,7441,15/09/24,Vitality,Liquid,nuke,21 - 8,+13,1.90,2024-09-11T00:00:00,2024-09-20T00:00:00
ESL Pro League Season 20,Valletta,7441,15/09/24,Vitality,Liquid,anb,12 - 16,-4,0.94,2024-09-11T00:00:00,2024-09-20T00:00:00
ESL Pro League Season 20,Valletta,7441,12/09/24,Vitality,FURIA,d2,16 - 6,+10,1.87,2024-09-11T00:00:00,2024-09-20T00:00:00
ESL Pro League Season 20,Valletta,7441,12/09/24,Vitality,FURIA,vtg,15 - 11,+4,1.40,2024-09-11T00:00:00,2024-09-20T00:00:00
ESL Pro League Season 20,Valletta,7441,11/09/24,Vitality,ATOX,nuke,21 - 13,+8,1.54,2024-09-11T00:00:00,2024-09-20T00:00:00
ESL Pro League Season 20,Valletta,7441,11/09/24,Vitality,ATOX,inf,23 - 15,+8,1.41,2024-09-11T00:00:00,2024-09-20T00:00:00
IEM Cologne 2024,Cologne,7436,18/08/24,Vitality,Natus Vincere,inf,21 - 14,+7,1.67,2024-08-11T00:00:00,2024-08-19T00:00:00
IEM Cologne 2024,Cologne,7436,18/08/24,Vitality,Natus Vincere,mrg,36 - 27,+9,1.32,2024-08-11T00:00:00,2024-08-19T00:00:00
IEM Cologne 2024,Cologne,7436,18/08/24,Vitality,Natus Vincere,d2,22 - 15,+7,1.60,2024-08-11T00:00:00,2024-08-19T00:00:00
IEM Cologne 2024,Cologne,7436,18/08/24,Vitality,Natus Vincere,nuke,21 - 22,-1,1.10,2024-08-11T00:00:00,2024-08-19T00:00:00
IEM Cologne 2024,Cologne,7436,17/08/24,Vitality,SAW,d2,21 - 8,+13,1.66,2024-08-11T00:00:00,2024-08-19T00:00:00
IEM Cologne 2024,Cologne,7436,17/08/24,Vitality,SAW,nuke,14 - 10,+4,1.33,2024-08-11T00:00:00,2024-08-19T00:00:00
IEM Cologne 2024,Cologne,7436,13/08/24,Vitality,MOUZ,vtg,17 - 17,0,0.92,2024-08-11T00:00:00,2024-08-19T00:00:00
IEM Cologne 2024,Cologne,7436,13/08/24,Vitality,MOUZ,d2,21 - 8,+13,1.94,2024-08-11T00:00:00,2024-08-19T00:00:00
IEM Cologne 2024,Cologne,7436,12/08/24,Vitality,FaZe,anb,14 - 12,+2,0.81,2024-08-11T00:00:00,2024-08-19T00:00:00
IEM Cologne 2024,Cologne,7436,12/08/24,Vitality,FaZe,d2,16 - 17,-1,0.94,2024-08-11T00:00:00,2024-08-19T00:00:00
IEM Cologne 2024,Cologne,7436,12/08/24,Vitality,FaZe,inf,13 - 15,-2,0.93,2024-08-11T00:00:00,2024-08-19T00:00:00
IEM Cologne 2024,Cologne,7436,11/08/24,Vitality,FURIA,mrg,14 - 6,+8,1.69,2024-08-11T00:00:00,2024-08-19T00:00:00
IEM Cologne 2024,Cologne,7436,11/08/24,Vitality,FURIA,inf,18 - 4,+14,2.03,2024-08-11T00:00:00,2024-08-19T00:00:00
BLAST Premier Fall Groups 2024,Copenhagen,7554,03/08/24,Vitality,Astralis,nuke,24 - 9,+15,1.95,2024-07-29T00:00:00,2024-08-04T00:00:00
BLAST Premier Fall Groups 2024,Copenhagen,7554,03/08/24,Vitality,Astralis,mrg,20 - 13,+7,1.32,2024-07-29T00:00:00,2024-08-04T00:00:00
BLAST Premier Fall Groups 2024,Copenhagen,7554,03/08/24,Vitality,Astralis,vtg,22 - 15,+7,1.43,2024-07-29T00:00:00,2024-08-04T00:00:00
BLAST Premier Fall Groups 2024,Copenhagen,7554,30/07/24,Vitality,Astralis,d2,13 - 16,-3,0.79,2024-07-29T00:00:00,2024-08-04T00:00:00
BLAST Premier Fall Groups 2024,Copenhagen,7554,30/07/24,Vitality,Astralis,nuke,14 - 13,+1,1.30,2024-07-29T00:00:00,2024-08-04T00:00:00
BLAST Premier Fall Groups 2024,Copenhagen,7554,29/07/24,Vitality,GamerLegion,d2,25 - 6,+19,2.14,2024-07-29T00:00:00,2024-08-04T00:00:00
BLAST Premier Fall Groups 2024,Copenhagen,7554,29/07/24,Vitality,GamerLegion,mrg,20 - 25,-5,0.96,2024-07-29T00:00:00,2024-08-04T00:00:00
BLAST Premier Fall Groups 2024,Copenhagen,7554,29/07/24,Vitality,GamerLegion,anb,22 - 18,+4,1.14,2024-07-29T00:00:00,2024-08-04T00:00:00
Esports World Cup 2024,Riyadh,7732,19/07/24,Vitality,Virtus.pro,d2,13 - 15,-2,1.09,2024-07-17T00:00:00,2024-07-20T00:00:00
Esports World Cup 2024,Riyadh,7732,19/07/24,Vitality,Virtus.pro,inf,20 - 15,+5,1.61,2024-07-17T00:00:00,2024-07-20T00:00:00
Esports World Cup 2024,Riyadh,7732,19/07/24,Vitality,Virtus.pro,mrg,37 - 31,+6,1.26,2024-07-17T00:00:00,2024-07-20T00:00:00
Esports World Cup 2024,Riyadh,7732,17/07/24,Vitality,M80,d2,19 - 10,+9,1.69,2024-07-17T00:00:00,2024-07-20T00:00:00
Esports World Cup 2024,Riyadh,7732,17/07/24,Vitality,M80,vtg,24 - 11,+13,1.51,2024-07-17T00:00:00,2024-07-20T00:00:00
BLAST Premier Spring Final 2024,London,7485,15/06/24,Vitality,Spirit,anb,15 - 15,0,1.17,2024-06-12T00:00:00,2024-06-16T00:00:00
BLAST Premier Spring Final 2024,London,7485,15/06/24,Vitality,Spirit,d2,16 - 15,+1,1.00,2024-06-12T00:00:00,2024-06-16T00:00:00
BLAST Premier Spring Final 2024,London,7485,15/06/24,Vitality,Spirit,mrg,23 - 15,+8,1.34,2024-06-12T00:00:00,2024-06-16T00:00:00
BLAST Premier Spring Final 2024,London,7485,14/06/24,Vitality,FaZe,mrg,19 - 12,+7,1.72,2024-06-12T00:00:00,2024-06-16T00:00:00
BLAST Premier Spring Final 2024,London,7485,14/06/24,Vitality,FaZe,d2,14 - 15,-1,0.96,2024-06-12T00:00:00,2024-06-16T00:00:00
BLAST Premier Spring Final 2024,London,7485,14/06/24,Vitality,FaZe,inf,15 - 13,+2,1.16,2024-06-12T00:00:00,2024-06-16T00:00:00
BLAST Premier Spring Final 2024,London,7485,13/06/24,Vitality,G2,mrg,15 - 9,+6,1.41,2024-06-12T00:00:00,2024-06-16T00:00:00
BLAST Premier Spring Final 2024,London,7485,13/06/24,Vitality,G2,anb,21 - 14,+7,1.39,2024-06-12T00:00:00,2024-06-16T00:00:00
BLAST Premier Spring Final 2024,London,7485,13/06/24,Vitality,G2,inf,14 - 8,+6,1.28,2024-06-12T00:00:00,2024-06-16T00:00:00
BLAST Premier Spring Final 2024,London,7485,12/06/24,Vitality,Virtus.pro,anb,14 - 16,-2,0.99,2024-06-12T00:00:00,2024-06-16T00:00:00
BLAST Premier Spring Final 2024,London,7485,12/06/24,Vitality,Virtus.pro,d2,25 - 16,+9,1.32,2024-06-12T00:00:00,2024-06-16T00:00:00
BLAST Premier Spring Final 2024,London,7485,12/06/24,Vitality,Virtus.pro,inf,19 - 8,+11,1.69,2024-06-12T00:00:00,2024-06-16T00:00:00
IEM Dallas 2024,Dallas,7438,02/06/24,Vitality,G2,nuke,9 - 16,-7,0.56,2024-05-27T00:00:00,2024-06-03T00:00:00
IEM Dallas 2024,Dallas,7438,02/06/24,Vitality,G2,anb,22 - 20,+2,1.07,2024-05-27T00:00:00,2024-06-03T00:00:00
IEM Dallas 2024,Dallas,7438,02/06/24,Vitality,G2,inf,35 - 23,+12,1.38,2024-05-27T00:00:00,2024-06-03T00:00:00
IEM Dallas 2024,Dallas,7438,01/06/24,Vitality,Spirit,mrg,22 - 14,+8,1.54,2024-05-27T00:00:00,2024-06-03T00:00:00
IEM Dallas 2024,Dallas,7438,01/06/24,Vitality,Spirit,d2,22 - 10,+12,1.56,2024-05-27T00:00:00,2024-06-03T00:00:00
IEM Dallas 2024,Dallas,7438,31/05/24,Vitality,HEROIC,d2,16 - 4,+12,2.02,2024-05-27T00:00:00,2024-06-03T00:00:00
IEM Dallas 2024,Dallas,7438,31/05/24,Vitality,HEROIC,nuke,14 - 13,+1,0.94,2024-05-27T00:00:00,2024-06-03T00:00:00
IEM Dallas 2024,Dallas,7438,29/05/24,Vitality,9z,anb,28 - 21,+7,1.76,2024-05-27T00:00:00,2024-06-03T00:00:00
IEM Dallas 2024,Dallas,7438,29/05/24,Vitality,9z,d2,12 - 14,-2,0.80,2024-05-27T00:00:00,2024-06-03T00:00:00
IEM Dallas 2024,Dallas,7438,28/05/24,Vitality,G2,anb,11 - 11,0,1.06,2024-05-27T00:00:00,2024-06-03T00:00:00
IEM Dallas 2024,Dallas,7438,28/05/24,Vitality,G2,d2,17 - 10,+7,1.17,2024-05-27T00:00:00,2024-06-03T00:00:00
IEM Dallas 2024,Dallas,7438,27/05/24,Vitality,Monte,nuke,26 - 20,+6,1.66,2024-05-27T00:00:00,2024-06-03T00:00:00
ESL Pro League Season 19,Valletta,7440,12/05/24,Vitality,MOUZ,nuke,12 - 15,-3,1.15,2024-04-23T00:00:00,2024-05-13T00:00:00
ESL Pro League Season 19,Valletta,7440,12/05/24,Vitality,MOUZ,mrg,14 - 14,0,1.09,2024-04-23T00:00:00,2024-05-13T00:00:00
ESL Pro League Season 19,Valletta,7440,12/05/24,Vitality,MOUZ,inf,15 - 16,-1,1.06,2024-04-23T00:00:00,2024-05-13T00:00:00
ESL Pro League Season 19,Valletta,7440,11/05/24,Vitality,Astralis,inf,24 - 12,+12,1.68,2024-04-23T00:00:00,2024-05-13T00:00:00
ESL Pro League Season 19,Valletta,7440,11/05/24,Vitality,Astralis,vtg,28 - 17,+11,1.45,2024-04-23T00:00:00,2024-05-13T00:00:00
ESL Pro League Season 19,Valletta,7440,11/05/24,Vitality,Astralis,mrg,18 - 15,+3,1.14,2024-04-23T00:00:00,2024-05-13T00:00:00
ESL Pro League Season 19,Valletta,7440,10/05/24,Vitality,FaZe,vtg,30 - 15,+15,2.29,2024-04-23T00:00:00,2024-05-13T00:00:00
ESL Pro League Season 19,Valletta,7440,10/05/24,Vitality,FaZe,nuke,24 - 6,+18,2.69,2024-04-23T00:00:00,2024-05-13T00:00:00
ESL Pro League Season 19,Valletta,7440,28/04/24,Vitality,The MongolZ,nuke,18 - 11,+7,1.62,2024-04-23T00:00:00,2024-05-13T00:00:00
ESL Pro League Season 19,Valletta,7440,28/04/24,Vitality,The MongolZ,mrg,30 - 12,+18,2.03,2024-04-23T00:00:00,2024-05-13T00:00:00
ESL Pro League Season 19,Valletta,7440,25/04/24,Vitality,BetBoom,anb,28 - 12,+16,2.09,2024-04-23T00:00:00,2024-05-13T00:00:00
ESL Pro League Season 19,Valletta,7440,25/04/24,Vitality,BetBoom,mrg,22 - 6,+16,2.22,2024-04-23T00:00:00,2024-05-13T00:00:00
ESL Pro League Season 19,Valletta,7440,23/04/24,Vitality,Sharks,mrg,12 - 8,+4,1.32,2024-04-23T00:00:00,2024-05-13T00:00:00
ESL Pro League Season 19,Valletta,7440,23/04/24,Vitality,Sharks,vtg,16 - 12,+4,1.33,2024-04-23T00:00:00,2024-05-13T00:00:00
PGL CS2 Major Copenhagen 2024,Copenhagen,7148,30/03/24,Vitality,FaZe,inf,16 - 15,+1,1.05,2024-03-21T00:00:00,2024-03-31T00:00:00
PGL CS2 Major Copenhagen 2024,Copenhagen,7148,30/03/24,Vitality,FaZe,vtg,14 - 9,+5,1.69,2024-03-21T00:00:00,2024-03-31T00:00:00
PGL CS2 Major Copenhagen 2024,Copenhagen,7148,30/03/24,Vitality,FaZe,nuke,8 - 16,-8,0.82,2024-03-21T00:00:00,2024-03-31T00:00:00
PGL CS2 Major Copenhagen 2024,Copenhagen,7148,28/03/24,Vitality,Cloud9,anb,10 - 8,+2,1.53,2024-03-21T00:00:00,2024-03-31T00:00:00
PGL CS2 Major Copenhagen 2024,Copenhagen,7148,28/03/24,Vitality,Cloud9,inf,16 - 7,+9,1.25,2024-03-21T00:00:00,2024-03-31T00:00:00
PGL CS2 Major Copenhagen 2024,Copenhagen,7148,23/03/24,Vitality,Complexity,anb,8 - 17,-9,0.60,2024-03-21T00:00:00,2024-03-31T00:00:00
PGL CS2 Major Copenhagen 2024,Copenhagen,7148,23/03/24,Vitality,Complexity,vtg,16 - 13,+3,1.06,2024-03-21T00:00:00,2024-03-31T00:00:00
PGL CS2 Major Copenhagen 2024,Copenhagen,7148,23/03/24,Vitality,Complexity,inf,26 - 22,+4,1.14,2024-03-21T00:00:00,2024-03-31T00:00:00
PGL CS2 Major Copenhagen 2024,Copenhagen,7148,22/03/24,Vitality,Imperial,ovp,14 - 13,+1,1.21,2024-03-21T00:00:00,2024-03-31T00:00:00
PGL CS2 Major Copenhagen 2024,Copenhagen,7148,21/03/24,Vitality,The MongolZ,nuke,17 - 14,+3,1.14,2024-03-21T00:00:00,2024-03-31T00:00:00
PGL CS2 Major Copenhagen 2024,Copenhagen,7148,21/03/24,Vitality,Eternal Fire,inf,17 - 15,+2,1.34,2024-03-21T00:00:00,2024-03-31T00:00:00
PGL CS2 Major Copenhagen 2024 Europe RMR B,Bucharest,7577,21/02/24,Vitality,ENCE,nuke,12 - 10,+2,1.36,2024-02-19T00:00:00,2024-02-22T00:00:00
PGL CS2 Major Copenhagen 2024 Europe RMR B,Bucharest,7577,21/02/24,Vitality,ENCE,vtg,22 - 10,+12,1.70,2024-02-19T00:00:00,2024-02-22T00:00:00
PGL CS2 Major Copenhagen 2024 Europe RMR B,Bucharest,7577,20/02/24,Vitality,Cloud9,anb,13 - 15,-2,1.00,2024-02-19T00:00:00,2024-02-22T00:00:00
PGL CS2 Major Copenhagen 2024 Europe RMR B,Bucharest,7577,20/02/24,Vitality,Cloud9,inf,14 - 12,+2,1.16,2024-02-19T00:00:00,2024-02-22T00:00:00
PGL CS2 Major Copenhagen 2024 Europe RMR B,Bucharest,7577,20/02/24,Vitality,Cloud9,ovp,19 - 13,+6,1.50,2024-02-19T00:00:00,2024-02-22T00:00:00
PGL CS2 Major Copenhagen 2024 Europe RMR B,Bucharest,7577,19/02/24,Vitality,HEROIC,ovp,25 - 6,+19,2.18,2024-02-19T00:00:00,2024-02-22T00:00:00
PGL CS2 Major Copenhagen 2024 Europe RMR B,Bucharest,7577,19/02/24,Vitality,GamerLegion,nuke,24 - 4,+20,3.08,2024-02-19T00:00:00,2024-02-22T00:00:00
IEM Katowice 2024,Katowice,7435,05/02/24,Vitality,HEROIC,vtg,21 - 16,+5,1.20,2024-02-03T00:00:00,2024-02-06T00:00:00
IEM Katowice 2024,Katowice,7435,05/02/24,Vitality,HEROIC,anb,19 - 14,+5,1.21,2024-02-03T00:00:00,2024-02-06T00:00:00
IEM Katowice 2024,Katowice,7435,05/02/24,Vitality,HEROIC,mrg,20 - 20,0,1.07,2024-02-03T00:00:00,2024-02-06T00:00:00
IEM Katowice 2024,Katowice,7435,03/02/24,Vitality,ENCE,nuke,19 - 14,+5,1.47,2024-02-03T00:00:00,2024-02-06T00:00:00
IEM Katowice 2024,Katowice,7435,03/02/24,Vitality,ENCE,anb,13 - 9,+4,1.63,2024-02-03T00:00:00,2024-02-06T00:00:00
IEM Katowice 2024,Katowice,7435,03/02/24,Vitality,ENCE,vtg,13 - 14,-1,1.02,2024-02-03T00:00:00,2024-02-06T00:00:00
BLAST Premier Spring Groups 2024,Copenhagen,7552,27/01/24,Vitality,Astralis,nuke,22 - 7,+15,2.02,2024-01-22T00:00:00,2024-01-28T00:00:00
BLAST Premier Spring Groups 2024,Copenhagen,7552,27/01/24,Vitality,Astralis,mrg,30 - 18,+12,1.71,2024-01-22T00:00:00,2024-01-28T00:00:00
BLAST Premier Spring Groups 2024,Copenhagen,7552,27/01/24,Vitality,Astralis,inf,13 - 14,-1,0.98,2024-01-22T00:00:00,2024-01-28T00:00:00
BLAST Premier Spring Groups 2024,Copenhagen,7552,26/01/24,Vitality,Falcons,anb,19 - 12,+7,1.27,2024-01-22T00:00:00,2024-01-28T00:00:00
BLAST Premier Spring Groups 2024,Copenhagen,7552,26/01/24,Vitality,Falcons,vtg,24 - 11,+13,2.07,2024-01-22T00:00:00,2024-01-28T00:00:00
BLAST Premier Spring Groups 2024,Copenhagen,7552,26/01/24,Vitality,Falcons,nuke,31 - 25,+6,1.25,2024-01-22T00:00:00,2024-01-28T00:00:00
BLAST Premier Spring Groups 2024,Copenhagen,7552,23/01/24,Vitality,Astralis,ovp,17 - 13,+4,1.78,2024-01-22T00:00:00,2024-01-28T00:00:00
BLAST Premier Spring Groups 2024,Copenhagen,7552,23/01/24,Vitality,Astralis,vtg,23 - 8,+15,2.18,2024-01-22T00:00:00,2024-01-28T00:00:00
BLAST Premier Spring Groups 2024,Copenhagen,7552,23/01/24,Vitality,Astralis,mrg,17 - 13,+4,1.08,2024-01-22T00:00:00,2024-01-28T00:00:00
BLAST Premier Spring Groups 2024,Copenhagen,7552,22/01/24,Vitality,OG,inf,16 - 12,+4,1.10,2024-01-22T00:00:00,2024-01-28T00:00:00
BLAST Premier Spring Groups 2024,Copenhagen,7552,22/01/24,Vitality,OG,mrg,17 - 4,+13,2.21,2024-01-22T00:00:00,2024-01-28T00:00:00
BLAST Premier World Final 2023,"Abu Dhabi, UAE",6976,17/12/23,Vitality,FaZe,nuke,21 - 10,+11,2.20,2023-12-13T00:00:00,2023-12-18T00:00:00
BLAST Premier World Final 2023,"Abu Dhabi, UAE",6976,17/12/23,Vitality,FaZe,inf,17 - 9,+8,1.67,2023-12-13T00:00:00,2023-12-18T00:00:00
BLAST Premier World Final 2023,"Abu Dhabi, UAE",6976,16/12/23,Vitality,Natus Vincere,inf,18 - 12,+6,1.38,2023-12-13T00:00:00,2023-12-18T00:00:00
BLAST Premier World Final 2023,"Abu Dhabi, UAE",6976,16/12/23,Vitality,Natus Vincere,anb,17 - 6,+11,1.53,2023-12-13T00:00:00,2023-12-18T00:00:00
BLAST Premier World Final 2023,"Abu Dhabi, UAE",6976,14/12/23,Vitality,Cloud9,inf,20 - 8,+12,1.64,2023-12-13T00:00:00,2023-12-18T00:00:00
BLAST Premier World Final 2023,"Abu Dhabi, UAE",6976,14/12/23,Vitality,Cloud9,anb,18 - 13,+5,0.93,2023-12-13T00:00:00,2023-12-18T00:00:00
BLAST Premier World Final 2023,"Abu Dhabi, UAE",6976,13/12/23,Vitality,Natus Vincere,ovp,14 - 10,+4,1.32,2023-12-13T00:00:00,2023-12-18T00:00:00
BLAST Premier World Final 2023,"Abu Dhabi, UAE",6976,13/12/23,Vitality,Natus Vincere,anb,14 - 16,-2,0.89,2023-12-13T00:00:00,2023-12-18T00:00:00
BLAST Premier Fall Final 2023,Copenhagen,6975,26/11/23,Vitality,FaZe,nuke,21 - 13,+8,1.28,2023-11-22T00:00:00,2023-11-27T00:00:00
BLAST Premier Fall Final 2023,Copenhagen,6975,26/11/23,Vitality,FaZe,vtg,10 - 8,+2,1.12,2023-11-22T00:00:00,2023-11-27T00:00:00
BLAST Premier Fall Final 2023,Copenhagen,6975,25/11/23,Vitality,Cloud9,inf,21 - 15,+6,1.11,2023-11-22T00:00:00,2023-11-27T00:00:00
BLAST Premier Fall Final 2023,Copenhagen,6975,25/11/23,Vitality,Cloud9,nuke,15 - 13,+2,1.16,2023-11-22T00:00:00,2023-11-27T00:00:00
BLAST Premier Fall Final 2023,Copenhagen,6975,25/11/23,Vitality,Cloud9,mrg,26 - 14,+12,1.43,2023-11-22T00:00:00,2023-11-27T00:00:00
BLAST Premier Fall Final 2023,Copenhagen,6975,23/11/23,Vitality,Complexity,inf,24 - 10,+14,2.44,2023-11-22T00:00:00,2023-11-27T00:00:00
BLAST Premier Fall Final 2023,Copenhagen,6975,23/11/23,Vitality,Complexity,nuke,24 - 21,+3,1.12,2023-11-22T00:00:00,2023-11-27T00:00:00
BLAST Premier Fall Final 2023,Copenhagen,6975,23/11/23,Vitality,Complexity,anb,14 - 5,+9,2.01,2023-11-22T00:00:00,2023-11-27T00:00:00
BLAST Premier Fall Final 2023,Copenhagen,6975,22/11/23,Vitality,HEROIC,inf,15 - 10,+5,1.25,2023-11-22T00:00:00,2023-11-27T00:00:00
BLAST Premier Fall Final 2023,Copenhagen,6975,22/11/23,Vitality,HEROIC,nuke,10 - 11,-1,0.96,2023-11-22T00:00:00,2023-11-27T00:00:00
IEM Sydney 2023,Sydney,6865,16/10/23,Vitality,FaZe,nuke,18 - 18,0,1.17,2023-10-16T00:00:00,2023-10-17T00:00:00
IEM Sydney 2023,Sydney,6865,16/10/23,Vitality,FaZe,inf,20 - 15,+5,1.18,2023-10-16T00:00:00,2023-10-17T00:00:00
IEM Sydney 2023,Sydney,6865,16/10/23,Vitality,FaZe,ovp,21 - 21,0,0.96,2023-10-16T00:00:00,2023-10-17T00:00:00
IEM Sydney 2023,Sydney,6865,16/10/23,Vitality,BetBoom,mrg,22 - 22,0,0.98,2023-10-16T00:00:00,2023-10-17T00:00:00
ESL Pro League Season 18,Valletta,6863,28/09/23,Vitality,Monte,nuke,27 - 24,+3,1.24,2023-08-30T00:00:00,2023-09-29T00:00:00
ESL Pro League Season 18,Valletta,6863,28/09/23,Vitality,Monte,anb,19 - 18,+1,1.02,2023-08-30T00:00:00,2023-09-29T00:00:00
ESL Pro League Season 18,Valletta,6863,03/09/23,Vitality,Movistar Riders,inf,25 - 12,+13,1.54,2023-08-30T00:00:00,2023-09-29T00:00:00
ESL Pro League Season 18,Valletta,6863,03/09/23,Vitality,Movistar Riders,ovp,23 - 17,+6,1.29,2023-08-30T00:00:00,2023-09-29T00:00:00
ESL Pro League Season 18,Valletta,6863,31/08/23,Vitality,Ninjas in Pyjamas,nuke,21 - 14,+7,1.25,2023-08-30T00:00:00,2023-09-29T00:00:00
ESL Pro League Season 18,Valletta,6863,31/08/23,Vitality,Ninjas in Pyjamas,mrg,14 - 7,+7,1.47,2023-08-30T00:00:00,2023-09-29T00:00:00
ESL Pro League Season 18,Valletta,6863,30/08/23,Vitality,ORKS,nuke,12 - 12,0,1.08,2023-08-30T00:00:00,2023-09-29T00:00:00
ESL Pro League Season 18,Valletta,6863,30/08/23,Vitality,ORKS,mrg,28 - 12,+16,1.70,2023-08-30T00:00:00,2023-09-29T00:00:00
Gamers8 2023,Riyadh,7128,20/08/23,Vitality,ENCE,nuke,22 - 13,+9,1.56,2023-08-16T00:00:00,2023-08-21T00:00:00
Gamers8 2023,Riyadh,7128,20/08/23,Vitality,ENCE,mrg,28 - 17,+11,1.35,2023-08-16T00:00:00,2023-08-21T00:00:00
Gamers8 2023,Riyadh,7128,20/08/23,Vitality,ENCE,anb,16 - 14,+2,1.12,2023-08-16T00:00:00,2023-08-21T00:00:00
Gamers8 2023,Riyadh,7128,19/08/23,Vitality,G2,mrg,26 - 19,+7,1.25,2023-08-16T00:00:00,2023-08-21T00:00:00
Gamers8 2023,Riyadh,7128,19/08/23,Vitality,G2,anb,18 - 19,-1,1.12,2023-08-16T00:00:00,2023-08-21T00:00:00
Gamers8 2023,Riyadh,7128,19/08/23,Vitality,G2,inf,15 - 13,+2,1.00,2023-08-16T00:00:00,2023-08-21T00:00:00
Gamers8 2023,Riyadh,7128,17/08/23,Vitality,Natus Vincere,nuke,20 - 16,+4,1.21,2023-08-16T00:00:00,2023-08-21T00:00:00
Gamers8 2023,Riyadh,7128,17/08/23,Vitality,Natus Vincere,mrg,9 - 8,+1,0.98,2023-08-16T00:00:00,2023-08-21T00:00:00
Gamers8 2023,Riyadh,7128,16/08/23,Vitality,MIBR,inf,21 - 11,+10,1.50,2023-08-16T00:00:00,2023-08-21T00:00:00
Gamers8 2023,Riyadh,7128,16/08/23,Vitality,MIBR,anb,21 - 10,+11,1.58,2023-08-16T00:00:00,2023-08-21T00:00:00
IEM Cologne 2023,Cologne,6811,05/08/23,Vitality,ENCE,vtg,11 - 19,-8,0.61,2023-07-30T00:00:00,2023-08-06T00:00:00
IEM Cologne 2023,Cologne,6811,05/08/23,Vitality,ENCE,nuke,24 - 16,+8,1.29,2023-07-30T00:00:00,2023-08-06T00:00:00
IEM Cologne 2023,Cologne,6811,05/08/23,Vitality,ENCE,mrg,23 - 21,+2,1.13,2023-07-30T00:00:00,2023-08-06T00:00:00
IEM Cologne 2023,Cologne,6811,04/08/23,Vitality,Cloud9,inf,35 - 20,+15,1.60,2023-07-30T00:00:00,2023-08-06T00:00:00
IEM Cologne 2023,Cologne,6811,04/08/23,Vitality,Cloud9,mrg,21 - 15,+6,1.28,2023-07-30T00:00:00,2023-08-06T00:00:00
IEM Cologne 2023,Cologne,6811,01/08/23,Vitality,G2,mrg,16 - 16,0,1.03,2023-07-30T00:00:00,2023-08-06T00:00:00
IEM Cologne 2023,Cologne,6811,01/08/23,Vitality,G2,vtg,16 - 17,-1,1.12,2023-07-30T00:00:00,2023-08-06T00:00:00
IEM Cologne 2023,Cologne,6811,01/08/23,Vitality,G2,inf,22 - 19,+3,1.16,2023-07-30T00:00:00,2023-08-06T00:00:00
IEM Cologne 2023,Cologne,6811,31/07/23,Vitality,MOUZ,mrg,16 - 11,+5,1.52,2023-07-30T00:00:00,2023-08-06T00:00:00
IEM Cologne 2023,Cologne,6811,31/07/23,Vitality,MOUZ,inf,22 - 10,+12,1.90,2023-07-30T00:00:00,2023-08-06T00:00:00
IEM Cologne 2023,Cologne,6811,30/07/23,Vitality,OG,anb,22 - 17,+5,1.23,2023-07-30T00:00:00,2023-08-06T00:00:00
IEM Cologne 2023,Cologne,6811,30/07/23,Vitality,OG,mrg,17 - 8,+9,1.36,2023-07-30T00:00:00,2023-08-06T00:00:00
BLAST Premier Fall Groups 2023,Copenhagen,6973,23/07/23,Vitality,BIG,inf,21 - 15,+6,1.34,2023-07-13T00:00:00,2023-07-24T00:00:00
BLAST Premier Fall Groups 2023,Copenhagen,6973,23/07/23,Vitality,BIG,anb,24 - 18,+6,1.34,2023-07-13T00:00:00,2023-07-24T00:00:00
BLAST Premier Fall Groups 2023,Copenhagen,6973,19/07/23,Vitality,Ninjas in Pyjamas,ovp,20 - 17,+3,1.05,2023-07-13T00:00:00,2023-07-24T00:00:00
BLAST Premier Fall Groups 2023,Copenhagen,6973,19/07/23,Vitality,Ninjas in Pyjamas,mrg,30 - 16,+14,1.55,2023-07-13T00:00:00,2023-07-24T00:00:00
BLAST Premier Fall Groups 2023,Copenhagen,6973,15/07/23,Vitality,Complexity,vtg,20 - 8,+12,1.57,2023-07-13T00:00:00,2023-07-24T00:00:00
BLAST Premier Fall Groups 2023,Copenhagen,6973,15/07/23,Vitality,Complexity,inf,16 - 6,+10,1.65,2023-07-13T00:00:00,2023-07-24T00:00:00
BLAST Premier Fall Groups 2023,Copenhagen,6973,13/07/23,Vitality,Evil Geniuses,vtg,14 - 4,+10,1.66,2023-07-13T00:00:00,2023-07-24T00:00:00
BLAST Premier Fall Groups 2023,Copenhagen,6973,13/07/23,Vitality,Evil Geniuses,ovp,15 - 11,+4,1.11,2023-07-13T00:00:00,2023-07-24T00:00:00
BLAST Premier Spring Final 2023,"Washington, D.C., US",6972,11/06/23,Vitality,HEROIC,inf,21 - 15,+6,1.42,2023-06-07T00:00:00,2023-06-12T00:00:00
BLAST Premier Spring Final 2023,"Washington, D.C., US",6972,11/06/23,Vitality,HEROIC,mrg,21 - 15,+6,1.30,2023-06-07T00:00:00,2023-06-12T00:00:00
BLAST Premier Spring Final 2023,"Washington, D.C., US",6972,11/06/23,Vitality,HEROIC,vtg,10 - 20,-10,0.66,2023-06-07T00:00:00,2023-06-12T00:00:00
BLAST Premier Spring Final 2023,"Washington, D.C., US",6972,11/06/23,Vitality,G2,nuke,16 - 18,-2,1.04,2023-06-07T00:00:00,2023-06-12T00:00:00
BLAST Premier Spring Final 2023,"Washington, D.C., US",6972,11/06/23,Vitality,G2,inf,23 - 16,+7,1.46,2023-06-07T00:00:00,2023-06-12T00:00:00
BLAST Premier Spring Final 2023,"Washington, D.C., US",6972,11/06/23,Vitality,G2,anb,18 - 14,+4,1.05,2023-06-07T00:00:00,2023-06-12T00:00:00
BLAST Premier Spring Final 2023,"Washington, D.C., US",6972,09/06/23,Vitality,FaZe,mrg,14 - 8,+6,1.21,2023-06-07T00:00:00,2023-06-12T00:00:00
BLAST Premier Spring Final 2023,"Washington, D.C., US",6972,09/06/23,Vitality,FaZe,anb,34 - 27,+7,1.36,2023-06-07T00:00:00,2023-06-12T00:00:00
BLAST Premier Spring Final 2023,"Washington, D.C., US",6972,08/06/23,Vitality,Cloud9,anb,27 - 21,+6,1.32,2023-06-07T00:00:00,2023-06-12T00:00:00
BLAST Premier Spring Final 2023,"Washington, D.C., US",6972,08/06/23,Vitality,Cloud9,ovp,27 - 14,+13,1.45,2023-06-07T00:00:00,2023-06-12T00:00:00
BLAST Premier Spring Final 2023,"Washington, D.C., US",6972,07/06/23,Vitality,Imperial,vtg,22 - 22,0,1.07,2023-06-07T00:00:00,2023-06-12T00:00:00
BLAST Premier Spring Final 2023,"Washington, D.C., US",6972,07/06/23,Vitality,Imperial,ovp,13 - 16,-3,0.78,2023-06-07T00:00:00,2023-06-12T00:00:00
BLAST.tv Paris Major 2023,Paris,6793,21/05/23,Vitality,GamerLegion,nuke,29 - 15,+14,1.60,2023-05-13T00:00:00,2023-05-22T00:00:00
BLAST.tv Paris Major 2023,Paris,6793,21/05/23,Vitality,GamerLegion,ovp,19 - 13,+6,1.47,2023-05-13T00:00:00,2023-05-22T00:00:00
BLAST.tv Paris Major 2023,Paris,6793,20/05/23,Vitality,Apeks,vtg,23 - 16,+7,1.22,2023-05-13T00:00:00,2023-05-22T00:00:00
BLAST.tv Paris Major 2023,Paris,6793,20/05/23,Vitality,Apeks,mrg,27 - 20,+7,1.29,2023-05-13T00:00:00,2023-05-22T00:00:00
BLAST.tv Paris Major 2023,Paris,6793,18/05/23,Vitality,Into the Breach,anb,26 - 12,+14,1.70,2023-05-13T00:00:00,2023-05-22T00:00:00
BLAST.tv Paris Major 2023,Paris,6793,18/05/23,Vitality,Into the Breach,vtg,20 - 14,+6,1.20,2023-05-13T00:00:00,2023-05-22T00:00:00
BLAST.tv Paris Major 2023,Paris,6793,14/05/23,Vitality,Monte,nuke,24 - 20,+4,1.26,2023-05-13T00:00:00,2023-05-22T00:00:00
BLAST.tv Paris Major 2023,Paris,6793,14/05/23,Vitality,Monte,anb,20 - 12,+8,1.33,2023-05-13T00:00:00,2023-05-22T00:00:00
BLAST.tv Paris Major 2023,Paris,6793,13/05/23,Vitality,ENCE,vtg,28 - 16,+12,1.33,2023-05-13T00:00:00,2023-05-22T00:00:00
BLAST.tv Paris Major 2023,Paris,6793,13/05/23,Vitality,G2,nuke,30 - 16,+14,1.60,2023-05-13T00:00:00,2023-05-22T00:00:00
IEM Rio 2023,Rio de Janeiro,6864,23/04/23,Vitality,HEROIC,inf,23 - 17,+6,1.38,2023-04-17T00:00:00,2023-04-24T00:00:00
IEM Rio 2023,Rio de Janeiro,6864,23/04/23,Vitality,HEROIC,vtg,15 - 14,+1,1.13,2023-04-17T00:00:00,2023-04-24T00:00:00
IEM Rio 2023,Rio de Janeiro,6864,22/04/23,Vitality,Cloud9,ovp,31 - 11,+20,1.96,2023-04-17T00:00:00,2023-04-24T00:00:00
IEM Rio 2023,Rio de Janeiro,6864,22/04/23,Vitality,Cloud9,vtg,24 - 21,+3,1.11,2023-04-17T00:00:00,2023-04-24T00:00:00
IEM Rio 2023,Rio de Janeiro,6864,22/04/23,Vitality,Cloud9,inf,12 - 14,-2,1.04,2023-04-17T00:00:00,2023-04-24T00:00:00
IEM Rio 2023,Rio de Janeiro,6864,21/04/23,Vitality,BIG,mrg,25 - 15,+10,1.46,2023-04-17T00:00:00,2023-04-24T00:00:00
IEM Rio 2023,Rio de Janeiro,6864,21/04/23,Vitality,BIG,nuke,17 - 16,+1,1.02,2023-04-17T00:00:00,2023-04-24T00:00:00
IEM Rio 2023,Rio de Janeiro,6864,20/04/23,Vitality,OG,ovp,21 - 12,+9,1.32,2023-04-17T00:00:00,2023-04-24T00:00:00
IEM Rio 2023,Rio de Janeiro,6864,20/04/23,Vitality,OG,inf,33 - 12,+21,2.31,2023-04-17T00:00:00,2023-04-24T00:00:00
IEM Rio 2023,Rio de Janeiro,6864,20/04/23,Vitality,OG,mrg,18 - 18,0,1.02,2023-04-17T00:00:00,2023-04-24T00:00:00
IEM Rio 2023,Rio de Janeiro,6864,19/04/23,Vitality,FaZe,ovp,16 - 14,+2,1.10,2023-04-17T00:00:00,2023-04-24T00:00:00
IEM Rio 2023,Rio de Janeiro,6864,19/04/23,Vitality,FaZe,anb,27 - 21,+6,1.30,2023-04-17T00:00:00,2023-04-24T00:00:00
IEM Rio 2023,Rio de Janeiro,6864,18/04/23,Vitality,MIBR,nuke,22 - 11,+11,1.57,2023-04-17T00:00:00,2023-04-24T00:00:00
IEM Rio 2023,Rio de Janeiro,6864,18/04/23,Vitality,MIBR,anb,30 - 11,+19,1.65,2023-04-17T00:00:00,2023-04-24T00:00:00
IEM Rio 2023,Rio de Janeiro,6864,17/04/23,Vitality,OG,ovp,23 - 21,+2,1.01,2023-04-17T00:00:00,2023-04-24T00:00:00
BLAST.tv Paris Major 2023 Europe RMR B,Copenhagen,6978,15/04/23,Vitality,Monte,mrg,20 - 8,+12,1.56,2023-04-11T00:00:00,2023-04-16T00:00:00
BLAST.tv Paris Major 2023 Europe RMR B,Copenhagen,6978,15/04/23,Vitality,Monte,nuke,19 - 17,+2,1.12,2023-04-11T00:00:00,2023-04-16T00:00:00
BLAST.tv Paris Major 2023 Europe RMR B,Copenhagen,6978,14/04/23,Vitality,G2,anb,20 - 9,+11,1.48,2023-04-11T00:00:00,2023-04-16T00:00:00
BLAST.tv Paris Major 2023 Europe RMR B,Copenhagen,6978,14/04/23,Vitality,G2,mrg,26 - 15,+11,1.59,2023-04-11T00:00:00,2023-04-16T00:00:00
BLAST.tv Paris Major 2023 Europe RMR B,Copenhagen,6978,13/04/23,Vitality,BIG,ovp,20 - 10,+10,1.42,2023-04-11T00:00:00,2023-04-16T00:00:00
BLAST.tv Paris Major 2023 Europe RMR B,Copenhagen,6978,13/04/23,Vitality,BIG,nuke,22 - 10,+12,1.49,2023-04-11T00:00:00,2023-04-16T00:00:00
BLAST.tv Paris Major 2023 Europe RMR B,Copenhagen,6978,13/04/23,Vitality,BIG,mrg,20 - 15,+5,1.23,2023-04-11T00:00:00,2023-04-16T00:00:00
BLAST.tv Paris Major 2023 Europe RMR B,Copenhagen,6978,12/04/23,Vitality,9INE,anb,18 - 21,-3,0.94,2023-04-11T00:00:00,2023-04-16T00:00:00
BLAST.tv Paris Major 2023 Europe RMR B,Copenhagen,6978,12/04/23,Vitality,9INE,vtg,27 - 22,+5,1.37,2023-04-11T00:00:00,2023-04-16T00:00:00
BLAST.tv Paris Major 2023 Europe RMR B,Copenhagen,6978,11/04/23,Vitality,Ninjas in Pyjamas,vtg,23 - 15,+8,1.27,2023-04-11T00:00:00,2023-04-16T00:00:00
BLAST.tv Paris Major 2023 Europe RMR B,Copenhagen,6978,11/04/23,Vitality,Astralis,vtg,21 - 17,+4,1.22,2023-04-11T00:00:00,2023-04-16T00:00:00
ESL Pro League Season 17,Valletta,6862,23/03/23,Vitality,ENCE,vtg,34 - 17,+17,1.72,2023-03-08T00:00:00,2023-03-24T00:00:00
ESL Pro League Season 17,Valletta,6862,23/03/23,Vitality,ENCE,ovp,12 - 18,-6,0.75,2023-03-08T00:00:00,2023-03-24T00:00:00
ESL Pro League Season 17,Valletta,6862,23/03/23,Vitality,ENCE,nuke,24 - 18,+6,1.30,2023-03-08T00:00:00,2023-03-24T00:00:00
ESL Pro League Season 17,Valletta,6862,12/03/23,Vitality,FaZe,nuke,38 - 21,+17,1.69,2023-03-08T00:00:00,2023-03-24T00:00:00
ESL Pro League Season 17,Valletta,6862,12/03/23,Vitality,FaZe,anb,23 - 19,+4,1.17,2023-03-08T00:00:00,2023-03-24T00:00:00
ESL Pro League Season 17,Valletta,6862,09/03/23,Vitality,OG,vtg,23 - 11,+12,1.71,2023-03-08T00:00:00,2023-03-24T00:00:00
ESL Pro League Season 17,Valletta,6862,09/03/23,Vitality,OG,anb,21 - 5,+16,1.71,2023-03-08T00:00:00,2023-03-24T00:00:00
ESL Pro League Season 17,Valletta,6862,08/03/23,Vitality,Grayhound,vtg,16 - 10,+6,1.47,2023-03-08T00:00:00,2023-03-24T00:00:00
ESL Pro League Season 17,Valletta,6862,08/03/23,Vitality,Grayhound,inf,30 - 8,+22,2.35,2023-03-08T00:00:00,2023-03-24T00:00:00
IEM Katowice 2023,Katowice,6809,10/02/23,Vitality,Liquid,mrg,16 - 19,-3,0.91,2023-02-04T00:00:00,2023-02-11T00:00:00
IEM Katowice 2023,Katowice,6809,10/02/23,Vitality,Liquid,nuke,27 - 13,+14,1.99,2023-02-04T00:00:00,2023-02-11T00:00:00
IEM Katowice 2023,Katowice,6809,10/02/23,Vitality,Liquid,ovp,22 - 25,-3,0.86,2023-02-04T00:00:00,2023-02-11T00:00:00
IEM Katowice 2023,Katowice,6809,07/02/23,Vitality,HEROIC,ovp,12 - 16,-4,0.71,2023-02-04T00:00:00,2023-02-11T00:00:00
IEM Katowice 2023,Katowice,6809,07/02/23,Vitality,HEROIC,inf,19 - 18,+1,1.32,2023-02-04T00:00:00,2023-02-11T00:00:00
IEM Katowice 2023,Katowice,6809,06/02/23,Vitality,fnatic,nuke,28 - 14,+14,1.56,2023-02-04T00:00:00,2023-02-11T00:00:00
IEM Katowice 2023,Katowice,6809,06/02/23,Vitality,fnatic,mrg,26 - 18,+8,1.57,2023-02-04T00:00:00,2023-02-11T00:00:00
IEM Katowice 2023,Katowice,6809,06/02/23,Vitality,fnatic,ovp,20 - 15,+5,1.20,2023-02-04T00:00:00,2023-02-11T00:00:00
IEM Katowice 2023,Katowice,6809,04/02/23,Vitality,Ninjas in Pyjamas,inf,24 - 14,+10,1.72,2023-02-04T00:00:00,2023-02-11T00:00:00
IEM Katowice 2023,Katowice,6809,04/02/23,Vitality,Ninjas in Pyjamas,mrg,23 - 17,+6,1.28,2023-02-04T00:00:00,2023-02-11T00:00:00
BLAST Premier Spring Groups 2023,Copenhagen,6970,25/01/23,Vitality,HEROIC,vtg,19 - 11,+8,1.34,2023-01-19T00:00:00,2023-01-26T00:00:00
BLAST Premier Spring Groups 2023,Copenhagen,6970,25/01/23,Vitality,HEROIC,nuke,20 - 17,+3,1.26,2023-01-19T00:00:00,2023-01-26T00:00:00
BLAST Premier Spring Groups 2023,Copenhagen,6970,25/01/23,Vitality,HEROIC,mrg,24 - 11,+13,1.49,2023-01-19T00:00:00,2023-01-26T00:00:00
BLAST Premier Spring Groups 2023,Copenhagen,6970,21/01/23,Vitality,Evil Geniuses,inf,22 - 7,+15,2.35,2023-01-19T00:00:00,2023-01-26T00:00:00
BLAST Premier Spring Groups 2023,Copenhagen,6970,21/01/23,Vitality,Evil Geniuses,ovp,25 - 13,+12,1.59,2023-01-19T00:00:00,2023-01-26T00:00:00
BLAST Premier Spring Groups 2023,Copenhagen,6970,19/01/23,Vitality,Astralis,vtg,30 - 19,+11,1.31,2023-01-19T00:00:00,2023-01-26T00:00:00
BLAST Premier Spring Groups 2023,Copenhagen,6970,19/01/23,Vitality,Astralis,ovp,18 - 15,+3,1.05,2023-01-19T00:00:00,2023-01-26T00:00:00
BLAST Premier World Final 2022,"Abu Dhabi, UAE",6349,16/12/22,Vitality,G2,anb,19 - 18,+1,1.00,2022-12-14T00:00:00,2022-12-17T00:00:00
BLAST Premier World Final 2022,"Abu Dhabi, UAE",6349,16/12/22,Vitality,G2,vtg,21 - 16,+5,1.15,2022-12-14T00:00:00,2022-12-17T00:00:00
BLAST Premier World Final 2022,"Abu Dhabi, UAE",6349,16/12/22,Vitality,G2,nuke,11 - 13,-2,0.75,2022-12-14T00:00:00,2022-12-17T00:00:00
BLAST Premier World Final 2022,"Abu Dhabi, UAE",6349,15/12/22,Vitality,OG,mrg,24 - 15,+9,1.44,2022-12-14T00:00:00,2022-12-17T00:00:00
BLAST Premier World Final 2022,"Abu Dhabi, UAE",6349,15/12/22,Vitality,OG,inf,20 - 19,+1,1.04,2022-12-14T00:00:00,2022-12-17T00:00:00
BLAST Premier World Final 2022,"Abu Dhabi, UAE",6349,14/12/22,Vitality,Natus Vincere,nuke,18 - 11,+7,1.28,2022-12-14T00:00:00,2022-12-17T00:00:00
BLAST Premier World Final 2022,"Abu Dhabi, UAE",6349,14/12/22,Vitality,Natus Vincere,inf,28 - 18,+10,1.39,2022-12-14T00:00:00,2022-12-17T00:00:00
La Coupe 3 Paris 2022,Paris,6892,20/11/22,Prodigy,GenOne,inf,22 - 16,+6,1.21,2022-11-20T00:00:00,2022-11-21T00:00:00
La Coupe 3 Paris 2022,Paris,6892,20/11/22,Prodigy,GenOne,anc,21 - 16,+5,1.28,2022-11-20T00:00:00,2022-11-21T00:00:00
La Coupe 3 Paris 2022,Paris,6892,20/11/22,Prodigy,The Prodigies,anc,21 - 15,+6,1.73,2022-11-20T00:00:00,2022-11-21T00:00:00
La Coupe 3 Paris 2022,Paris,6892,20/11/22,Prodigy,LDLC,vtg,21 - 20,+1,1.22,2022-11-20T00:00:00,2022-11-21T00:00:00
IEM Rio Major 2022,Rio de Janeiro,6586,07/11/22,Vitality,ENCE,nuke,18 - 23,-5,0.80,2022-11-05T00:00:00,2022-11-08T00:00:00
IEM Rio Major 2022,Rio de Janeiro,6586,07/11/22,Vitality,ENCE,vtg,22 - 19,+3,1.12,2022-11-05T00:00:00,2022-11-08T00:00:00
IEM Rio Major 2022,Rio de Janeiro,6586,06/11/22,Vitality,MOUZ,mrg,24 - 20,+4,1.00,2022-11-05T00:00:00,2022-11-08T00:00:00
IEM Rio Major 2022,Rio de Janeiro,6586,06/11/22,Vitality,FaZe,inf,24 - 10,+14,1.84,2022-11-05T00:00:00,2022-11-08T00:00:00
IEM Rio Major 2022,Rio de Janeiro,6586,05/11/22,Vitality,Natus Vincere,mrg,31 - 31,0,1.03,2022-11-05T00:00:00,2022-11-08T00:00:00
IEM Rio Major 2022 Challengers Stage,Rio de Janeiro,6588,03/11/22,Vitality,OG,d2,27 - 12,+15,1.86,2022-10-31T00:00:00,2022-11-04T00:00:00
IEM Rio Major 2022 Challengers Stage,Rio de Janeiro,6588,03/11/22,Vitality,OG,inf,9 - 10,-1,1.01,2022-10-31T00:00:00,2022-11-04T00:00:00
IEM Rio Major 2022 Challengers Stage,Rio de Janeiro,6588,03/11/22,Vitality,OG,vtg,24 - 19,+5,1.19,2022-10-31T00:00:00,2022-11-04T00:00:00
IEM Rio Major 2022 Challengers Stage,Rio de Janeiro,6588,02/11/22,Vitality,Grayhound,mrg,29 - 17,+12,1.64,2022-10-31T00:00:00,2022-11-04T00:00:00
IEM Rio Major 2022 Challengers Stage,Rio de Janeiro,6588,02/11/22,Vitality,Grayhound,inf,17 - 7,+10,1.48,2022-10-31T00:00:00,2022-11-04T00:00:00
IEM Rio Major 2022 Challengers Stage,Rio de Janeiro,6588,01/11/22,Vitality,Outsiders,ovp,28 - 18,+10,1.61,2022-10-31T00:00:00,2022-11-04T00:00:00
IEM Rio Major 2022 Challengers Stage,Rio de Janeiro,6588,01/11/22,Vitality,GamerLegion,vtg,18 - 21,-3,0.99,2022-10-31T00:00:00,2022-11-04T00:00:00
IEM Rio Major 2022 Challengers Stage,Rio de Janeiro,6588,31/10/22,Vitality,Imperial,inf,25 - 14,+11,1.49,2022-10-31T00:00:00,2022-11-04T00:00:00
IEM Road to Rio 2022 Europe RMR B,Valletta,6714,09/10/22,Vitality,HEROIC,mrg,10 - 16,-6,0.74,2022-10-04T00:00:00,2022-10-10T00:00:00
IEM Road to Rio 2022 Europe RMR B,Valletta,6714,09/10/22,Vitality,HEROIC,inf,34 - 26,+8,1.38,2022-10-04T00:00:00,2022-10-10T00:00:00
IEM Road to Rio 2022 Europe RMR B,Valletta,6714,09/10/22,Vitality,HEROIC,ovp,13 - 18,-5,0.76,2022-10-04T00:00:00,2022-10-10T00:00:00
IEM Road to Rio 2022 Europe RMR B,Valletta,6714,08/10/22,Vitality,MOUZ,vtg,25 - 15,+10,1.57,2022-10-04T00:00:00,2022-10-10T00:00:00
IEM Road to Rio 2022 Europe RMR B,Valletta,6714,08/10/22,Vitality,MOUZ,mrg,23 - 11,+12,1.76,2022-10-04T00:00:00,2022-10-10T00:00:00
IEM Road to Rio 2022 Europe RMR B,Valletta,6714,08/10/22,Vitality,MOUZ,inf,23 - 17,+6,1.11,2022-10-04T00:00:00,2022-10-10T00:00:00
IEM Road to Rio 2022 Europe RMR B,Valletta,6714,06/10/22,Vitality,Monte,d2,25 - 7,+18,1.94,2022-10-04T00:00:00,2022-10-10T00:00:00
IEM Road to Rio 2022 Europe RMR B,Valletta,6714,05/10/22,Vitality,BIG,d2,23 - 19,+4,1.29,2022-10-04T00:00:00,2022-10-10T00:00:00
IEM Road to Rio 2022 Europe RMR B,Valletta,6714,04/10/22,Vitality,FANTASY,d2,26 - 9,+17,1.91,2022-10-04T00:00:00,2022-10-10T00:00:00
ESL Pro League Season 16,Valletta,6141,02/10/22,Vitality,Liquid,vtg,25 - 16,+9,1.51,2022-08-31T00:00:00,2022-10-03T00:00:00
ESL Pro League Season 16,Valletta,6141,02/10/22,Vitality,Liquid,ovp,35 - 23,+12,1.51,2022-08-31T00:00:00,2022-10-03T00:00:00
ESL Pro League Season 16,Valletta,6141,02/10/22,Vitality,Liquid,mrg,51 - 32,+19,1.54,2022-08-31T00:00:00,2022-10-03T00:00:00
ESL Pro League Season 16,Valletta,6141,02/10/22,Vitality,Liquid,d2,19 - 11,+8,1.32,2022-08-31T00:00:00,2022-10-03T00:00:00
ESL Pro League Season 16,Valletta,6141,02/10/22,Vitality,Liquid,inf,13 - 11,+2,0.96,2022-08-31T00:00:00,2022-10-03T00:00:00
ESL Pro League Season 16,Valletta,6141,01/10/22,Vitality,G2,inf,28 - 22,+6,1.29,2022-08-31T00:00:00,2022-10-03T00:00:00
ESL Pro League Season 16,Valletta,6141,01/10/22,Vitality,G2,mrg,24 - 10,+14,1.61,2022-08-31T00:00:00,2022-10-03T00:00:00
ESL Pro League Season 16,Valletta,6141,30/09/22,Vitality,Outsiders,d2,30 - 15,+15,1.42,2022-08-31T00:00:00,2022-10-03T00:00:00
ESL Pro League Season 16,Valletta,6141,30/09/22,Vitality,Outsiders,mrg,26 - 17,+9,1.30,2022-08-31T00:00:00,2022-10-03T00:00:00
ESL Pro League Season 16,Valletta,6141,04/09/22,Vitality,Spirit,vtg,20 - 13,+7,1.22,2022-08-31T00:00:00,2022-10-03T00:00:00
ESL Pro League Season 16,Valletta,6141,04/09/22,Vitality,Spirit,nuke,29 - 8,+21,2.30,2022-08-31T00:00:00,2022-10-03T00:00:00
ESL Pro League Season 16,Valletta,6141,03/09/22,Vitality,Natus Vincere,ovp,28 - 14,+14,1.51,2022-08-31T00:00:00,2022-10-03T00:00:00
ESL Pro League Season 16,Valletta,6141,03/09/22,Vitality,Natus Vincere,mrg,22 - 17,+5,1.17,2022-08-31T00:00:00,2022-10-03T00:00:00
ESL Pro League Season 16,Valletta,6141,03/09/22,Vitality,Natus Vincere,inf,25 - 17,+8,1.44,2022-08-31T00:00:00,2022-10-03T00:00:00
ESL Pro League Season 16,Valletta,6141,02/09/22,Vitality,fnatic,mrg,29 - 12,+17,1.72,2022-08-31T00:00:00,2022-10-03T00:00:00
ESL Pro League Season 16,Valletta,6141,02/09/22,Vitality,fnatic,inf,20 - 18,+2,1.15,2022-08-31T00:00:00,2022-10-03T00:00:00
ESL Pro League Season 16,Valletta,6141,02/09/22,Vitality,fnatic,nuke,15 - 19,-4,1.07,2022-08-31T00:00:00,2022-10-03T00:00:00
ESL Pro League Season 16,Valletta,6141,01/09/22,Vitality,Ninjas in Pyjamas,vtg,20 - 13,+7,1.37,2022-08-31T00:00:00,2022-10-03T00:00:00
ESL Pro League Season 16,Valletta,6141,01/09/22,Vitality,Ninjas in Pyjamas,nuke,27 - 13,+14,1.55,2022-08-31T00:00:00,2022-10-03T00:00:00
ESL Pro League Season 16,Valletta,6141,31/08/22,Vitality,Endpoint,inf,12 - 12,0,1.09,2022-08-31T00:00:00,2022-10-03T00:00:00
ESL Pro League Season 16,Valletta,6141,31/08/22,Vitality,Endpoint,vtg,38 - 16,+22,2.02,2022-08-31T00:00:00,2022-10-03T00:00:00
BLAST Premier Fall Groups 2022,Copenhagen,6346,28/08/22,Vitality,G2,mrg,26 - 20,+6,1.18,2022-08-19T00:00:00,2022-08-29T00:00:00
BLAST Premier Fall Groups 2022,Copenhagen,6346,28/08/22,Vitality,G2,d2,22 - 17,+5,1.31,2022-08-19T00:00:00,2022-08-29T00:00:00
BLAST Premier Fall Groups 2022,Copenhagen,6346,28/08/22,Vitality,G2,vtg,27 - 16,+11,1.53,2022-08-19T00:00:00,2022-08-29T00:00:00
BLAST Premier Fall Groups 2022,Copenhagen,6346,27/08/22,Vitality,Natus Vincere,mrg,20 - 14,+6,1.19,2022-08-19T00:00:00,2022-08-29T00:00:00
BLAST Premier Fall Groups 2022,Copenhagen,6346,27/08/22,Vitality,Natus Vincere,inf,10 - 16,-6,0.92,2022-08-19T00:00:00,2022-08-29T00:00:00
BLAST Premier Fall Groups 2022,Copenhagen,6346,26/08/22,Vitality,G2,inf,13 - 10,+3,1.07,2022-08-19T00:00:00,2022-08-29T00:00:00
BLAST Premier Fall Groups 2022,Copenhagen,6346,26/08/22,Vitality,G2,nuke,17 - 16,+1,0.98,2022-08-19T00:00:00,2022-08-29T00:00:00
BLAST Premier Fall Groups 2022,Copenhagen,6346,26/08/22,Vitality,G2,vtg,18 - 8,+10,1.47,2022-08-19T00:00:00,2022-08-29T00:00:00
BLAST Premier Fall Groups 2022,Copenhagen,6346,19/08/22,Vitality,Astralis,mrg,22 - 24,-2,1.08,2022-08-19T00:00:00,2022-08-29T00:00:00
BLAST Premier Fall Groups 2022,Copenhagen,6346,19/08/22,Vitality,Ninjas in Pyjamas,inf,30 - 18,+12,1.53,2022-08-19T00:00:00,2022-08-29T00:00:00
BLAST Premier Fall Groups 2022,Copenhagen,6346,19/08/22,Vitality,OG,d2,27 - 13,+14,1.68,2022-08-19T00:00:00,2022-08-29T00:00:00
IEM Cologne 2022,Cologne,6140,09/07/22,Vitality,MOUZ,nuke,19 - 24,-5,1.02,2022-07-07T00:00:00,2022-07-10T00:00:00
IEM Cologne 2022,Cologne,6140,09/07/22,Vitality,MOUZ,ovp,16 - 15,+1,1.09,2022-07-07T00:00:00,2022-07-10T00:00:00
IEM Cologne 2022,Cologne,6140,09/07/22,Vitality,MOUZ,inf,32 - 13,+19,1.77,2022-07-07T00:00:00,2022-07-10T00:00:00
IEM Cologne 2022,Cologne,6140,08/07/22,Vitality,Movistar Riders,nuke,22 - 16,+6,1.25,2022-07-07T00:00:00,2022-07-10T00:00:00
IEM Cologne 2022,Cologne,6140,08/07/22,Vitality,Movistar Riders,vtg,21 - 10,+11,1.79,2022-07-07T00:00:00,2022-07-10T00:00:00
IEM Cologne 2022,Cologne,6140,08/07/22,Vitality,Movistar Riders,mrg,11 - 13,-2,0.99,2022-07-07T00:00:00,2022-07-10T00:00:00
IEM Cologne 2022,Cologne,6140,07/07/22,Vitality,ENCE,mrg,17 - 10,+7,1.44,2022-07-07T00:00:00,2022-07-10T00:00:00
IEM Cologne 2022,Cologne,6140,07/07/22,Vitality,ENCE,d2,29 - 17,+12,1.53,2022-07-07T00:00:00,2022-07-10T00:00:00
IEM Cologne 2022,Cologne,6140,07/07/22,Vitality,ENCE,nuke,16 - 16,0,1.08,2022-07-07T00:00:00,2022-07-10T00:00:00
IEM Cologne 2022 Play-in,Cologne,6503,06/07/22,Vitality,Sprout,ovp,17 - 12,+5,1.17,2022-07-05T00:00:00,2022-07-07T00:00:00
IEM Cologne 2022 Play-in,Cologne,6503,06/07/22,Vitality,Sprout,d2,18 - 12,+6,1.22,2022-07-05T00:00:00,2022-07-07T00:00:00
IEM Cologne 2022 Play-in,Cologne,6503,06/07/22,Vitality,Sprout,vtg,25 - 28,-3,1.00,2022-07-05T00:00:00,2022-07-07T00:00:00
IEM Cologne 2022 Play-in,Cologne,6503,05/07/22,Vitality,Movistar Riders,ovp,12 - 16,-4,0.87,2022-07-05T00:00:00,2022-07-07T00:00:00
IEM Cologne 2022 Play-in,Cologne,6503,05/07/22,Vitality,Movistar Riders,vtg,16 - 17,-1,1.06,2022-07-05T00:00:00,2022-07-07T00:00:00
IEM Cologne 2022 Play-in,Cologne,6503,05/07/22,Vitality,TYLOO,ovp,21 - 16,+5,1.33,2022-07-05T00:00:00,2022-07-07T00:00:00
BLAST Premier Spring Final 2022,Lisbon,6345,19/06/22,Vitality,Natus Vincere,ovp,12 - 16,-4,0.87,2022-06-15T00:00:00,2022-06-20T00:00:00
BLAST Premier Spring Final 2022,Lisbon,6345,19/06/22,Vitality,Natus Vincere,mrg,20 - 16,+4,1.22,2022-06-15T00:00:00,2022-06-20T00:00:00
BLAST Premier Spring Final 2022,Lisbon,6345,18/06/22,Vitality,G2,nuke,23 - 15,+8,1.35,2022-06-15T00:00:00,2022-06-20T00:00:00
BLAST Premier Spring Final 2022,Lisbon,6345,18/06/22,Vitality,G2,inf,13 - 17,-4,0.85,2022-06-15T00:00:00,2022-06-20T00:00:00
BLAST Premier Spring Final 2022,Lisbon,6345,18/06/22,Vitality,G2,d2,23 - 16,+7,1.40,2022-06-15T00:00:00,2022-06-20T00:00:00
BLAST Premier Spring Final 2022,Lisbon,6345,17/06/22,Vitality,ENCE,nuke,33 - 20,+13,1.48,2022-06-15T00:00:00,2022-06-20T00:00:00
BLAST Premier Spring Final 2022,Lisbon,6345,17/06/22,Vitality,ENCE,ovp,21 - 13,+8,1.31,2022-06-15T00:00:00,2022-06-20T00:00:00
BLAST Premier Spring Final 2022,Lisbon,6345,16/06/22,Vitality,paiN,ovp,15 - 8,+7,1.50,2022-06-15T00:00:00,2022-06-20T00:00:00
BLAST Premier Spring Final 2022,Lisbon,6345,16/06/22,Vitality,paiN,d2,22 - 18,+4,1.24,2022-06-15T00:00:00,2022-06-20T00:00:00
BLAST Premier Spring Final 2022,Lisbon,6345,16/06/22,Vitality,paiN,nuke,20 - 7,+13,1.81,2022-06-15T00:00:00,2022-06-20T00:00:00
BLAST Premier Spring Final 2022,Lisbon,6345,15/06/22,Vitality,G2,mrg,19 - 19,0,1.05,2022-06-15T00:00:00,2022-06-20T00:00:00
BLAST Premier Spring Final 2022,Lisbon,6345,15/06/22,Vitality,G2,inf,12 - 16,-4,0.80,2022-06-15T00:00:00,2022-06-20T00:00:00
BLAST Premier Spring Final 2022,Lisbon,6345,15/06/22,Vitality,G2,d2,27 - 12,+15,1.64,2022-06-15T00:00:00,2022-06-20T00:00:00
IEM Dallas 2022,Dallas,6138,01/06/22,Vitality,G2,inf,18 - 24,-6,0.89,2022-05-30T00:00:00,2022-06-02T00:00:00
IEM Dallas 2022,Dallas,6138,01/06/22,Vitality,G2,d2,20 - 17,+3,1.12,2022-05-30T00:00:00,2022-06-02T00:00:00
IEM Dallas 2022,Dallas,6138,31/05/22,Vitality,MOUZ,mrg,19 - 11,+8,1.36,2022-05-30T00:00:00,2022-06-02T00:00:00
IEM Dallas 2022,Dallas,6138,31/05/22,Vitality,MOUZ,inf,26 - 14,+12,1.50,2022-05-30T00:00:00,2022-06-02T00:00:00
IEM Dallas 2022,Dallas,6138,31/05/22,Vitality,FaZe,nuke,22 - 18,+4,1.24,2022-05-30T00:00:00,2022-06-02T00:00:00
IEM Dallas 2022,Dallas,6138,31/05/22,Vitality,FaZe,d2,21 - 17,+4,1.10,2022-05-30T00:00:00,2022-06-02T00:00:00
IEM Dallas 2022,Dallas,6138,30/05/22,Vitality,Astralis,vtg,32 - 16,+16,1.67,2022-05-30T00:00:00,2022-06-02T00:00:00
PGL Major Antwerp 2022,Antwerp,6372,17/05/22,Vitality,HEROIC,inf,23 - 20,+3,1.25,2022-05-14T00:00:00,2022-05-18T00:00:00
PGL Major Antwerp 2022,Antwerp,6372,17/05/22,Vitality,HEROIC,ovp,15 - 14,+1,0.95,2022-05-14T00:00:00,2022-05-18T00:00:00
PGL Major Antwerp 2022,Antwerp,6372,17/05/22,Vitality,HEROIC,mrg,14 - 17,-3,1.01,2022-05-14T00:00:00,2022-05-18T00:00:00
PGL Major Antwerp 2022,Antwerp,6372,16/05/22,Vitality,BIG,nuke,38 - 24,+14,1.57,2022-05-14T00:00:00,2022-05-18T00:00:00
PGL Major Antwerp 2022,Antwerp,6372,16/05/22,Vitality,BIG,vtg,31 - 27,+4,1.09,2022-05-14T00:00:00,2022-05-18T00:00:00
PGL Major Antwerp 2022,Antwerp,6372,16/05/22,Vitality,BIG,mrg,24 - 13,+11,1.54,2022-05-14T00:00:00,2022-05-18T00:00:00
PGL Major Antwerp 2022,Antwerp,6372,15/05/22,Vitality,Liquid,d2,21 - 13,+8,1.27,2022-05-14T00:00:00,2022-05-18T00:00:00
PGL Major Antwerp 2022,Antwerp,6372,15/05/22,Vitality,Liquid,mrg,22 - 13,+9,1.44,2022-05-14T00:00:00,2022-05-18T00:00:00
PGL Major Antwerp 2022,Antwerp,6372,14/05/22,Vitality,Outsiders,mrg,16 - 18,-2,0.88,2022-05-14T00:00:00,2022-05-18T00:00:00
PGL Major Antwerp 2022,Antwerp,6372,14/05/22,Vitality,Ninjas in Pyjamas,ovp,11 - 14,-3,0.94,2022-05-14T00:00:00,2022-05-18T00:00:00
PGL Major Antwerp 2022 Challengers Stage,Antwerp,6384,10/05/22,Vitality,FORZE,mrg,16 - 13,+3,1.13,2022-05-09T00:00:00,2022-05-11T00:00:00
PGL Major Antwerp 2022 Challengers Stage,Antwerp,6384,10/05/22,Vitality,FORZE,d2,22 - 13,+9,1.32,2022-05-09T00:00:00,2022-05-11T00:00:00
PGL Major Antwerp 2022 Challengers Stage,Antwerp,6384,10/05/22,Vitality,FORZE,nuke,22 - 18,+4,1.32,2022-05-09T00:00:00,2022-05-11T00:00:00
PGL Major Antwerp 2022 Challengers Stage,Antwerp,6384,09/05/22,Vitality,Astralis,mrg,24 - 11,+13,1.72,2022-05-09T00:00:00,2022-05-11T00:00:00
PGL Major Antwerp 2022 Challengers Stage,Antwerp,6384,09/05/22,Vitality,Complexity,inf,11 - 0,+11,1.58,2022-05-09T00:00:00,2022-05-11T00:00:00
PGL Major Antwerp 2022 Europe RMR A,Bucharest,6381,20/04/22,Vitality,MOUZ,mrg,26 - 18,+8,1.40,2022-04-17T00:00:00,2022-04-21T00:00:00
PGL Major Antwerp 2022 Europe RMR A,Bucharest,6381,20/04/22,Vitality,MOUZ,d2,30 - 12,+18,1.89,2022-04-17T00:00:00,2022-04-21T00:00:00
PGL Major Antwerp 2022 Europe RMR A,Bucharest,6381,20/04/22,Vitality,MOUZ,nuke,22 - 24,-2,1.11,2022-04-17T00:00:00,2022-04-21T00:00:00
PGL Major Antwerp 2022 Europe RMR A,Bucharest,6381,19/04/22,Vitality,Natus Vincere,mrg,22 - 19,+3,1.11,2022-04-17T00:00:00,2022-04-21T00:00:00
PGL Major Antwerp 2022 Europe RMR A,Bucharest,6381,19/04/22,Vitality,Natus Vincere,inf,23 - 20,+3,1.14,2022-04-17T00:00:00,2022-04-21T00:00:00
PGL Major Antwerp 2022 Europe RMR A,Bucharest,6381,18/04/22,Vitality,Eternal Fire,d2,18 - 12,+6,1.20,2022-04-17T00:00:00,2022-04-21T00:00:00
PGL Major Antwerp 2022 Europe RMR A,Bucharest,6381,17/04/22,Vitality,FaZe,mrg,23 - 19,+4,1.13,2022-04-17T00:00:00,2022-04-21T00:00:00
PGL Major Antwerp 2022 Europe RMR A,Bucharest,6381,17/04/22,Vitality,Dignitas,vtg,21 - 8,+13,1.66,2022-04-17T00:00:00,2022-04-21T00:00:00
ESL Pro League Season 15,Düsseldorf,6137,20/03/22,Vitality,Outsiders,inf,21 - 16,+5,1.22,2022-03-16T00:00:00,2022-03-21T00:00:00
ESL Pro League Season 15,Düsseldorf,6137,20/03/22,Vitality,Outsiders,d2,29 - 12,+17,1.82,2022-03-16T00:00:00,2022-03-21T00:00:00
ESL Pro League Season 15,Düsseldorf,6137,19/03/22,Vitality,FaZe,d2,7 - 17,-10,0.36,2022-03-16T00:00:00,2022-03-21T00:00:00
ESL Pro League Season 15,Düsseldorf,6137,19/03/22,Vitality,FaZe,mrg,20 - 16,+4,1.22,2022-03-16T00:00:00,2022-03-21T00:00:00
ESL Pro League Season 15,Düsseldorf,6137,18/03/22,Vitality,FURIA,nuke,22 - 20,+2,0.95,2022-03-16T00:00:00,2022-03-21T00:00:00
ESL Pro League Season 15,Düsseldorf,6137,18/03/22,Vitality,FURIA,inf,14 - 15,-1,1.05,2022-03-16T00:00:00,2022-03-21T00:00:00
ESL Pro League Season 15,Düsseldorf,6137,18/03/22,Vitality,FURIA,vtg,11 - 17,-6,0.68,2022-03-16T00:00:00,2022-03-21T00:00:00
ESL Pro League Season 15,Düsseldorf,6137,17/03/22,Vitality,ENCE,d2,12 - 18,-6,0.73,2022-03-16T00:00:00,2022-03-21T00:00:00
ESL Pro League Season 15,Düsseldorf,6137,17/03/22,Vitality,ENCE,mrg,17 - 14,+3,1.03,2022-03-16T00:00:00,2022-03-21T00:00:00
ESL Pro League Season 15,Düsseldorf,6137,16/03/22,Vitality,Sprout,inf,38 - 21,+17,1.46,2022-03-16T00:00:00,2022-03-21T00:00:00
ESL Pro League Season 15,Düsseldorf,6137,16/03/22,Vitality,Sprout,d2,20 - 15,+5,1.39,2022-03-16T00:00:00,2022-03-21T00:00:00
IEM Katowice 2022,Katowice,6136,19/02/22,Vitality,Gambit,inf,19 - 16,+3,1.17,2022-02-17T00:00:00,2022-02-20T00:00:00
IEM Katowice 2022,Katowice,6136,19/02/22,Vitality,Gambit,mrg,3 - 18,-15,0.32,2022-02-17T00:00:00,2022-02-20T00:00:00
IEM Katowice 2022,Katowice,6136,18/02/22,Vitality,HEROIC,inf,20 - 28,-8,0.86,2022-02-17T00:00:00,2022-02-20T00:00:00
IEM Katowice 2022,Katowice,6136,18/02/22,Vitality,HEROIC,mrg,19 - 19,0,0.99,2022-02-17T00:00:00,2022-02-20T00:00:00
IEM Katowice 2022,Katowice,6136,17/02/22,Vitality,MOUZ,nuke,27 - 15,+12,1.49,2022-02-17T00:00:00,2022-02-20T00:00:00
IEM Katowice 2022,Katowice,6136,17/02/22,Vitality,MOUZ,inf,28 - 24,+4,1.17,2022-02-17T00:00:00,2022-02-20T00:00:00
IEM Katowice 2022,Katowice,6136,17/02/22,Vitality,MOUZ,vtg,42 - 21,+21,1.59,2022-02-17T00:00:00,2022-02-20T00:00:00
BLAST Premier World Final 2021,Copenhagen,5608,19/12/21,Vitality,Natus Vincere,d2,9 - 16,-7,0.60,2021-12-15T00:00:00,2021-12-20T00:00:00
BLAST Premier World Final 2021,Copenhagen,5608,19/12/21,Vitality,Natus Vincere,nuke,19 - 20,-1,1.03,2021-12-15T00:00:00,2021-12-20T00:00:00
BLAST Premier World Final 2021,Copenhagen,5608,18/12/21,Vitality,Gambit,d2,30 - 25,+5,1.24,2021-12-15T00:00:00,2021-12-20T00:00:00
BLAST Premier World Final 2021,Copenhagen,5608,18/12/21,Vitality,Gambit,vtg,28 - 18,+10,1.55,2021-12-15T00:00:00,2021-12-20T00:00:00
BLAST Premier World Final 2021,Copenhagen,5608,16/12/21,Vitality,G2,mrg,21 - 17,+4,1.18,2021-12-15T00:00:00,2021-12-20T00:00:00
BLAST Premier World Final 2021,Copenhagen,5608,16/12/21,Vitality,G2,nuke,21 - 13,+8,1.39,2021-12-15T00:00:00,2021-12-20T00:00:00
BLAST Premier World Final 2021,Copenhagen,5608,15/12/21,Vitality,Astralis,mrg,29 - 8,+21,2.25,2021-12-15T00:00:00,2021-12-20T00:00:00
BLAST Premier World Final 2021,Copenhagen,5608,15/12/21,Vitality,Astralis,nuke,23 - 5,+18,1.92,2021-12-15T00:00:00,2021-12-20T00:00:00
IEM Winter 2021,Stockholm,5730,12/12/21,Vitality,Ninjas in Pyjamas,nuke,20 - 15,+5,1.26,2021-12-02T00:00:00,2021-12-13T00:00:00
IEM Winter 2021,Stockholm,5730,12/12/21,Vitality,Ninjas in Pyjamas,d2,21 - 12,+9,1.27,2021-12-02T00:00:00,2021-12-13T00:00:00
IEM Winter 2021,Stockholm,5730,12/12/21,Vitality,Ninjas in Pyjamas,inf,29 - 15,+14,1.74,2021-12-02T00:00:00,2021-12-13T00:00:00
IEM Winter 2021,Stockholm,5730,11/12/21,Vitality,Virtus.pro,vtg,24 - 14,+10,1.38,2021-12-02T00:00:00,2021-12-13T00:00:00
IEM Winter 2021,Stockholm,5730,11/12/21,Vitality,Virtus.pro,mrg,21 - 19,+2,1.02,2021-12-02T00:00:00,2021-12-13T00:00:00
IEM Winter 2021,Stockholm,5730,05/12/21,Vitality,Gambit,mrg,36 - 19,+17,1.61,2021-12-02T00:00:00,2021-12-13T00:00:00
IEM Winter 2021,Stockholm,5730,05/12/21,Vitality,Gambit,vtg,21 - 22,-1,1.17,2021-12-02T00:00:00,2021-12-13T00:00:00
IEM Winter 2021,Stockholm,5730,05/12/21,Vitality,Gambit,d2,16 - 11,+5,1.40,2021-12-02T00:00:00,2021-12-13T00:00:00
IEM Winter 2021,Stockholm,5730,04/12/21,Vitality,G2,inf,12 - 20,-8,0.81,2021-12-02T00:00:00,2021-12-13T00:00:00
IEM Winter 2021,Stockholm,5730,04/12/21,Vitality,G2,mrg,26 - 14,+12,1.34,2021-12-02T00:00:00,2021-12-13T00:00:00
IEM Winter 2021,Stockholm,5730,04/12/21,Vitality,G2,vtg,22 - 20,+2,1.02,2021-12-02T00:00:00,2021-12-13T00:00:00
IEM Winter 2021,Stockholm,5730,02/12/21,Vitality,Ninjas in Pyjamas,mrg,17 - 14,+3,1.07,2021-12-02T00:00:00,2021-12-13T00:00:00
IEM Winter 2021,Stockholm,5730,02/12/21,Vitality,Ninjas in Pyjamas,inf,29 - 11,+18,2.13,2021-12-02T00:00:00,2021-12-13T00:00:00
IEM Winter 2021,Stockholm,5730,02/12/21,Vitality,MOUZ,ovp,24 - 26,-2,0.97,2021-12-02T00:00:00,2021-12-13T00:00:00
BLAST Premier Fall Final 2021,Copenhagen,5607,28/11/21,Vitality,Natus Vincere,inf,20 - 16,+4,1.18,2021-11-24T00:00:00,2021-11-29T00:00:00
BLAST Premier Fall Final 2021,Copenhagen,5607,28/11/21,Vitality,Natus Vincere,nuke,21 - 14,+7,1.53,2021-11-24T00:00:00,2021-11-29T00:00:00
BLAST Premier Fall Final 2021,Copenhagen,5607,28/11/21,Vitality,Natus Vincere,mrg,22 - 20,+2,1.13,2021-11-24T00:00:00,2021-11-29T00:00:00
BLAST Premier Fall Final 2021,Copenhagen,5607,28/11/21,Vitality,Astralis,mrg,22 - 12,+10,1.48,2021-11-24T00:00:00,2021-11-29T00:00:00
BLAST Premier Fall Final 2021,Copenhagen,5607,28/11/21,Vitality,Astralis,inf,29 - 13,+16,1.61,2021-11-24T00:00:00,2021-11-29T00:00:00
BLAST Premier Fall Final 2021,Copenhagen,5607,28/11/21,Vitality,Astralis,nuke,27 - 15,+12,1.55,2021-11-24T00:00:00,2021-11-29T00:00:00
BLAST Premier Fall Final 2021,Copenhagen,5607,27/11/21,Vitality,Natus Vincere,nuke,15 - 17,-2,1.00,2021-11-24T00:00:00,2021-11-29T00:00:00
BLAST Premier Fall Final 2021,Copenhagen,5607,27/11/21,Vitality,Natus Vincere,inf,13 - 20,-7,0.84,2021-11-24T00:00:00,2021-11-29T00:00:00
BLAST Premier Fall Final 2021,Copenhagen,5607,25/11/21,Vitality,Astralis,inf,23 - 13,+10,1.53,2021-11-24T00:00:00,2021-11-29T00:00:00
BLAST Premier Fall Final 2021,Copenhagen,5607,25/11/21,Vitality,Astralis,d2,24 - 19,+5,1.25,2021-11-24T00:00:00,2021-11-29T00:00:00
BLAST Premier Fall Final 2021,Copenhagen,5607,25/11/21,Vitality,Astralis,nuke,37 - 21,+16,1.45,2021-11-24T00:00:00,2021-11-29T00:00:00
BLAST Premier Fall Final 2021,Copenhagen,5607,24/11/21,Vitality,Liquid,d2,24 - 10,+14,1.64,2021-11-24T00:00:00,2021-11-29T00:00:00
BLAST Premier Fall Final 2021,Copenhagen,5607,24/11/21,Vitality,Liquid,mrg,25 - 15,+10,1.54,2021-11-24T00:00:00,2021-11-29T00:00:00
PGL Major Stockholm 2021,Stockholm,4866,05/11/21,Vitality,Natus Vincere,nuke,25 - 21,+4,1.27,2021-10-30T00:00:00,2021-11-06T00:00:00
PGL Major Stockholm 2021,Stockholm,4866,05/11/21,Vitality,Natus Vincere,d2,19 - 19,0,1.08,2021-10-30T00:00:00,2021-11-06T00:00:00
PGL Major Stockholm 2021,Stockholm,4866,02/11/21,Vitality,Entropiq,d2,24 - 12,+12,1.77,2021-10-30T00:00:00,2021-11-06T00:00:00
PGL Major Stockholm 2021,Stockholm,4866,02/11/21,Vitality,Entropiq,ovp,23 - 17,+6,1.31,2021-10-30T00:00:00,2021-11-06T00:00:00
PGL Major Stockholm 2021,Stockholm,4866,02/11/21,Vitality,Entropiq,mrg,27 - 15,+12,1.48,2021-10-30T00:00:00,2021-11-06T00:00:00
PGL Major Stockholm 2021,Stockholm,4866,01/11/21,Vitality,Astralis,d2,31 - 14,+17,1.71,2021-10-30T00:00:00,2021-11-06T00:00:00
PGL Major Stockholm 2021,Stockholm,4866,01/11/21,Vitality,Astralis,vtg,22 - 20,+2,1.23,2021-10-30T00:00:00,2021-11-06T00:00:00
PGL Major Stockholm 2021,Stockholm,4866,01/11/21,Vitality,Astralis,nuke,29 - 12,+17,1.62,2021-10-30T00:00:00,2021-11-06T00:00:00
PGL Major Stockholm 2021,Stockholm,4866,31/10/21,Vitality,Evil Geniuses,d2,22 - 19,+3,1.23,2021-10-30T00:00:00,2021-11-06T00:00:00
PGL Major Stockholm 2021,Stockholm,4866,31/10/21,Vitality,Evil Geniuses,vtg,20 - 11,+9,1.58,2021-10-30T00:00:00,2021-11-06T00:00:00
PGL Major Stockholm 2021,Stockholm,4866,31/10/21,Vitality,Evil Geniuses,inf,21 - 20,+1,1.03,2021-10-30T00:00:00,2021-11-06T00:00:00
PGL Major Stockholm 2021,Stockholm,4866,30/10/21,Vitality,HEROIC,ovp,15 - 18,-3,0.97,2021-10-30T00:00:00,2021-11-06T00:00:00
PGL Major Stockholm 2021,Stockholm,4866,30/10/21,Vitality,Virtus.pro,inf,19 - 21,-2,0.98,2021-10-30T00:00:00,2021-11-06T00:00:00
IEM Fall 2021 Europe,Stockholm,5729,10/10/21,Vitality,Astralis,vtg,13 - 9,+4,1.16,2021-09-29T00:00:00,2021-10-11T00:00:00
IEM Fall 2021 Europe,Stockholm,5729,10/10/21,Vitality,Astralis,nuke,30 - 9,+21,2.14,2021-09-29T00:00:00,2021-10-11T00:00:00
IEM Fall 2021 Europe,Stockholm,5729,09/10/21,Vitality,Ninjas in Pyjamas,inf,11 - 17,-6,0.62,2021-09-29T00:00:00,2021-10-11T00:00:00
IEM Fall 2021 Europe,Stockholm,5729,09/10/21,Vitality,Ninjas in Pyjamas,ovp,25 - 18,+7,1.32,2021-09-29T00:00:00,2021-10-11T00:00:00
IEM Fall 2021 Europe,Stockholm,5729,09/10/21,Vitality,Ninjas in Pyjamas,nuke,22 - 10,+12,1.65,2021-09-29T00:00:00,2021-10-11T00:00:00
IEM Fall 2021 Europe,Stockholm,5729,07/10/21,Vitality,Copenhagen Flames,vtg,24 - 21,+3,1.19,2021-09-29T00:00:00,2021-10-11T00:00:00
IEM Fall 2021 Europe,Stockholm,5729,07/10/21,Vitality,Copenhagen Flames,d2,27 - 15,+12,1.52,2021-09-29T00:00:00,2021-10-11T00:00:00
IEM Fall 2021 Europe,Stockholm,5729,03/10/21,Vitality,Dignitas,inf,19 - 12,+7,1.25,2021-09-29T00:00:00,2021-10-11T00:00:00
IEM Fall 2021 Europe,Stockholm,5729,02/10/21,Vitality,ENCE,mrg,18 - 17,+1,1.09,2021-09-29T00:00:00,2021-10-11T00:00:00
IEM Fall 2021 Europe,Stockholm,5729,01/10/21,Vitality,OG,mrg,21 - 12,+9,1.42,2021-09-29T00:00:00,2021-10-11T00:00:00
IEM Fall 2021 Europe,Stockholm,5729,30/09/21,Vitality,Sprout,vtg,30 - 19,+11,1.67,2021-09-29T00:00:00,2021-10-11T00:00:00
IEM Fall 2021 Europe,Stockholm,5729,29/09/21,Vitality,MAD Lions,inf,11 - 8,+3,1.44,2021-09-29T00:00:00,2021-10-11T00:00:00
IEM Cologne 2021,Cologne,5469,11/07/21,Vitality,FaZe,d2,22 - 17,+5,1.20,2021-07-08T00:00:00,2021-07-12T00:00:00
IEM Cologne 2021,Cologne,5469,11/07/21,Vitality,FaZe,mrg,17 - 19,-2,0.91,2021-07-08T00:00:00,2021-07-12T00:00:00
IEM Cologne 2021,Cologne,5469,10/07/21,Vitality,Natus Vincere,mrg,24 - 18,+6,1.27,2021-07-08T00:00:00,2021-07-12T00:00:00
IEM Cologne 2021,Cologne,5469,10/07/21,Vitality,Natus Vincere,nuke,13 - 15,-2,0.91,2021-07-08T00:00:00,2021-07-12T00:00:00
IEM Cologne 2021,Cologne,5469,10/07/21,Vitality,Natus Vincere,ovp,22 - 17,+5,1.20,2021-07-08T00:00:00,2021-07-12T00:00:00
IEM Cologne 2021,Cologne,5469,08/07/21,Vitality,FURIA,nuke,18 - 18,0,0.96,2021-07-08T00:00:00,2021-07-12T00:00:00
IEM Cologne 2021,Cologne,5469,08/07/21,Vitality,FURIA,ovp,26 - 15,+11,1.43,2021-07-08T00:00:00,2021-07-12T00:00:00
IEM Cologne 2021 Play-in,Cologne,5898,06/07/21,Vitality,Spirit,nuke,22 - 17,+5,1.37,2021-07-06T00:00:00,2021-07-07T00:00:00
IEM Cologne 2021 Play-in,Cologne,5898,06/07/21,Vitality,Spirit,mrg,25 - 18,+7,1.26,2021-07-06T00:00:00,2021-07-07T00:00:00
IEM Cologne 2021 Play-in,Cologne,5898,06/07/21,Vitality,Spirit,d2,21 - 17,+4,1.28,2021-07-06T00:00:00,2021-07-07T00:00:00
IEM Cologne 2021 Play-in,Cologne,5898,06/07/21,Vitality,Renegades,ovp,22 - 9,+13,1.79,2021-07-06T00:00:00,2021-07-07T00:00:00
IEM Katowice 2020,Katowice,4901,26/02/20,Vitality,FaZe,inf,23 - 15,+8,1.39,2020-02-24T00:00:00,2020-02-27T00:00:00
IEM Katowice 2020,Katowice,4901,26/02/20,Vitality,FaZe,nuke,17 - 16,+1,1.09,2020-02-24T00:00:00,2020-02-27T00:00:00
IEM Katowice 2020,Katowice,4901,26/02/20,Vitality,FaZe,mrg,32 - 16,+16,1.84,2020-02-24T00:00:00,2020-02-27T00:00:00
IEM Katowice 2020,Katowice,4901,25/02/20,Vitality,Astralis,vtg,29 - 30,-1,1.11,2020-02-24T00:00:00,2020-02-27T00:00:00
IEM Katowice 2020,Katowice,4901,25/02/20,Vitality,Astralis,ovp,9 - 17,-8,0.71,2020-02-24T00:00:00,2020-02-27T00:00:00
IEM Katowice 2020,Katowice,4901,24/02/20,Vitality,Ninjas in Pyjamas,nuke,22 - 15,+7,1.29,2020-02-24T00:00:00,2020-02-27T00:00:00
IEM Katowice 2020,Katowice,4901,24/02/20,Vitality,Ninjas in Pyjamas,vtg,23 - 19,+4,1.31,2020-02-24T00:00:00,2020-02-27T00:00:00
BLAST Premier Spring Series 2020,London,5138,09/02/20,Vitality,Natus Vincere,d2,17 - 17,0,1.18,2020-02-07T00:00:00,2020-02-10T00:00:00
BLAST Premier Spring Series 2020,London,5138,09/02/20,Vitality,Natus Vincere,inf,14 - 16,-2,0.91,2020-02-07T00:00:00,2020-02-10T00:00:00
BLAST Premier Spring Series 2020,London,5138,08/02/20,Vitality,Complexity,inf,17 - 16,+1,1.13,2020-02-07T00:00:00,2020-02-10T00:00:00
BLAST Premier Spring Series 2020,London,5138,08/02/20,Vitality,Complexity,mrg,16 - 18,-2,0.98,2020-02-07T00:00:00,2020-02-10T00:00:00
BLAST Premier Spring Series 2020,London,5138,07/02/20,Vitality,Natus Vincere,d2,22 - 13,+9,1.47,2020-02-07T00:00:00,2020-02-10T00:00:00
BLAST Premier Spring Series 2020,London,5138,07/02/20,Vitality,Natus Vincere,inf,23 - 17,+6,1.45,2020-02-07T00:00:00,2020-02-10T00:00:00
EPICENTER 2019,Moscow,4979,22/12/19,Vitality,MOUZ,nuke,19 - 14,+5,1.30,2019-12-17T00:00:00,2019-12-23T00:00:00
EPICENTER 2019,Moscow,4979,22/12/19,Vitality,MOUZ,mrg,33 - 14,+19,1.87,2019-12-17T00:00:00,2019-12-23T00:00:00
EPICENTER 2019,Moscow,4979,22/12/19,Vitality,MOUZ,inf,35 - 20,+15,1.57,2019-12-17T00:00:00,2019-12-23T00:00:00
EPICENTER 2019,Moscow,4979,22/12/19,Vitality,HEROIC,inf,25 - 13,+12,1.55,2019-12-17T00:00:00,2019-12-23T00:00:00
EPICENTER 2019,Moscow,4979,22/12/19,Vitality,HEROIC,vtg,17 - 16,+1,1.01,2019-12-17T00:00:00,2019-12-23T00:00:00
EPICENTER 2019,Moscow,4979,17/12/19,Vitality,Natus Vincere,nuke,20 - 9,+11,1.74,2019-12-17T00:00:00,2019-12-23T00:00:00
EPICENTER 2019,Moscow,4979,17/12/19,Vitality,Natus Vincere,inf,25 - 7,+18,1.87,2019-12-17T00:00:00,2019-12-23T00:00:00
EPICENTER 2019,Moscow,4979,17/12/19,Vitality,Natus Vincere,d2,15 - 16,-1,1.10,2019-12-17T00:00:00,2019-12-23T00:00:00
EPICENTER 2019,Moscow,4979,17/12/19,Vitality,EHOME,nuke,19 - 8,+11,2.03,2019-12-17T00:00:00,2019-12-23T00:00:00
EPICENTER 2019,Moscow,4979,17/12/19,Vitality,EHOME,inf,29 - 15,+14,1.63,2019-12-17T00:00:00,2019-12-23T00:00:00
IEM Beijing 2019,Beijing,4837,09/11/19,Vitality,100 Thieves,inf,9 - 15,-6,0.84,2019-11-07T00:00:00,2019-11-10T00:00:00
IEM Beijing 2019,Beijing,4837,09/11/19,Vitality,100 Thieves,nuke,20 - 26,-6,1.01,2019-11-07T00:00:00,2019-11-10T00:00:00
IEM Beijing 2019,Beijing,4837,09/11/19,Vitality,100 Thieves,mrg,23 - 17,+6,1.50,2019-11-07T00:00:00,2019-11-10T00:00:00
IEM Beijing 2019,Beijing,4837,08/11/19,Vitality,FaZe,inf,21 - 10,+11,1.91,2019-11-07T00:00:00,2019-11-10T00:00:00
IEM Beijing 2019,Beijing,4837,08/11/19,Vitality,FaZe,ovp,15 - 18,-3,0.99,2019-11-07T00:00:00,2019-11-10T00:00:00
IEM Beijing 2019,Beijing,4837,08/11/19,Vitality,FaZe,nuke,20 - 16,+4,1.15,2019-11-07T00:00:00,2019-11-10T00:00:00
IEM Beijing 2019,Beijing,4837,07/11/19,Vitality,TYLOO,d2,18 - 11,+7,1.55,2019-11-07T00:00:00,2019-11-10T00:00:00
IEM Beijing 2019,Beijing,4837,07/11/19,Vitality,TYLOO,inf,24 - 11,+13,1.60,2019-11-07T00:00:00,2019-11-10T00:00:00
StarSeries i-League Season 8,Belek,4932,25/10/19,Vitality,FURIA,nuke,27 - 17,+10,1.58,2019-10-21T00:00:00,2019-10-26T00:00:00
StarSeries i-League Season 8,Belek,4932,25/10/19,Vitality,FURIA,mrg,15 - 15,0,1.17,2019-10-21T00:00:00,2019-10-26T00:00:00
StarSeries i-League Season 8,Belek,4932,24/10/19,Vitality,fnatic,nuke,22 - 22,0,0.99,2019-10-21T00:00:00,2019-10-26T00:00:00
StarSeries i-League Season 8,Belek,4932,24/10/19,Vitality,fnatic,inf,14 - 17,-3,0.83,2019-10-21T00:00:00,2019-10-26T00:00:00
StarSeries i-League Season 8,Belek,4932,24/10/19,Vitality,Renegades,nuke,21 - 19,+2,1.25,2019-10-21T00:00:00,2019-10-26T00:00:00
StarSeries i-League Season 8,Belek,4932,24/10/19,Vitality,Renegades,mrg,10 - 18,-8,0.81,2019-10-21T00:00:00,2019-10-26T00:00:00
StarSeries i-League Season 8,Belek,4932,21/10/19,Vitality,North,nuke,25 - 7,+18,1.73,2019-10-21T00:00:00,2019-10-26T00:00:00
StarSeries i-League Season 8,Belek,4932,21/10/19,Vitality,North,d2,25 - 18,+7,1.48,2019-10-21T00:00:00,2019-10-26T00:00:00
StarSeries i-League Season 8,Belek,4932,21/10/19,Vitality,North,inf,19 - 13,+6,1.44,2019-10-21T00:00:00,2019-10-26T00:00:00
StarSeries i-League Season 8,Belek,4932,21/10/19,Vitality,Invictus,mrg,21 - 10,+11,1.94,2019-10-21T00:00:00,2019-10-26T00:00:00
StarSeries i-League Season 8,Belek,4932,21/10/19,Vitality,Invictus,nuke,19 - 9,+10,1.78,2019-10-21T00:00:00,2019-10-26T00:00:00
ESL Pro League Season 10 Europe,London,4699,18/11/19,Vitality,HellRaisers,nuke,21 - 14,+7,1.33,2019-10-11T00:00:00,2019-11-19T00:00:00
ESL Pro League Season 10 Europe,London,4699,18/11/19,Vitality,HellRaisers,ovp,15 - 14,+1,1.11,2019-10-11T00:00:00,2019-11-19T00:00:00
ESL Pro League Season 10 Europe,London,4699,17/11/19,Vitality,fnatic,inf,18 - 16,+2,1.03,2019-10-11T00:00:00,2019-11-19T00:00:00
ESL Pro League Season 10 Europe,London,4699,17/11/19,Vitality,fnatic,mrg,18 - 19,-1,1.11,2019-10-11T00:00:00,2019-11-19T00:00:00
ESL Pro League Season 10 Europe,London,4699,17/11/19,Vitality,fnatic,nuke,18 - 15,+3,1.28,2019-10-11T00:00:00,2019-11-19T00:00:00
ESL Pro League Season 10 Europe,London,4699,16/11/19,Vitality,FaZe,mrg,38 - 15,+23,2.01,2019-10-11T00:00:00,2019-11-19T00:00:00
ESL Pro League Season 10 Europe,London,4699,16/11/19,Vitality,FaZe,inf,18 - 17,+1,1.07,2019-10-11T00:00:00,2019-11-19T00:00:00
ESL Pro League Season 10 Europe,London,4699,13/10/19,Vitality,Ninjas in Pyjamas,d2,9 - 18,-9,0.76,2019-10-11T00:00:00,2019-11-19T00:00:00
ESL Pro League Season 10 Europe,London,4699,13/10/19,Vitality,Ninjas in Pyjamas,ovp,14 - 16,-2,1.01,2019-10-11T00:00:00,2019-11-19T00:00:00
ESL Pro League Season 10 Europe,London,4699,12/10/19,Vitality,HEROIC,nuke,26 - 17,+9,1.37,2019-10-11T00:00:00,2019-11-19T00:00:00
ESL Pro League Season 10 Europe,London,4699,12/10/19,Vitality,HEROIC,d2,19 - 17,+2,1.12,2019-10-11T00:00:00,2019-11-19T00:00:00
ESL Pro League Season 10 Europe,London,4699,12/10/19,Vitality,HEROIC,trn,17 - 20,-3,0.92,2019-10-11T00:00:00,2019-11-19T00:00:00
ESL Pro League Season 10 Europe,London,4699,11/10/19,Vitality,Sprout,inf,24 - 11,+13,1.68,2019-10-11T00:00:00,2019-11-19T00:00:00
ESL Pro League Season 10 Europe,London,4699,11/10/19,Vitality,Sprout,d2,14 - 17,-3,0.90,2019-10-11T00:00:00,2019-11-19T00:00:00
ESL Pro League Season 10 Europe,London,4699,11/10/19,Vitality,Sprout,nuke,17 - 17,0,1.04,2019-10-11T00:00:00,2019-11-19T00:00:00
DreamHack Masters Malmö 2019,Malmö,4553,06/10/19,Vitality,fnatic,mrg,28 - 20,+8,1.46,2019-10-01T00:00:00,2019-10-07T00:00:00
DreamHack Masters Malmö 2019,Malmö,4553,06/10/19,Vitality,fnatic,inf,30 - 21,+9,1.32,2019-10-01T00:00:00,2019-10-07T00:00:00
DreamHack Masters Malmö 2019,Malmö,4553,06/10/19,Vitality,fnatic,d2,24 - 19,+5,1.40,2019-10-01T00:00:00,2019-10-07T00:00:00
DreamHack Masters Malmö 2019,Malmö,4553,05/10/19,Vitality,Natus Vincere,d2,26 - 16,+10,1.51,2019-10-01T00:00:00,2019-10-07T00:00:00
DreamHack Masters Malmö 2019,Malmö,4553,05/10/19,Vitality,Natus Vincere,ovp,19 - 10,+9,1.55,2019-10-01T00:00:00,2019-10-07T00:00:00
DreamHack Masters Malmö 2019,Malmö,4553,05/10/19,Vitality,Natus Vincere,nuke,16 - 17,-1,0.97,2019-10-01T00:00:00,2019-10-07T00:00:00
DreamHack Masters Malmö 2019,Malmö,4553,04/10/19,Vitality,MOUZ,d2,19 - 15,+4,1.23,2019-10-01T00:00:00,2019-10-07T00:00:00
DreamHack Masters Malmö 2019,Malmö,4553,04/10/19,Vitality,MOUZ,inf,21 - 19,+2,1.16,2019-10-01T00:00:00,2019-10-07T00:00:00
DreamHack Masters Malmö 2019,Malmö,4553,04/10/19,Vitality,MOUZ,mrg,27 - 17,+10,1.44,2019-10-01T00:00:00,2019-10-07T00:00:00
DreamHack Masters Malmö 2019,Malmö,4553,03/10/19,Vitality,Astralis,d2,24 - 15,+9,1.16,2019-10-01T00:00:00,2019-10-07T00:00:00
DreamHack Masters Malmö 2019,Malmö,4553,03/10/19,Vitality,Astralis,vtg,22 - 17,+5,1.21,2019-10-01T00:00:00,2019-10-07T00:00:00
DreamHack Masters Malmö 2019,Malmö,4553,01/10/19,Vitality,ENCE,d2,26 - 11,+15,1.65,2019-10-01T00:00:00,2019-10-07T00:00:00
DreamHack Masters Malmö 2019,Malmö,4553,01/10/19,Vitality,ENCE,nuke,26 - 18,+8,1.33,2019-10-01T00:00:00,2019-10-07T00:00:00
DreamHack Masters Malmö 2019,Malmö,4553,01/10/19,Vitality,ENCE,inf,33 - 16,+17,1.54,2019-10-01T00:00:00,2019-10-07T00:00:00
DreamHack Masters Malmö 2019,Malmö,4553,01/10/19,Vitality,TYLOO,inf,22 - 11,+11,1.62,2019-10-01T00:00:00,2019-10-07T00:00:00
StarLadder Major Berlin 2019,Berlin,4443,05/09/19,Vitality,AVANGAR,d2,20 - 17,+3,1.04,2019-08-28T00:00:00,2019-09-06T00:00:00
StarLadder Major Berlin 2019,Berlin,4443,05/09/19,Vitality,AVANGAR,inf,28 - 12,+16,1.63,2019-08-28T00:00:00,2019-09-06T00:00:00
StarLadder Major Berlin 2019,Berlin,4443,05/09/19,Vitality,AVANGAR,mrg,12 - 18,-6,0.90,2019-08-28T00:00:00,2019-09-06T00:00:00
StarLadder Major Berlin 2019,Berlin,4443,31/08/19,Vitality,MOUZ,mrg,21 - 17,+4,1.52,2019-08-28T00:00:00,2019-09-06T00:00:00
StarLadder Major Berlin 2019,Berlin,4443,31/08/19,Vitality,MOUZ,vtg,19 - 12,+7,1.44,2019-08-28T00:00:00,2019-09-06T00:00:00
StarLadder Major Berlin 2019,Berlin,4443,30/08/19,Vitality,ENCE,d2,12 - 18,-6,0.72,2019-08-28T00:00:00,2019-09-06T00:00:00
StarLadder Major Berlin 2019,Berlin,4443,30/08/19,Vitality,ENCE,nuke,15 - 17,-2,0.84,2019-08-28T00:00:00,2019-09-06T00:00:00
StarLadder Major Berlin 2019,Berlin,4443,29/08/19,Vitality,FaZe,d2,24 - 11,+13,1.65,2019-08-28T00:00:00,2019-09-06T00:00:00
StarLadder Major Berlin 2019,Berlin,4443,28/08/19,Vitality,North,inf,21 - 15,+6,1.38,2019-08-28T00:00:00,2019-09-06T00:00:00
StarLadder Major 2019 Challengers Stage,Berlin,4450,26/08/19,Vitality,Grayhound,inf,17 - 18,-1,1.05,2019-08-23T00:00:00,2019-08-27T00:00:00
StarLadder Major 2019 Challengers Stage,Berlin,4450,26/08/19,Vitality,Grayhound,ovp,27 - 21,+6,1.35,2019-08-23T00:00:00,2019-08-27T00:00:00
StarLadder Major 2019 Challengers Stage,Berlin,4450,26/08/19,Vitality,Grayhound,d2,23 - 9,+14,1.74,2019-08-23T00:00:00,2019-08-27T00:00:00
StarLadder Major 2019 Challengers Stage,Berlin,4450,25/08/19,Vitality,HellRaisers,mrg,17 - 12,+5,1.15,2019-08-23T00:00:00,2019-08-27T00:00:00
StarLadder Major 2019 Challengers Stage,Berlin,4450,25/08/19,Vitality,HellRaisers,inf,31 - 10,+21,1.88,2019-08-23T00:00:00,2019-08-27T00:00:00
StarLadder Major 2019 Challengers Stage,Berlin,4450,24/08/19,Vitality,DreamEaters,inf,22 - 18,+4,1.08,2019-08-23T00:00:00,2019-08-27T00:00:00
StarLadder Major 2019 Challengers Stage,Berlin,4450,23/08/19,Vitality,INTZ,mrg,26 - 14,+12,1.79,2019-08-23T00:00:00,2019-08-27T00:00:00
StarLadder Major 2019 Challengers Stage,Berlin,4450,23/08/19,Vitality,Syman,d2,20 - 19,+1,1.21,2019-08-23T00:00:00,2019-08-27T00:00:00
IEM Chicago 2019,Chicago,4574,21/07/19,Vitality,Liquid,ovp,17 - 21,-4,0.91,2019-07-18T00:00:00,2019-07-22T00:00:00
IEM Chicago 2019,Chicago,4574,21/07/19,Vitality,Liquid,d2,22 - 20,+2,1.21,2019-07-18T00:00:00,2019-07-22T00:00:00
IEM Chicago 2019,Chicago,4574,20/07/19,Vitality,HEROIC,ovp,20 - 15,+5,1.31,2019-07-18T00:00:00,2019-07-22T00:00:00
IEM Chicago 2019,Chicago,4574,20/07/19,Vitality,HEROIC,d2,26 - 16,+10,1.57,2019-07-18T00:00:00,2019-07-22T00:00:00
IEM Chicago 2019,Chicago,4574,20/07/19,Vitality,HEROIC,mrg,23 - 14,+9,1.61,2019-07-18T00:00:00,2019-07-22T00:00:00
IEM Chicago 2019,Chicago,4574,19/07/19,Vitality,Renegades,d2,14 - 12,+2,1.29,2019-07-18T00:00:00,2019-07-22T00:00:00
IEM Chicago 2019,Chicago,4574,19/07/19,Vitality,Renegades,mrg,24 - 18,+6,1.23,2019-07-18T00:00:00,2019-07-22T00:00:00
IEM Chicago 2019,Chicago,4574,18/07/19,Vitality,HEROIC,nuke,10 - 18,-8,0.61,2019-07-18T00:00:00,2019-07-22T00:00:00
IEM Chicago 2019,Chicago,4574,18/07/19,Vitality,HEROIC,ovp,24 - 19,+5,1.21,2019-07-18T00:00:00,2019-07-22T00:00:00
ESEA Season 31 Global Challenge,Dallas,4504,14/07/19,Vitality,FURIA,inf,11 - 19,-8,0.82,2019-07-13T00:00:00,2019-07-15T00:00:00
ESEA Season 31 Global Challenge,Dallas,4504,14/07/19,Vitality,FURIA,trn,13 - 20,-7,0.86,2019-07-13T00:00:00,2019-07-15T00:00:00
ESEA Season 31 Global Challenge,Dallas,4504,13/07/19,Vitality,Spirit,trn,17 - 13,+4,1.27,2019-07-13T00:00:00,2019-07-15T00:00:00
ESEA Season 31 Global Challenge,Dallas,4504,13/07/19,Vitality,Party Astronauts,inf,17 - 13,+4,1.40,2019-07-13T00:00:00,2019-07-15T00:00:00
ESEA MDL Season 31 Europe Finals,Dallas,4692,12/07/19,Vitality,Sprout,mrg,23 - 15,+8,1.38,2019-07-12T00:00:00,2019-07-13T00:00:00
ESEA MDL Season 31 Europe Finals,Dallas,4692,12/07/19,Vitality,Sprout,ovp,30 - 21,+9,1.37,2019-07-12T00:00:00,2019-07-13T00:00:00
ESL One Cologne 2019,Cologne,4281,07/07/19,Vitality,Liquid,mrg,15 - 18,-3,0.93,2019-07-02T00:00:00,2019-07-08T00:00:00
ESL One Cologne 2019,Cologne,4281,07/07/19,Vitality,Liquid,inf,26 - 18,+8,1.38,2019-07-02T00:00:00,2019-07-08T00:00:00
ESL One Cologne 2019,Cologne,4281,07/07/19,Vitality,Liquid,d2,33 - 20,+13,1.28,2019-07-02T00:00:00,2019-07-08T00:00:00
ESL One Cologne 2019,Cologne,4281,07/07/19,Vitality,Liquid,ovp,13 - 17,-4,0.68,2019-07-02T00:00:00,2019-07-08T00:00:00
ESL One Cologne 2019,Cologne,4281,06/07/19,Vitality,Astralis,ovp,20 - 12,+8,1.52,2019-07-02T00:00:00,2019-07-08T00:00:00
ESL One Cologne 2019,Cologne,4281,06/07/19,Vitality,Astralis,inf,30 - 28,+2,1.13,2019-07-02T00:00:00,2019-07-08T00:00:00
ESL One Cologne 2019,Cologne,4281,06/07/19,Vitality,Astralis,d2,25 - 12,+13,1.59,2019-07-02T00:00:00,2019-07-08T00:00:00
ESL One Cologne 2019,Cologne,4281,05/07/19,Vitality,NRG,mrg,29 - 12,+17,2.05,2019-07-02T00:00:00,2019-07-08T00:00:00
ESL One Cologne 2019,Cologne,4281,05/07/19,Vitality,NRG,d2,23 - 9,+14,1.69,2019-07-02T00:00:00,2019-07-08T00:00:00
ESL One Cologne 2019,Cologne,4281,04/07/19,Vitality,HEROIC,inf,25 - 20,+5,1.20,2019-07-02T00:00:00,2019-07-08T00:00:00
ESL One Cologne 2019,Cologne,4281,04/07/19,Vitality,HEROIC,ovp,27 - 16,+11,1.46,2019-07-02T00:00:00,2019-07-08T00:00:00
ESL One Cologne 2019,Cologne,4281,04/07/19,Vitality,fnatic,ovp,32 - 19,+13,1.45,2019-07-02T00:00:00,2019-07-08T00:00:00
ESL One Cologne 2019,Cologne,4281,04/07/19,Vitality,fnatic,mrg,33 - 20,+13,1.39,2019-07-02T00:00:00,2019-07-08T00:00:00
ESL One Cologne 2019,Cologne,4281,03/07/19,Vitality,ENCE,inf,18 - 11,+7,1.25,2019-07-02T00:00:00,2019-07-08T00:00:00
ESL One Cologne 2019,Cologne,4281,03/07/19,Vitality,ENCE,nuke,22 - 18,+4,1.14,2019-07-02T00:00:00,2019-07-08T00:00:00
ESL One Cologne 2019,Cologne,4281,03/07/19,Vitality,ENCE,ovp,26 - 12,+14,1.72,2019-07-02T00:00:00,2019-07-08T00:00:00
ESL One Cologne 2019,Cologne,4281,02/07/19,Vitality,Ninjas in Pyjamas,d2,16 - 19,-3,1.00,2019-07-02T00:00:00,2019-07-08T00:00:00
ECS Season 7 Finals,London,4411,09/06/19,Vitality,FURIA,ovp,25 - 6,+19,2.14,2019-06-06T00:00:00,2019-06-10T00:00:00
ECS Season 7 Finals,London,4411,09/06/19,Vitality,FURIA,inf,23 - 14,+9,1.56,2019-06-06T00:00:00,2019-06-10T00:00:00
ECS Season 7 Finals,London,4411,08/06/19,Vitality,NRG,mrg,26 - 12,+14,1.74,2019-06-06T00:00:00,2019-06-10T00:00:00
ECS Season 7 Finals,London,4411,08/06/19,Vitality,NRG,ovp,36 - 20,+16,1.72,2019-06-06T00:00:00,2019-06-10T00:00:00
ECS Season 7 Finals,London,4411,07/06/19,Vitality,Complexity,nuke,19 - 15,+4,1.32,2019-06-06T00:00:00,2019-06-10T00:00:00
ECS Season 7 Finals,London,4411,07/06/19,Vitality,Complexity,d2,24 - 18,+6,1.38,2019-06-06T00:00:00,2019-06-10T00:00:00
ECS Season 7 Finals,London,4411,06/06/19,Vitality,North,d2,12 - 18,-6,0.82,2019-06-06T00:00:00,2019-06-10T00:00:00
ECS Season 7 Finals,London,4411,06/06/19,Vitality,North,inf,15 - 15,0,1.00,2019-06-06T00:00:00,2019-06-10T00:00:00
ECS Season 7 Finals,London,4411,06/06/19,Vitality,North,nuke,21 - 17,+4,1.29,2019-06-06T00:00:00,2019-06-10T00:00:00
ECS Season 7 Finals,London,4411,06/06/19,Vitality,Complexity,d2,21 - 10,+11,1.33,2019-06-06T00:00:00,2019-06-10T00:00:00
DreamHack Masters Dallas 2019,Dallas,4177,31/05/19,Vitality,FURIA,nuke,15 - 22,-7,0.91,2019-05-28T00:00:00,2019-06-01T00:00:00
DreamHack Masters Dallas 2019,Dallas,4177,31/05/19,Vitality,FURIA,inf,25 - 16,+9,1.69,2019-05-28T00:00:00,2019-06-01T00:00:00
DreamHack Masters Dallas 2019,Dallas,4177,30/05/19,Vitality,North,mrg,19 - 14,+5,1.10,2019-05-28T00:00:00,2019-06-01T00:00:00
DreamHack Masters Dallas 2019,Dallas,4177,30/05/19,Vitality,North,nuke,21 - 13,+8,1.36,2019-05-28T00:00:00,2019-06-01T00:00:00
DreamHack Masters Dallas 2019,Dallas,4177,29/05/19,Vitality,Ninjas in Pyjamas,d2,21 - 17,+4,1.14,2019-05-28T00:00:00,2019-06-01T00:00:00
DreamHack Masters Dallas 2019,Dallas,4177,29/05/19,Vitality,Ninjas in Pyjamas,ovp,16 - 12,+4,1.28,2019-05-28T00:00:00,2019-06-01T00:00:00
DreamHack Masters Dallas 2019,Dallas,4177,29/05/19,Vitality,Lucid Dream,nuke,21 - 3,+18,2.13,2019-05-28T00:00:00,2019-06-01T00:00:00
DreamHack Masters Dallas 2019,Dallas,4177,29/05/19,Vitality,Lucid Dream,d2,20 - 7,+13,1.66,2019-05-28T00:00:00,2019-06-01T00:00:00
DreamHack Masters Dallas 2019,Dallas,4177,28/05/19,Vitality,North,ovp,21 - 19,+2,1.18,2019-05-28T00:00:00,2019-06-01T00:00:00
cs_summit 4,Los Angeles,4566,27/05/19,Vitality,Liquid,ovp,22 - 17,+5,1.30,2019-05-23T00:00:00,2019-05-28T00:00:00
cs_summit 4,Los Angeles,4566,27/05/19,Vitality,Liquid,nuke,24 - 10,+14,1.61,2019-05-23T00:00:00,2019-05-28T00:00:00
cs_summit 4,Los Angeles,4566,26/05/19,Vitality,ENCE,inf,31 - 22,+9,1.38,2019-05-23T00:00:00,2019-05-28T00:00:00
cs_summit 4,Los Angeles,4566,26/05/19,Vitality,ENCE,ovp,37 - 15,+22,2.18,2019-05-23T00:00:00,2019-05-28T00:00:00
cs_summit 4,Los Angeles,4566,26/05/19,Vitality,ENCE,mrg,17 - 21,-4,0.81,2019-05-23T00:00:00,2019-05-28T00:00:00
cs_summit 4,Los Angeles,4566,26/05/19,Vitality,Renegades,mrg,25 - 20,+5,1.21,2019-05-23T00:00:00,2019-05-28T00:00:00
cs_summit 4,Los Angeles,4566,25/05/19,Vitality,Renegades,vtg,21 - 16,+5,1.18,2019-05-23T00:00:00,2019-05-28T00:00:00
cs_summit 4,Los Angeles,4566,25/05/19,Vitality,ENCE,nuke,22 - 16,+6,1.52,2019-05-23T00:00:00,2019-05-28T00:00:00
cs_summit 4,Los Angeles,4566,25/05/19,Vitality,ENCE,ovp,20 - 11,+9,1.37,2019-05-23T00:00:00,2019-05-28T00:00:00
cs_summit 4,Los Angeles,4566,24/05/19,Vitality,Liquid,mrg,34 - 16,+18,1.79,2019-05-23T00:00:00,2019-05-28T00:00:00
cs_summit 4,Los Angeles,4566,24/05/19,Vitality,Liquid,nuke,15 - 12,+3,1.46,2019-05-23T00:00:00,2019-05-28T00:00:00
cs_summit 4,Los Angeles,4566,24/05/19,Vitality,NRG,inf,17 - 12,+5,1.29,2019-05-23T00:00:00,2019-05-28T00:00:00
cs_summit 4,Los Angeles,4566,24/05/19,Vitality,NRG,nuke,31 - 28,+3,1.08,2019-05-23T00:00:00,2019-05-28T00:00:00
cs_summit 4,Los Angeles,4566,23/05/19,Vitality,Ghost,ovp,17 - 14,+3,1.09,2019-05-23T00:00:00,2019-05-28T00:00:00
cs_summit 4,Los Angeles,4566,23/05/19,Vitality,Ghost,mrg,35 - 27,+8,1.28,2019-05-23T00:00:00,2019-05-28T00:00:00
Charleroi Esports,Charleroi,4317,14/04/19,Vitality,Sprout,cch,16 - 9,+7,1.21,2019-04-12T00:00:00,2019-04-15T00:00:00
Charleroi Esports,Charleroi,4317,14/04/19,Vitality,Sprout,inf,29 - 13,+16,1.73,2019-04-12T00:00:00,2019-04-15T00:00:00
Charleroi Esports,Charleroi,4317,14/04/19,Vitality,G2,cch,20 - 9,+11,1.66,2019-04-12T00:00:00,2019-04-15T00:00:00
Charleroi Esports,Charleroi,4317,14/04/19,Vitality,G2,ovp,27 - 22,+5,1.19,2019-04-12T00:00:00,2019-04-15T00:00:00
Charleroi Esports,Charleroi,4317,14/04/19,Vitality,G2,nuke,20 - 15,+5,1.08,2019-04-12T00:00:00,2019-04-15T00:00:00
Charleroi Esports,Charleroi,4317,12/04/19,Vitality,Sprout,mrg,13 - 13,0,1.09,2019-04-12T00:00:00,2019-04-15T00:00:00
Charleroi Esports,Charleroi,4317,12/04/19,Vitality,FrostFire,cch,20 - 13,+7,1.46,2019-04-12T00:00:00,2019-04-15T00:00:00
StarSeries i-League Season 7,Shanghai,4240,05/04/19,Vitality,NRG,mrg,26 - 19,+7,1.26,2019-03-30T00:00:00,2019-04-06T00:00:00
StarSeries i-League Season 7,Shanghai,4240,05/04/19,Vitality,NRG,ovp,30 - 33,-3,0.97,2019-03-30T00:00:00,2019-04-06T00:00:00
StarSeries i-League Season 7,Shanghai,4240,02/04/19,Vitality,Spirit,inf,25 - 17,+8,1.36,2019-03-30T00:00:00,2019-04-06T00:00:00
StarSeries i-League Season 7,Shanghai,4240,02/04/19,Vitality,Spirit,d2,15 - 17,-2,1.05,2019-03-30T00:00:00,2019-04-06T00:00:00
StarSeries i-League Season 7,Shanghai,4240,02/04/19,Vitality,Spirit,mrg,16 - 17,-1,0.86,2019-03-30T00:00:00,2019-04-06T00:00:00
StarSeries i-League Season 7,Shanghai,4240,01/04/19,Vitality,fnatic,nuke,20 - 19,+1,1.11,2019-03-30T00:00:00,2019-04-06T00:00:00
StarSeries i-League Season 7,Shanghai,4240,01/04/19,Vitality,fnatic,mrg,17 - 18,-1,1.11,2019-03-30T00:00:00,2019-04-06T00:00:00
StarSeries i-League Season 7,Shanghai,4240,31/03/19,Vitality,ENCE,inf,19 - 18,+1,1.22,2019-03-30T00:00:00,2019-04-06T00:00:00
StarSeries i-League Season 7,Shanghai,4240,31/03/19,Vitality,ENCE,d2,21 - 9,+12,1.83,2019-03-30T00:00:00,2019-04-06T00:00:00
StarSeries i-League Season 7,Shanghai,4240,31/03/19,Vitality,ENCE,mrg,24 - 19,+5,1.27,2019-03-30T00:00:00,2019-04-06T00:00:00
StarSeries i-League Season 7,Shanghai,4240,30/03/19,Vitality,BIG,d2,34 - 14,+20,2.13,2019-03-30T00:00:00,2019-04-06T00:00:00
StarSeries i-League Season 7,Shanghai,4240,30/03/19,Vitality,BIG,ovp,24 - 20,+4,1.15,2019-03-30T00:00:00,2019-04-06T00:00:00
IEM Katowice 2019,Katowice,3883,24/02/19,Vitality,Ninjas in Pyjamas,mrg,15 - 19,-4,0.91,2019-02-20T00:00:00,2019-02-25T00:00:00
IEM Katowice 2019,Katowice,3883,24/02/19,Vitality,Ninjas in Pyjamas,ovp,26 - 16,+10,1.53,2019-02-20T00:00:00,2019-02-25T00:00:00
IEM Katowice 2019,Katowice,3883,24/02/19,Vitality,Ninjas in Pyjamas,cch,12 - 16,-4,0.95,2019-02-20T00:00:00,2019-02-25T00:00:00
IEM Katowice 2019,Katowice,3883,22/02/19,Vitality,Renegades,inf,18 - 18,0,0.92,2019-02-20T00:00:00,2019-02-25T00:00:00
IEM Katowice 2019,Katowice,3883,22/02/19,Vitality,Renegades,cch,17 - 16,+1,1.11,2019-02-20T00:00:00,2019-02-25T00:00:00
IEM Katowice 2019,Katowice,3883,22/02/19,Vitality,Renegades,d2,12 - 17,-5,0.77,2019-02-20T00:00:00,2019-02-25T00:00:00
IEM Katowice 2019,Katowice,3883,21/02/19,Vitality,Cloud9,mrg,26 - 21,+5,1.43,2019-02-20T00:00:00,2019-02-25T00:00:00
IEM Katowice 2019,Katowice,3883,20/02/19,Vitality,Natus Vincere,mrg,32 - 31,+1,1.05,2019-02-20T00:00:00,2019-02-25T00:00:00
IEM Katowice 2019,Katowice,3883,20/02/19,Vitality,BIG,mrg,27 - 15,+12,1.64,2019-02-20T00:00:00,2019-02-25T00:00:00
IEM Katowice 2019 Challengers Stage,Katowice,3884,15/02/19,Vitality,ViCi,nuke,24 - 14,+10,1.31,2019-02-13T00:00:00,2019-02-16T00:00:00
IEM Katowice 2019 Challengers Stage,Katowice,3884,15/02/19,Vitality,ViCi,inf,41 - 30,+11,1.36,2019-02-13T00:00:00,2019-02-16T00:00:00
IEM Katowice 2019 Challengers Stage,Katowice,3884,14/02/19,Vitality,Vega Squadron,ovp,17 - 4,+13,1.74,2019-02-13T00:00:00,2019-02-16T00:00:00
IEM Katowice 2019 Challengers Stage,Katowice,3884,13/02/19,Vitality,Grayhound,nuke,33 - 24,+9,1.42,2019-02-13T00:00:00,2019-02-16T00:00:00
IEM Katowice 2019 Challengers Stage,Katowice,3884,13/02/19,Vitality,TYLOO,inf,15 - 18,-3,0.88,2019-02-13T00:00:00,2019-02-16T00:00:00
Europe Minor - IEM Katowice 2019,Katowice,4208,20/01/19,Vitality,North,inf,22 - 14,+8,1.47,2019-01-16T00:00:00,2019-01-21T00:00:00
Europe Minor - IEM Katowice 2019,Katowice,4208,20/01/19,Vitality,North,nuke,25 - 7,+18,1.97,2019-01-16T00:00:00,2019-01-21T00:00:00
Europe Minor - IEM Katowice 2019,Katowice,4208,20/01/19,Vitality,North,mrg,22 - 17,+5,1.34,2019-01-16T00:00:00,2019-01-21T00:00:00
Europe Minor - IEM Katowice 2019,Katowice,4208,19/01/19,Vitality,Valiance,inf,32 - 19,+13,1.78,2019-01-16T00:00:00,2019-01-21T00:00:00
Europe Minor - IEM Katowice 2019,Katowice,4208,19/01/19,Vitality,Valiance,d2,20 - 17,+3,1.21,2019-01-16T00:00:00,2019-01-21T00:00:00
Europe Minor - IEM Katowice 2019,Katowice,4208,19/01/19,Vitality,Valiance,cch,19 - 18,+1,1.23,2019-01-16T00:00:00,2019-01-21T00:00:00
Europe Minor - IEM Katowice 2019,Katowice,4208,18/01/19,Vitality,North,d2,10 - 18,-8,0.72,2019-01-16T00:00:00,2019-01-21T00:00:00
Europe Minor - IEM Katowice 2019,Katowice,4208,18/01/19,Vitality,North,nuke,28 - 21,+7,1.34,2019-01-16T00:00:00,2019-01-21T00:00:00
Europe Minor - IEM Katowice 2019,Katowice,4208,16/01/19,Vitality,Valiance,d2,18 - 7,+11,1.62,2019-01-16T00:00:00,2019-01-21T00:00:00
Europe Minor - IEM Katowice 2019,Katowice,4208,16/01/19,Vitality,Valiance,inf,17 - 18,-1,0.99,2019-01-16T00:00:00,2019-01-21T00:00:00
Europe Minor - IEM Katowice 2019,Katowice,4208,16/01/19,Vitality,Valiance,mrg,37 - 23,+14,1.55,2019-01-16T00:00:00,2019-01-21T00:00:00
Europe Minor - IEM Katowice 2019,Katowice,4208,16/01/19,Vitality,OpTic,d2,22 - 12,+10,1.56,2019-01-16T00:00:00,2019-01-21T00:00:00
DreamHack Open Atlanta 2018,Atlanta,3429,19/11/18,Vitality,Luminosity,ovp,19 - 11,+8,1.41,2018-11-16T00:00:00,2018-11-20T00:00:00
DreamHack Open Atlanta 2018,Atlanta,3429,19/11/18,Vitality,Luminosity,mrg,18 - 6,+12,1.58,2018-11-16T00:00:00,2018-11-20T00:00:00
DreamHack Open Atlanta 2018,Atlanta,3429,18/11/18,Vitality,Complexity,nuke,31 - 11,+20,2.07,2018-11-16T00:00:00,2018-11-20T00:00:00
DreamHack Open Atlanta 2018,Atlanta,3429,18/11/18,Vitality,Complexity,trn,31 - 10,+21,2.16,2018-11-16T00:00:00,2018-11-20T00:00:00
DreamHack Open Atlanta 2018,Atlanta,3429,18/11/18,Vitality,Complexity,d2,19 - 19,0,0.98,2018-11-16T00:00:00,2018-11-20T00:00:00
DreamHack Open Atlanta 2018,Atlanta,3429,18/11/18,Vitality,Rogue,ovp,27 - 17,+10,1.76,2018-11-16T00:00:00,2018-11-20T00:00:00
DreamHack Open Atlanta 2018,Atlanta,3429,18/11/18,Vitality,Rogue,nuke,17 - 11,+6,1.38,2018-11-16T00:00:00,2018-11-20T00:00:00
DreamHack Open Atlanta 2018,Atlanta,3429,17/11/18,Vitality,Fragsters,cch,18 - 15,+3,1.30,2018-11-16T00:00:00,2018-11-20T00:00:00
DreamHack Open Atlanta 2018,Atlanta,3429,17/11/18,Vitality,Fragsters,d2,21 - 10,+11,1.57,2018-11-16T00:00:00,2018-11-20T00:00:00
DreamHack Open Atlanta 2018,Atlanta,3429,16/11/18,Vitality,Ghost,cch,20 - 21,-1,1.09,2018-11-16T00:00:00,2018-11-20T00:00:00
FACEIT Major 2018 Showmatch,London,4088,23/09/18,Team rain,Team smooya,mrg,26 - 23,+3,1.11,2018-09-23T00:00:00,2018-09-24T00:00:00
ESL National Championship France Summer 2018,Paris,3855,30/06/18,aAa,LDLC,inf,21 - 12,+9,1.53,2018-06-30T00:00:00,2018-07-01T00:00:00
ESL National Championship France Summer 2018,Paris,3855,30/06/18,aAa,LDLC,trn,22 - 13,+9,1.70,2018-06-30T00:00:00,2018-07-01T00:00:00
ESL National Championship France Summer 2018,Paris,3855,30/06/18,aAa,LDLC,nuke,27 - 20,+7,1.46,2018-06-30T00:00:00,2018-07-01T00:00:00
ESL National Championship France Summer 2018,Paris,3855,30/06/18,aAa,MAXISAUCISSE,inf,37 - 14,+23,2.10,2018-06-30T00:00:00,2018-07-01T00:00:00
ESL National Championship France Summer 2018,Paris,3855,30/06/18,aAa,MAXISAUCISSE,trn,33 - 15,+18,1.73,2018-06-30T00:00:00,2018-07-01T00:00:00
ESL National Championship France Winter 2017,Paris,3448,16/12/17,aAa,EnVyUs Academy,trn,23 - 22,+1,1.14,2017-12-16T00:00:00,2017-12-17T00:00:00
ESL National Championship France Winter 2017,Paris,3448,16/12/17,aAa,EnVyUs Academy,inf,23 - 16,+7,1.61,2017-12-16T00:00:00,2017-12-17T00:00:00
ESL National Championship France Winter 2017,Paris,3448,16/12/17,aAa,EnVyUs Academy,nuke,13 - 16,-3,0.90,2017-12-16T00:00:00,2017-12-17T00:00:00
ESL National Championship France Winter 2017,Paris,3448,16/12/17,aAa,Vexed,cbl,26 - 20,+6,1.44,2017-12-16T00:00:00,2017-12-17T00:00:00
ESL National Championship France Winter 2017,Paris,3448,16/12/17,aAa,Vexed,ovp,13 - 18,-5,1.00,2017-12-16T00:00:00,2017-12-17T00:00:00
ESL National Championship France Winter 2017,Paris,3448,16/12/17,aAa,Vexed,inf,30 - 18,+12,1.55,2017-12-16T00:00:00,2017-12-17T00:00:00
ESWC 2017,Paris,3232,03/11/17,aAa,ARES,cch,35 - 24,+11,1.43,2017-11-02T00:00:00,2017-11-04T00:00:00
ESWC 2017,Paris,3232,03/11/17,aAa,ARES,ovp,26 - 5,+21,2.18,2017-11-02T00:00:00,2017-11-04T00:00:00
ESWC 2017,Paris,3232,03/11/17,aAa,LDLC,inf,26 - 21,+5,1.42,2017-11-02T00:00:00,2017-11-04T00:00:00
ESWC 2017,Paris,3232,03/11/17,aAa,LDLC,nuke,11 - 14,-3,0.71,2017-11-02T00:00:00,2017-11-04T00:00:00
ESWC 2017,Paris,3232,02/11/17,aAa,ARES,nuke,23 - 15,+8,1.78,2017-11-02T00:00:00,2017-11-04T00:00:00
ESWC 2017,Paris,3232,02/11/17,aAa,ARES,inf,14 - 22,-8,0.76,2017-11-02T00:00:00,2017-11-04T00:00:00
ESWC 2017,Paris,3232,02/11/17,aAa,BIG,cbl,12 - 17,-5,0.84,2017-11-02T00:00:00,2017-11-04T00:00:00
ESWC 2017,Paris,3232,02/11/17,aAa,BIG,ovp,32 - 22,+10,1.60,2017-11-02T00:00:00,2017-11-04T00:00:00
ESL National Championship France Summer 2017,Paris,2940,01/07/17,WySix,EnVyUs Academy,mrg,22 - 17,+5,1.43,2017-07-01T00:00:00,2017-07-02T00:00:00
ESL National Championship France Summer 2017,Paris,2940,01/07/17,WySix,EnVyUs Academy,trn,47 - 23,+24,1.95,2017-07-01T00:00:00,2017-07-02T00:00:00
ESL National Championship France Summer 2017,Paris,2940,01/07/17,WySix,MAXISAUCISSE,nuke,25 - 18,+7,1.32,2017-07-01T00:00:00,2017-07-02T00:00:00
ESL National Championship France Summer 2017,Paris,2940,01/07/17,WySix,MAXISAUCISSE,mrg,25 - 25,0,1.19,2017-07-01T00:00:00,2017-07-02T00:00:00
ESL National Championship France Summer 2017,Paris,2940,01/07/17,WySix,MAXISAUCISSE,cbl,29 - 11,+18,2.57,2017-07-01T00:00:00,2017-07-02T00:00:00
Epsilan 14,Champagne-au-Mont-d'Or,2707,05/03/17,WySix,Epsilon,mrg,29 - 27,+2,1.03,2017-03-05T00:00:00,2017-03-06T00:00:00
Epsilan 14,Champagne-au-Mont-d'Or,2707,05/03/17,WySix,LCM,cbl,24 - 12,+12,1.77,2017-03-05T00:00:00,2017-03-06T00:00:00
Epsilan 14,Champagne-au-Mont-d'Or,2707,05/03/17,WySix,BlackBelts,cbl,20 - 4,+16,1.99,2017-03-05T00:00:00,2017-03-06T00:00:00
Pasino Gaming Days 2017 by LanEx,Saint-Amand-les-Eaux,2689,12/02/17,E-Corp,Sector One,ovp,20 - 20,0,1.14,2017-02-12T00:00:00,2017-02-13T00:00:00
Pasino Gaming Days 2017 by LanEx,Saint-Amand-les-Eaux,2689,12/02/17,E-Corp,Sector One,cch,11 - 18,-7,0.69,2017-02-12T00:00:00,2017-02-13T00:00:00
Pasino Gaming Days 2017 by LanEx,Saint-Amand-les-Eaux,2689,12/02/17,E-Corp,Sector One,mrg,26 - 13,+13,1.60,2017-02-12T00:00:00,2017-02-13T00:00:00
Pasino Gaming Days 2017 by LanEx,Saint-Amand-les-Eaux,2689,12/02/17,E-Corp,Sector One,cch,29 - 18,+11,1.84,2017-02-12T00:00:00,2017-02-13T00:00:00
Pasino Gaming Days 2017 by LanEx,Saint-Amand-les-Eaux,2689,12/02/17,E-Corp,Sector One,nuke,27 - 28,-1,1.18,2017-02-12T00:00:00,2017-02-13T00:00:00
